prompt_id,session_id,category,tokens
P00001,S04531,Learning,119
P00002,S05637,Coding,87
P00003,S07283,Learning,381
P00004,S00173,Coding,570
P00005,S00940,Business,141
P00006,S01411,Business,620
P00007,S04602,Research,392
P00008,S03992,Image Generation,298
P00009,S04352,Learning,57
P00010,S06511,Image Generation,488
P00011,S03227,Learning,331
P00012,S07465,Business,459
P00013,S02091,Business,630
P00014,S05736,Image Generation,526
P00015,S05540,Learning,469
P00016,S03697,Business,381
P00017,S06515,Image Generation,427
P00018,S03442,Coding,467
P00019,S02947,Research,404
P00020,S06557,Learning,70
P00021,S02821,Writing,364
P00022,S03982,Image Generation,128
P00023,S02943,Learning,603
P00024,S06438,Image Generation,732
P00025,S02913,Research,566
P00026,S06994,Business,662
P00027,S04199,Research,267
P00028,S06176,Writing,161
P00029,S05666,Learning,242
P00030,S05791,Writing,504
P00031,S07200,Image Generation,760
P00032,S01185,Image Generation,444
P00033,S06770,Writing,469
P00034,S06835,Image Generation,761
P00035,S04289,Learning,676
P00036,S02802,Writing,442
P00037,S00615,Research,487
P00038,S00051,Learning,104
P00039,S04503,Learning,701
P00040,S04904,Business,734
P00041,S05600,Coding,229
P00042,S04340,Research,592
P00043,S05239,Writing,405
P00044,S02917,Writing,555
P00045,S01638,Business,60
P00046,S07050,Coding,220
P00047,S06058,Learning,657
P00048,S01266,Business,73
P00049,S07237,Writing,178
P00050,S07230,Image Generation,387
P00051,S00505,Coding,798
P00052,S07332,Learning,730
P00053,S00717,Writing,230
P00054,S04688,Learning,69
P00055,S07374,Coding,717
P00056,S06341,Writing,166
P00057,S00616,Business,469
P00058,S05029,Research,188
P00059,S07399,Coding,150
P00060,S05999,Coding,697
P00061,S04965,Research,403
P00062,S02928,Writing,197
P00063,S00270,Research,60
P00064,S00691,Research,654
P00065,S04610,Coding,645
P00066,S06194,Writing,108
P00067,S04002,Image Generation,319
P00068,S05411,Writing,435
P00069,S06367,Writing,171
P00070,S07161,Business,283
P00071,S00721,Learning,687
P00072,S04221,Writing,508
P00073,S01698,Research,665
P00074,S00508,Writing,342
P00075,S00555,Coding,151
P00076,S00475,Learning,120
P00077,S03790,Writing,322
P00078,S02215,Coding,52
P00079,S00028,Image Generation,585
P00080,S05205,Learning,272
P00081,S00258,Image Generation,126
P00082,S05402,Business,198
P00083,S04539,Writing,622
P00084,S01481,Coding,323
P00085,S02545,Coding,654
P00086,S03950,Image Generation,527
P00087,S05573,Learning,233
P00088,S01400,Coding,626
P00089,S03328,Image Generation,183
P00090,S03184,Coding,552
P00091,S06230,Image Generation,94
P00092,S00770,Business,800
P00093,S02548,Research,137
P00094,S02581,Image Generation,61
P00095,S06318,Image Generation,138
P00096,S07003,Research,398
P00097,S00095,Business,281
P00098,S07307,Coding,169
P00099,S03518,Writing,542
P00100,S02382,Research,113
P00101,S03704,Learning,85
P00102,S03301,Coding,644
P00103,S04449,Research,293
P00104,S02855,Research,769
P00105,S03035,Research,425
P00106,S02981,Research,520
P00107,S00496,Business,125
P00108,S05893,Writing,310
P00109,S03258,Business,650
P00110,S06583,Research,101
P00111,S03199,Image Generation,397
P00112,S04766,Writing,90
P00113,S02643,Image Generation,735
P00114,S04700,Coding,328
P00115,S01446,Image Generation,104
P00116,S00456,Learning,444
P00117,S07165,Coding,258
P00118,S01537,Coding,373
P00119,S03842,Coding,71
P00120,S04230,Research,536
P00121,S03544,Image Generation,537
P00122,S07229,Research,206
P00123,S05000,Image Generation,85
P00124,S02167,Coding,744
P00125,S03698,Coding,682
P00126,S00986,Coding,478
P00127,S00793,Coding,243
P00128,S05390,Writing,667
P00129,S01010,Learning,390
P00130,S01052,Writing,219
P00131,S03847,Coding,294
P00132,S04109,Image Generation,580
P00133,S00344,Research,737
P00134,S07336,Business,294
P00135,S00371,Learning,300
P00136,S07233,Writing,491
P00137,S04625,Writing,424
P00138,S04184,Writing,280
P00139,S02845,Business,244
P00140,S03242,Learning,658
P00141,S06017,Image Generation,780
P00142,S07342,Learning,545
P00143,S04217,Writing,285
P00144,S06771,Learning,237
P00145,S02621,Learning,290
P00146,S02421,Image Generation,378
P00147,S02652,Learning,712
P00148,S03779,Image Generation,131
P00149,S01331,Business,164
P00150,S01315,Image Generation,623
P00151,S03138,Business,699
P00152,S01620,Coding,289
P00153,S05384,Learning,106
P00154,S00937,Business,379
P00155,S01514,Coding,64
P00156,S05370,Writing,712
P00157,S00804,Writing,660
P00158,S07122,Coding,421
P00159,S07263,Learning,658
P00160,S04169,Image Generation,416
P00161,S01569,Image Generation,560
P00162,S01694,Learning,395
P00163,S04198,Writing,144
P00164,S05748,Business,645
P00165,S02502,Business,647
P00166,S03218,Research,275
P00167,S05354,Image Generation,251
P00168,S07141,Business,345
P00169,S01279,Business,655
P00170,S03808,Coding,152
P00171,S01548,Writing,314
P00172,S06559,Image Generation,331
P00173,S06361,Writing,182
P00174,S05943,Writing,416
P00175,S06627,Image Generation,617
P00176,S02527,Research,242
P00177,S06212,Writing,470
P00178,S05982,Image Generation,779
P00179,S00280,Coding,774
P00180,S07242,Writing,697
P00181,S03727,Image Generation,589
P00182,S05113,Writing,483
P00183,S04841,Learning,407
P00184,S04026,Learning,624
P00185,S01872,Image Generation,637
P00186,S05657,Image Generation,346
P00187,S05178,Writing,605
P00188,S06423,Business,106
P00189,S04622,Image Generation,378
P00190,S05530,Research,526
P00191,S07090,Research,61
P00192,S06783,Writing,688
P00193,S07059,Image Generation,494
P00194,S06752,Coding,456
P00195,S02734,Research,732
P00196,S06564,Writing,398
P00197,S05293,Coding,224
P00198,S03382,Business,479
P00199,S03702,Research,437
P00200,S03541,Business,334
P00201,S01291,Writing,113
P00202,S04055,Research,753
P00203,S02901,Business,359
P00204,S02565,Writing,302
P00205,S01420,Business,469
P00206,S03313,Research,278
P00207,S03853,Research,50
P00208,S05613,Writing,82
P00209,S02367,Research,763
P00210,S06219,Business,90
P00211,S00125,Business,512
P00212,S00570,Research,650
P00213,S05468,Coding,457
P00214,S01341,Coding,209
P00215,S02187,Coding,543
P00216,S05229,Writing,114
P00217,S02047,Learning,281
P00218,S04949,Image Generation,161
P00219,S04926,Writing,263
P00220,S05849,Image Generation,180
P00221,S04283,Image Generation,432
P00222,S07077,Coding,229
P00223,S02470,Coding,493
P00224,S05359,Coding,334
P00225,S05785,Business,628
P00226,S05850,Learning,603
P00227,S00279,Writing,668
P00228,S01552,Learning,313
P00229,S07262,Learning,304
P00230,S01312,Image Generation,197
P00231,S03596,Learning,297
P00232,S00312,Writing,510
P00233,S04510,Image Generation,646
P00234,S05088,Writing,607
P00235,S03931,Learning,763
P00236,S02649,Writing,604
P00237,S05769,Learning,131
P00238,S02128,Business,652
P00239,S05032,Image Generation,704
P00240,S02349,Business,428
P00241,S02782,Business,93
P00242,S03220,Business,621
P00243,S07026,Research,483
P00244,S06694,Coding,571
P00245,S06738,Writing,465
P00246,S06937,Image Generation,341
P00247,S03656,Writing,659
P00248,S03185,Learning,635
P00249,S06903,Image Generation,135
P00250,S00203,Research,51
P00251,S00071,Research,586
P00252,S04529,Research,400
P00253,S05696,Writing,473
P00254,S05518,Research,125
P00255,S01843,Coding,662
P00256,S02529,Research,612
P00257,S06791,Learning,129
P00258,S06611,Research,673
P00259,S00788,Image Generation,462
P00260,S00371,Image Generation,135
P00261,S04231,Business,721
P00262,S06928,Learning,368
P00263,S07439,Coding,732
P00264,S04983,Image Generation,91
P00265,S07334,Business,512
P00266,S04012,Research,140
P00267,S05370,Business,93
P00268,S04034,Learning,653
P00269,S06195,Learning,712
P00270,S03132,Research,693
P00271,S05489,Learning,779
P00272,S03105,Coding,91
P00273,S05549,Image Generation,296
P00274,S02536,Coding,187
P00275,S02908,Research,329
P00276,S05696,Research,206
P00277,S07230,Business,408
P00278,S06558,Learning,532
P00279,S05334,Research,103
P00280,S03987,Coding,376
P00281,S05251,Business,748
P00282,S03045,Writing,152
P00283,S02489,Research,564
P00284,S04696,Coding,315
P00285,S00605,Coding,130
P00286,S06024,Writing,487
P00287,S01491,Research,578
P00288,S00833,Learning,325
P00289,S02324,Coding,346
P00290,S01666,Research,184
P00291,S04562,Coding,315
P00292,S02879,Writing,432
P00293,S06933,Research,148
P00294,S01247,Research,126
P00295,S01041,Writing,56
P00296,S03719,Learning,766
P00297,S04695,Learning,78
P00298,S05696,Coding,197
P00299,S06237,Research,553
P00300,S00557,Learning,359
P00301,S01377,Writing,728
P00302,S06633,Business,275
P00303,S04088,Writing,581
P00304,S07194,Coding,289
P00305,S03790,Research,300
P00306,S03744,Research,219
P00307,S00219,Learning,723
P00308,S03756,Writing,560
P00309,S00410,Coding,307
P00310,S06962,Coding,717
P00311,S05087,Business,662
P00312,S07379,Research,722
P00313,S00424,Business,453
P00314,S05508,Business,603
P00315,S07027,Image Generation,402
P00316,S06230,Learning,227
P00317,S02358,Writing,118
P00318,S00506,Research,313
P00319,S06183,Research,115
P00320,S07308,Business,255
P00321,S00654,Writing,99
P00322,S03431,Learning,793
P00323,S06159,Writing,290
P00324,S03201,Business,534
P00325,S06788,Writing,787
P00326,S00263,Research,183
P00327,S06065,Learning,84
P00328,S07209,Coding,155
P00329,S01244,Business,513
P00330,S03462,Coding,696
P00331,S00671,Coding,695
P00332,S05788,Image Generation,137
P00333,S06255,Image Generation,503
P00334,S03207,Business,490
P00335,S02964,Research,641
P00336,S05494,Writing,615
P00337,S04658,Research,799
P00338,S05391,Research,584
P00339,S04758,Business,636
P00340,S03026,Learning,207
P00341,S06511,Coding,207
P00342,S01995,Coding,293
P00343,S04403,Learning,485
P00344,S06594,Learning,414
P00345,S01591,Coding,129
P00346,S02084,Learning,379
P00347,S07100,Writing,350
P00348,S05420,Learning,472
P00349,S02298,Learning,265
P00350,S04152,Research,255
P00351,S07173,Research,704
P00352,S03160,Writing,588
P00353,S04367,Coding,51
P00354,S00958,Business,528
P00355,S02485,Image Generation,491
P00356,S04742,Business,492
P00357,S02790,Research,208
P00358,S06637,Image Generation,61
P00359,S03595,Learning,336
P00360,S01012,Image Generation,406
P00361,S04120,Learning,760
P00362,S04944,Coding,248
P00363,S03330,Image Generation,285
P00364,S01105,Coding,335
P00365,S00580,Coding,311
P00366,S03740,Coding,417
P00367,S03759,Image Generation,639
P00368,S06839,Research,132
P00369,S07447,Learning,606
P00370,S06649,Coding,641
P00371,S02182,Business,206
P00372,S04882,Research,283
P00373,S07207,Business,188
P00374,S03754,Business,780
P00375,S06998,Business,60
P00376,S04659,Research,448
P00377,S06413,Writing,439
P00378,S01856,Learning,128
P00379,S00712,Writing,419
P00380,S03866,Coding,224
P00381,S01819,Image Generation,277
P00382,S03337,Writing,500
P00383,S05473,Image Generation,286
P00384,S00564,Learning,330
P00385,S04012,Research,387
P00386,S02890,Business,522
P00387,S04463,Coding,716
P00388,S00118,Image Generation,448
P00389,S01394,Coding,550
P00390,S01703,Coding,673
P00391,S02784,Learning,729
P00392,S03851,Image Generation,656
P00393,S01846,Business,179
P00394,S04997,Coding,447
P00395,S06948,Writing,524
P00396,S04004,Image Generation,266
P00397,S01468,Image Generation,395
P00398,S04932,Image Generation,701
P00399,S02819,Image Generation,674
P00400,S02437,Learning,145
P00401,S01822,Coding,423
P00402,S02183,Business,799
P00403,S05082,Image Generation,89
P00404,S05066,Coding,262
P00405,S03156,Business,393
P00406,S05835,Writing,357
P00407,S00472,Writing,654
P00408,S05638,Writing,340
P00409,S01270,Learning,375
P00410,S02596,Coding,569
P00411,S06659,Writing,112
P00412,S03688,Learning,157
P00413,S02951,Image Generation,777
P00414,S00902,Learning,186
P00415,S06759,Research,481
P00416,S04464,Business,212
P00417,S00022,Writing,195
P00418,S06704,Business,261
P00419,S04122,Learning,631
P00420,S02919,Learning,746
P00421,S02432,Business,316
P00422,S00227,Writing,451
P00423,S02867,Business,558
P00424,S05462,Business,418
P00425,S03412,Business,216
P00426,S03460,Research,414
P00427,S04402,Writing,745
P00428,S02049,Coding,87
P00429,S03992,Coding,264
P00430,S02284,Image Generation,312
P00431,S02632,Image Generation,583
P00432,S01057,Research,798
P00433,S04818,Business,202
P00434,S00403,Coding,319
P00435,S01912,Writing,297
P00436,S02013,Learning,757
P00437,S01880,Research,491
P00438,S01721,Learning,697
P00439,S01559,Writing,664
P00440,S01115,Image Generation,434
P00441,S00803,Research,613
P00442,S05086,Business,651
P00443,S03813,Writing,674
P00444,S00934,Research,191
P00445,S03590,Coding,524
P00446,S04362,Learning,532
P00447,S03677,Writing,682
P00448,S05366,Research,494
P00449,S06252,Learning,443
P00450,S03119,Image Generation,385
P00451,S06895,Business,509
P00452,S03180,Business,409
P00453,S02610,Learning,228
P00454,S06973,Image Generation,612
P00455,S02732,Image Generation,225
P00456,S01029,Learning,444
P00457,S03122,Writing,490
P00458,S06352,Research,148
P00459,S06619,Research,494
P00460,S01244,Coding,75
P00461,S07303,Coding,351
P00462,S03714,Research,594
P00463,S05647,Learning,246
P00464,S01979,Learning,338
P00465,S05394,Writing,623
P00466,S04969,Business,694
P00467,S03294,Business,289
P00468,S04221,Business,388
P00469,S06782,Research,330
P00470,S05239,Coding,235
P00471,S01740,Business,793
P00472,S02444,Image Generation,207
P00473,S01586,Coding,595
P00474,S05533,Image Generation,474
P00475,S06322,Research,353
P00476,S00419,Business,233
P00477,S02173,Image Generation,240
P00478,S04590,Coding,681
P00479,S01776,Coding,558
P00480,S04832,Research,175
P00481,S03634,Writing,415
P00482,S06124,Writing,50
P00483,S05205,Coding,759
P00484,S02979,Learning,793
P00485,S03942,Learning,433
P00486,S01708,Coding,399
P00487,S06744,Writing,263
P00488,S01018,Writing,521
P00489,S00963,Learning,113
P00490,S06482,Writing,783
P00491,S05906,Research,471
P00492,S05310,Research,186
P00493,S04457,Image Generation,659
P00494,S01277,Writing,519
P00495,S05607,Research,551
P00496,S05310,Research,315
P00497,S02551,Research,772
P00498,S03604,Image Generation,177
P00499,S02821,Research,211
P00500,S04893,Learning,210
P00501,S01461,Research,128
P00502,S01403,Research,334
P00503,S01906,Learning,331
P00504,S01430,Business,477
P00505,S00178,Coding,307
P00506,S00703,Research,429
P00507,S07037,Image Generation,590
P00508,S05819,Research,152
P00509,S05088,Coding,297
P00510,S02090,Coding,243
P00511,S03287,Business,350
P00512,S03005,Coding,322
P00513,S03055,Writing,418
P00514,S02584,Learning,509
P00515,S06756,Research,296
P00516,S03370,Image Generation,768
P00517,S03407,Research,570
P00518,S01770,Research,407
P00519,S00863,Business,435
P00520,S02134,Research,52
P00521,S01964,Research,249
P00522,S03430,Learning,526
P00523,S06506,Learning,448
P00524,S03482,Research,490
P00525,S00164,Learning,304
P00526,S03671,Writing,149
P00527,S07119,Research,515
P00528,S00190,Image Generation,76
P00529,S01841,Writing,343
P00530,S00081,Image Generation,651
P00531,S03384,Writing,52
P00532,S00055,Writing,138
P00533,S00328,Research,551
P00534,S04798,Writing,515
P00535,S02322,Business,198
P00536,S00315,Learning,306
P00537,S06050,Coding,605
P00538,S04422,Learning,224
P00539,S06428,Coding,406
P00540,S04511,Learning,236
P00541,S06321,Coding,797
P00542,S05897,Image Generation,580
P00543,S02243,Coding,777
P00544,S04479,Learning,767
P00545,S01056,Learning,569
P00546,S04282,Research,647
P00547,S07492,Writing,800
P00548,S04255,Coding,667
P00549,S03692,Research,597
P00550,S00079,Learning,609
P00551,S06680,Coding,366
P00552,S05240,Research,271
P00553,S00512,Writing,332
P00554,S07105,Image Generation,171
P00555,S00670,Image Generation,428
P00556,S02956,Image Generation,646
P00557,S01774,Research,455
P00558,S03546,Business,286
P00559,S00067,Writing,249
P00560,S02069,Research,179
P00561,S02880,Coding,658
P00562,S05153,Image Generation,764
P00563,S00554,Writing,383
P00564,S03794,Research,545
P00565,S00483,Research,746
P00566,S01469,Learning,137
P00567,S03996,Research,629
P00568,S01238,Writing,485
P00569,S00414,Learning,631
P00570,S01271,Research,242
P00571,S00374,Business,570
P00572,S03336,Learning,381
P00573,S05598,Image Generation,98
P00574,S02695,Writing,396
P00575,S05666,Coding,545
P00576,S00834,Writing,262
P00577,S01371,Writing,138
P00578,S00225,Coding,160
P00579,S05713,Image Generation,134
P00580,S06698,Learning,520
P00581,S00263,Coding,744
P00582,S05254,Learning,516
P00583,S02482,Business,113
P00584,S05568,Image Generation,278
P00585,S00471,Business,426
P00586,S05238,Coding,266
P00587,S05035,Coding,759
P00588,S00500,Coding,683
P00589,S02496,Learning,378
P00590,S01550,Writing,171
P00591,S03422,Writing,310
P00592,S05186,Business,575
P00593,S03270,Business,92
P00594,S05182,Business,116
P00595,S05694,Research,184
P00596,S03828,Writing,234
P00597,S00436,Writing,543
P00598,S03457,Research,640
P00599,S02040,Research,455
P00600,S05291,Research,440
P00601,S04947,Research,201
P00602,S01541,Writing,624
P00603,S02607,Writing,199
P00604,S02463,Research,147
P00605,S03205,Learning,519
P00606,S04978,Research,247
P00607,S02644,Business,158
P00608,S00281,Learning,531
P00609,S05957,Image Generation,51
P00610,S00427,Learning,277
P00611,S00376,Learning,320
P00612,S04472,Learning,156
P00613,S02990,Image Generation,125
P00614,S05915,Coding,203
P00615,S03581,Business,186
P00616,S04970,Coding,436
P00617,S06271,Writing,106
P00618,S03792,Research,200
P00619,S01319,Coding,643
P00620,S02952,Image Generation,273
P00621,S06619,Business,173
P00622,S00024,Writing,164
P00623,S00270,Image Generation,62
P00624,S05964,Business,241
P00625,S03549,Writing,587
P00626,S01254,Learning,310
P00627,S05406,Research,649
P00628,S04493,Learning,299
P00629,S00244,Coding,318
P00630,S03881,Business,70
P00631,S04650,Business,714
P00632,S01970,Image Generation,282
P00633,S02870,Research,197
P00634,S06177,Learning,589
P00635,S02851,Image Generation,489
P00636,S05672,Research,276
P00637,S05647,Research,146
P00638,S02636,Research,294
P00639,S02644,Research,764
P00640,S05510,Image Generation,582
P00641,S06425,Coding,108
P00642,S04523,Learning,480
P00643,S06899,Writing,362
P00644,S06145,Research,416
P00645,S00196,Research,121
P00646,S00812,Learning,504
P00647,S04142,Business,665
P00648,S00901,Coding,237
P00649,S07024,Research,391
P00650,S04376,Learning,77
P00651,S01520,Learning,52
P00652,S02075,Coding,356
P00653,S02151,Coding,751
P00654,S05648,Writing,129
P00655,S03505,Business,729
P00656,S03234,Research,300
P00657,S02113,Writing,379
P00658,S03948,Learning,630
P00659,S03318,Business,638
P00660,S00806,Learning,255
P00661,S07424,Research,647
P00662,S00746,Learning,462
P00663,S00233,Coding,590
P00664,S01223,Research,121
P00665,S01384,Coding,562
P00666,S05761,Research,94
P00667,S00548,Writing,747
P00668,S04016,Writing,341
P00669,S00484,Writing,450
P00670,S04756,Coding,557
P00671,S04676,Research,218
P00672,S03033,Research,93
P00673,S03716,Business,184
P00674,S07120,Learning,588
P00675,S04244,Research,324
P00676,S03896,Coding,259
P00677,S01370,Research,82
P00678,S02435,Image Generation,507
P00679,S03948,Writing,57
P00680,S01987,Business,728
P00681,S01399,Business,515
P00682,S07118,Learning,69
P00683,S00519,Research,606
P00684,S03297,Business,65
P00685,S07128,Learning,738
P00686,S01233,Coding,488
P00687,S06939,Research,529
P00688,S03933,Business,672
P00689,S02147,Business,755
P00690,S01177,Research,294
P00691,S06554,Research,716
P00692,S04569,Learning,475
P00693,S03970,Business,186
P00694,S02768,Coding,498
P00695,S01407,Research,503
P00696,S04946,Image Generation,666
P00697,S02124,Research,758
P00698,S04981,Business,529
P00699,S04348,Image Generation,294
P00700,S02916,Image Generation,514
P00701,S03293,Image Generation,575
P00702,S07496,Writing,452
P00703,S02533,Business,531
P00704,S02893,Business,669
P00705,S05897,Image Generation,246
P00706,S06818,Coding,782
P00707,S06528,Writing,77
P00708,S02767,Coding,519
P00709,S03716,Research,431
P00710,S07354,Image Generation,398
P00711,S00327,Learning,80
P00712,S01222,Business,412
P00713,S03344,Learning,122
P00714,S06822,Coding,717
P00715,S05625,Writing,132
P00716,S00303,Learning,104
P00717,S05144,Research,369
P00718,S02800,Learning,770
P00719,S04652,Image Generation,482
P00720,S03525,Image Generation,179
P00721,S05228,Learning,702
P00722,S05320,Coding,613
P00723,S06290,Writing,425
P00724,S06627,Business,765
P00725,S04117,Business,455
P00726,S06649,Writing,443
P00727,S04185,Writing,719
P00728,S05127,Writing,657
P00729,S07151,Research,535
P00730,S00103,Business,65
P00731,S03382,Learning,241
P00732,S00403,Coding,514
P00733,S00949,Learning,713
P00734,S03875,Writing,420
P00735,S01937,Image Generation,304
P00736,S05001,Learning,235
P00737,S04569,Research,465
P00738,S01163,Writing,311
P00739,S00425,Business,589
P00740,S03712,Image Generation,274
P00741,S02127,Writing,277
P00742,S00538,Research,146
P00743,S07285,Learning,737
P00744,S03085,Writing,260
P00745,S01135,Research,794
P00746,S06681,Image Generation,202
P00747,S05994,Business,762
P00748,S02450,Learning,266
P00749,S02987,Writing,275
P00750,S01870,Business,329
P00751,S00559,Image Generation,432
P00752,S03980,Research,315
P00753,S00338,Image Generation,283
P00754,S07337,Learning,649
P00755,S04827,Coding,772
P00756,S06211,Writing,98
P00757,S02743,Writing,647
P00758,S03719,Writing,777
P00759,S01583,Research,168
P00760,S02942,Learning,371
P00761,S02576,Learning,527
P00762,S06401,Writing,486
P00763,S04365,Business,504
P00764,S03028,Coding,461
P00765,S02877,Learning,139
P00766,S05820,Business,272
P00767,S01563,Writing,648
P00768,S01643,Business,609
P00769,S04354,Research,719
P00770,S00005,Coding,538
P00771,S05797,Learning,422
P00772,S06337,Research,708
P00773,S06837,Image Generation,638
P00774,S02805,Learning,362
P00775,S05939,Coding,678
P00776,S04615,Business,172
P00777,S04482,Business,528
P00778,S03388,Writing,105
P00779,S00293,Learning,246
P00780,S01576,Coding,610
P00781,S05245,Coding,389
P00782,S01112,Business,371
P00783,S06206,Image Generation,158
P00784,S05623,Business,427
P00785,S05917,Writing,427
P00786,S06852,Learning,557
P00787,S04409,Business,797
P00788,S06388,Writing,421
P00789,S06858,Image Generation,563
P00790,S06799,Coding,717
P00791,S02901,Image Generation,165
P00792,S01388,Coding,65
P00793,S06615,Business,710
P00794,S06255,Learning,391
P00795,S04684,Coding,520
P00796,S00212,Learning,135
P00797,S03642,Learning,632
P00798,S06202,Research,83
P00799,S00512,Writing,230
P00800,S04074,Business,328
P00801,S01966,Writing,119
P00802,S03672,Research,307
P00803,S01379,Learning,423
P00804,S01606,Coding,611
P00805,S01044,Learning,194
P00806,S03346,Research,305
P00807,S05421,Image Generation,332
P00808,S03212,Business,759
P00809,S03213,Learning,389
P00810,S02958,Writing,212
P00811,S03646,Research,696
P00812,S00922,Learning,273
P00813,S00859,Image Generation,318
P00814,S02583,Research,492
P00815,S02343,Writing,182
P00816,S04108,Learning,735
P00817,S06678,Writing,255
P00818,S02399,Coding,610
P00819,S02047,Image Generation,587
P00820,S00688,Coding,750
P00821,S04250,Research,277
P00822,S01805,Writing,159
P00823,S03013,Research,656
P00824,S05931,Learning,145
P00825,S06652,Research,241
P00826,S05678,Learning,336
P00827,S07182,Coding,334
P00828,S03590,Research,700
P00829,S01168,Business,312
P00830,S06366,Research,774
P00831,S04638,Coding,286
P00832,S04614,Coding,543
P00833,S01027,Writing,521
P00834,S02627,Business,666
P00835,S04881,Research,191
P00836,S00149,Coding,482
P00837,S01350,Coding,494
P00838,S03793,Business,214
P00839,S04430,Research,532
P00840,S00085,Image Generation,138
P00841,S00026,Research,541
P00842,S02747,Research,773
P00843,S04768,Image Generation,484
P00844,S01497,Research,307
P00845,S02825,Learning,462
P00846,S05877,Coding,656
P00847,S02495,Business,471
P00848,S06943,Coding,269
P00849,S06921,Business,579
P00850,S04228,Coding,158
P00851,S01456,Writing,715
P00852,S05021,Learning,591
P00853,S04609,Research,297
P00854,S04593,Business,153
P00855,S02289,Research,619
P00856,S02622,Learning,607
P00857,S04884,Image Generation,656
P00858,S03794,Research,82
P00859,S05564,Learning,478
P00860,S05477,Image Generation,251
P00861,S06200,Business,385
P00862,S07015,Research,709
P00863,S02363,Learning,777
P00864,S00783,Writing,597
P00865,S07307,Image Generation,415
P00866,S02095,Image Generation,66
P00867,S00955,Coding,595
P00868,S05997,Learning,76
P00869,S06034,Learning,340
P00870,S02100,Learning,271
P00871,S07273,Writing,116
P00872,S06042,Coding,508
P00873,S07318,Writing,484
P00874,S07477,Research,371
P00875,S06341,Research,338
P00876,S03669,Coding,378
P00877,S01291,Learning,251
P00878,S05413,Coding,326
P00879,S06490,Image Generation,487
P00880,S01816,Business,794
P00881,S06313,Image Generation,131
P00882,S07397,Research,125
P00883,S04328,Coding,66
P00884,S03851,Learning,242
P00885,S00831,Learning,600
P00886,S04751,Writing,548
P00887,S07389,Research,251
P00888,S01520,Learning,798
P00889,S04444,Business,482
P00890,S02148,Learning,316
P00891,S06770,Image Generation,531
P00892,S03053,Business,68
P00893,S01533,Image Generation,601
P00894,S03396,Writing,299
P00895,S04837,Business,339
P00896,S06140,Image Generation,622
P00897,S07115,Writing,305
P00898,S02478,Coding,638
P00899,S00359,Coding,196
P00900,S03813,Writing,228
P00901,S02345,Research,398
P00902,S04152,Image Generation,107
P00903,S07023,Business,211
P00904,S03393,Coding,791
P00905,S07326,Coding,784
P00906,S01419,Learning,269
P00907,S02559,Research,727
P00908,S06472,Learning,422
P00909,S06965,Business,507
P00910,S02515,Research,515
P00911,S00284,Image Generation,460
P00912,S06710,Image Generation,259
P00913,S00258,Writing,430
P00914,S04065,Research,696
P00915,S01251,Learning,622
P00916,S03662,Business,533
P00917,S00383,Coding,497
P00918,S03541,Writing,258
P00919,S05925,Learning,210
P00920,S02494,Image Generation,419
P00921,S06927,Learning,240
P00922,S04433,Research,396
P00923,S02445,Business,337
P00924,S00525,Coding,701
P00925,S00354,Image Generation,642
P00926,S04144,Research,390
P00927,S00542,Coding,396
P00928,S07239,Research,784
P00929,S01845,Writing,514
P00930,S00743,Research,303
P00931,S04159,Learning,785
P00932,S05914,Learning,137
P00933,S04719,Image Generation,374
P00934,S01132,Coding,722
P00935,S04192,Research,74
P00936,S05417,Research,195
P00937,S01539,Learning,544
P00938,S04863,Business,468
P00939,S06233,Business,398
P00940,S06881,Learning,68
P00941,S03474,Coding,458
P00942,S04802,Image Generation,262
P00943,S01435,Coding,728
P00944,S06803,Coding,349
P00945,S01606,Research,192
P00946,S02428,Learning,325
P00947,S04207,Research,203
P00948,S01797,Writing,548
P00949,S02197,Research,105
P00950,S02296,Learning,460
P00951,S02675,Coding,560
P00952,S04673,Writing,624
P00953,S00805,Business,574
P00954,S03553,Coding,712
P00955,S03734,Business,163
P00956,S03978,Coding,353
P00957,S04614,Business,214
P00958,S07249,Research,135
P00959,S06270,Learning,202
P00960,S02167,Learning,478
P00961,S05118,Research,363
P00962,S05306,Learning,544
P00963,S03928,Learning,173
P00964,S06772,Business,110
P00965,S00993,Writing,407
P00966,S06509,Writing,495
P00967,S04633,Learning,164
P00968,S05631,Business,696
P00969,S06668,Writing,419
P00970,S01536,Writing,185
P00971,S00472,Writing,315
P00972,S06881,Business,593
P00973,S05836,Learning,367
P00974,S03888,Writing,719
P00975,S01190,Research,272
P00976,S06746,Writing,713
P00977,S00524,Image Generation,283
P00978,S04353,Coding,701
P00979,S02947,Learning,264
P00980,S01383,Research,737
P00981,S04522,Writing,727
P00982,S03862,Business,554
P00983,S02272,Learning,507
P00984,S07347,Writing,393
P00985,S01450,Research,656
P00986,S03430,Writing,267
P00987,S01374,Writing,628
P00988,S00115,Business,559
P00989,S06030,Business,83
P00990,S05820,Business,681
P00991,S03741,Writing,176
P00992,S00265,Writing,575
P00993,S01890,Coding,541
P00994,S03594,Coding,143
P00995,S01795,Research,684
P00996,S04458,Business,406
P00997,S02150,Coding,692
P00998,S05090,Coding,710
P00999,S06482,Image Generation,778
P01000,S01355,Business,89
P01001,S01922,Business,559
P01002,S00284,Image Generation,341
P01003,S00666,Image Generation,627
P01004,S04034,Learning,267
P01005,S06534,Image Generation,507
P01006,S03039,Business,633
P01007,S07348,Writing,326
P01008,S04753,Research,101
P01009,S04841,Image Generation,114
P01010,S03359,Writing,150
P01011,S02021,Learning,169
P01012,S01290,Research,290
P01013,S02847,Coding,503
P01014,S04651,Image Generation,375
P01015,S06448,Research,202
P01016,S06458,Coding,268
P01017,S02833,Coding,184
P01018,S04158,Business,593
P01019,S03283,Learning,178
P01020,S04397,Research,485
P01021,S01952,Writing,459
P01022,S02403,Coding,436
P01023,S01367,Business,708
P01024,S01749,Business,440
P01025,S02805,Image Generation,477
P01026,S05955,Research,393
P01027,S03037,Business,560
P01028,S05446,Learning,271
P01029,S06292,Coding,148
P01030,S05608,Coding,702
P01031,S00175,Coding,148
P01032,S01548,Business,155
P01033,S01801,Business,571
P01034,S01122,Image Generation,746
P01035,S05560,Writing,472
P01036,S04767,Learning,719
P01037,S05656,Coding,779
P01038,S03285,Writing,329
P01039,S05298,Coding,327
P01040,S02556,Coding,784
P01041,S07239,Business,571
P01042,S05108,Writing,164
P01043,S05214,Coding,195
P01044,S04639,Coding,704
P01045,S04292,Coding,331
P01046,S07381,Business,129
P01047,S02045,Business,284
P01048,S05768,Image Generation,172
P01049,S00139,Coding,135
P01050,S02046,Coding,759
P01051,S05060,Learning,119
P01052,S00783,Learning,702
P01053,S05371,Learning,423
P01054,S05218,Business,725
P01055,S03695,Writing,551
P01056,S04300,Business,335
P01057,S03883,Image Generation,521
P01058,S04028,Research,731
P01059,S02951,Writing,496
P01060,S02239,Writing,131
P01061,S06742,Writing,153
P01062,S07212,Research,341
P01063,S04382,Business,152
P01064,S02303,Research,502
P01065,S01522,Coding,604
P01066,S01381,Learning,644
P01067,S05997,Writing,286
P01068,S04732,Writing,562
P01069,S05570,Writing,709
P01070,S07489,Business,141
P01071,S01926,Business,194
P01072,S02876,Learning,697
P01073,S06546,Coding,190
P01074,S04285,Coding,268
P01075,S01251,Learning,333
P01076,S05477,Business,281
P01077,S03563,Learning,255
P01078,S06567,Writing,372
P01079,S03028,Learning,137
P01080,S06834,Image Generation,225
P01081,S01275,Business,542
P01082,S01927,Writing,67
P01083,S07176,Business,497
P01084,S00318,Learning,59
P01085,S00289,Research,689
P01086,S03353,Image Generation,71
P01087,S06751,Learning,195
P01088,S04096,Business,117
P01089,S01968,Image Generation,482
P01090,S06212,Image Generation,585
P01091,S06504,Research,491
P01092,S00751,Image Generation,521
P01093,S02166,Learning,258
P01094,S01333,Learning,668
P01095,S06880,Learning,229
P01096,S00227,Coding,181
P01097,S04053,Image Generation,54
P01098,S00455,Image Generation,649
P01099,S04557,Business,414
P01100,S03660,Learning,233
P01101,S06470,Writing,717
P01102,S03827,Image Generation,263
P01103,S00963,Business,142
P01104,S00097,Business,638
P01105,S04919,Learning,741
P01106,S02312,Learning,87
P01107,S03603,Writing,500
P01108,S05305,Writing,310
P01109,S07027,Coding,579
P01110,S06700,Coding,797
P01111,S01698,Image Generation,218
P01112,S00312,Image Generation,730
P01113,S05772,Learning,251
P01114,S02459,Writing,672
P01115,S03877,Business,79
P01116,S04388,Image Generation,173
P01117,S00737,Learning,669
P01118,S00271,Business,575
P01119,S07241,Writing,775
P01120,S07401,Business,643
P01121,S01984,Business,519
P01122,S02727,Research,237
P01123,S06946,Image Generation,650
P01124,S06942,Writing,361
P01125,S04121,Image Generation,768
P01126,S00258,Research,600
P01127,S06776,Learning,370
P01128,S04590,Business,678
P01129,S06223,Research,631
P01130,S00235,Business,479
P01131,S00395,Writing,297
P01132,S04070,Writing,87
P01133,S07421,Image Generation,715
P01134,S06635,Business,631
P01135,S00865,Image Generation,581
P01136,S03229,Business,105
P01137,S06813,Image Generation,368
P01138,S06032,Coding,115
P01139,S07170,Coding,541
P01140,S05110,Image Generation,60
P01141,S05678,Writing,441
P01142,S06445,Research,733
P01143,S01482,Coding,55
P01144,S05966,Writing,316
P01145,S00184,Research,777
P01146,S04850,Image Generation,553
P01147,S02907,Writing,274
P01148,S05458,Learning,518
P01149,S02298,Writing,118
P01150,S02504,Business,112
P01151,S06750,Image Generation,453
P01152,S07130,Coding,438
P01153,S05793,Coding,134
P01154,S01488,Image Generation,735
P01155,S02455,Business,519
P01156,S04332,Coding,131
P01157,S00627,Image Generation,740
P01158,S02052,Research,569
P01159,S05217,Image Generation,598
P01160,S05324,Learning,238
P01161,S06332,Writing,359
P01162,S07225,Writing,162
P01163,S02253,Image Generation,132
P01164,S06529,Image Generation,247
P01165,S03869,Business,783
P01166,S06210,Coding,345
P01167,S04024,Coding,532
P01168,S04028,Writing,294
P01169,S00389,Coding,112
P01170,S00312,Research,136
P01171,S06346,Learning,688
P01172,S04312,Learning,278
P01173,S01457,Coding,495
P01174,S00095,Image Generation,450
P01175,S01796,Learning,172
P01176,S02605,Research,769
P01177,S07157,Learning,155
P01178,S00182,Image Generation,624
P01179,S06835,Research,200
P01180,S06568,Research,621
P01181,S04459,Business,270
P01182,S06263,Writing,740
P01183,S01874,Coding,466
P01184,S02978,Coding,588
P01185,S05648,Learning,641
P01186,S00295,Research,437
P01187,S04817,Research,616
P01188,S01617,Image Generation,347
P01189,S04566,Coding,438
P01190,S06013,Image Generation,334
P01191,S00364,Image Generation,267
P01192,S01846,Business,233
P01193,S00066,Coding,428
P01194,S06444,Image Generation,216
P01195,S00256,Learning,263
P01196,S04411,Business,541
P01197,S03848,Coding,678
P01198,S03801,Learning,524
P01199,S03375,Writing,212
P01200,S04880,Coding,594
P01201,S06667,Research,501
P01202,S03001,Business,382
P01203,S00694,Writing,104
P01204,S01367,Coding,262
P01205,S06708,Coding,782
P01206,S06015,Research,279
P01207,S04680,Image Generation,128
P01208,S06255,Writing,163
P01209,S00739,Writing,232
P01210,S00046,Business,248
P01211,S05005,Coding,559
P01212,S00980,Writing,558
P01213,S06581,Image Generation,127
P01214,S01460,Image Generation,701
P01215,S00525,Learning,165
P01216,S00408,Image Generation,483
P01217,S05369,Writing,329
P01218,S06662,Business,91
P01219,S06630,Business,680
P01220,S03437,Coding,416
P01221,S05539,Business,772
P01222,S03762,Research,312
P01223,S00418,Business,796
P01224,S03024,Business,732
P01225,S02876,Research,151
P01226,S04844,Business,622
P01227,S03710,Research,357
P01228,S06976,Coding,68
P01229,S07305,Image Generation,791
P01230,S00351,Learning,326
P01231,S05440,Writing,519
P01232,S03263,Research,407
P01233,S02178,Research,259
P01234,S00147,Writing,132
P01235,S04956,Business,435
P01236,S05369,Writing,455
P01237,S05003,Business,126
P01238,S00916,Research,390
P01239,S04188,Business,692
P01240,S01194,Image Generation,367
P01241,S00162,Research,322
P01242,S04922,Coding,419
P01243,S07450,Learning,732
P01244,S05877,Image Generation,424
P01245,S04095,Image Generation,64
P01246,S04072,Research,781
P01247,S06922,Coding,421
P01248,S02351,Learning,194
P01249,S02860,Business,522
P01250,S03749,Research,118
P01251,S05148,Learning,782
P01252,S06955,Research,529
P01253,S06174,Business,527
P01254,S00667,Writing,207
P01255,S00055,Business,372
P01256,S02592,Writing,89
P01257,S06370,Learning,790
P01258,S05170,Image Generation,800
P01259,S03906,Coding,350
P01260,S00463,Research,452
P01261,S05185,Research,62
P01262,S05683,Image Generation,783
P01263,S05819,Writing,87
P01264,S02761,Coding,720
P01265,S02437,Coding,327
P01266,S07495,Image Generation,355
P01267,S06527,Coding,779
P01268,S02769,Image Generation,732
P01269,S00050,Learning,124
P01270,S00323,Image Generation,714
P01271,S02404,Image Generation,165
P01272,S00058,Coding,748
P01273,S05894,Business,688
P01274,S06800,Learning,204
P01275,S01562,Image Generation,718
P01276,S04171,Coding,171
P01277,S02820,Learning,658
P01278,S00517,Research,336
P01279,S02343,Coding,723
P01280,S06646,Coding,632
P01281,S04707,Learning,644
P01282,S01992,Coding,794
P01283,S06300,Learning,408
P01284,S04182,Learning,525
P01285,S00082,Learning,621
P01286,S03428,Coding,665
P01287,S02408,Writing,410
P01288,S04962,Image Generation,92
P01289,S04486,Business,658
P01290,S00204,Research,64
P01291,S00622,Coding,175
P01292,S05668,Business,501
P01293,S01894,Learning,530
P01294,S05941,Business,500
P01295,S03396,Learning,329
P01296,S00161,Coding,175
P01297,S02231,Research,255
P01298,S02047,Image Generation,305
P01299,S05900,Learning,545
P01300,S02478,Writing,433
P01301,S00542,Learning,704
P01302,S03225,Research,72
P01303,S07332,Learning,475
P01304,S02022,Coding,456
P01305,S04959,Coding,130
P01306,S04755,Business,677
P01307,S03120,Writing,731
P01308,S04668,Writing,398
P01309,S02244,Business,297
P01310,S04094,Business,794
P01311,S04734,Coding,386
P01312,S05019,Learning,96
P01313,S05756,Image Generation,63
P01314,S01813,Research,82
P01315,S05004,Coding,358
P01316,S05918,Coding,692
P01317,S05592,Image Generation,670
P01318,S00785,Learning,456
P01319,S02187,Business,238
P01320,S06363,Image Generation,121
P01321,S07007,Writing,211
P01322,S00351,Business,547
P01323,S01533,Writing,248
P01324,S04067,Image Generation,518
P01325,S00357,Learning,161
P01326,S04566,Business,769
P01327,S05982,Image Generation,426
P01328,S05329,Research,243
P01329,S00567,Business,581
P01330,S00963,Writing,177
P01331,S03593,Coding,668
P01332,S06592,Research,505
P01333,S02013,Image Generation,162
P01334,S01638,Business,713
P01335,S01486,Writing,169
P01336,S05592,Business,179
P01337,S05926,Image Generation,333
P01338,S07224,Coding,80
P01339,S01198,Learning,515
P01340,S06520,Image Generation,694
P01341,S07470,Business,699
P01342,S00079,Writing,402
P01343,S03455,Writing,359
P01344,S04597,Coding,233
P01345,S02547,Learning,684
P01346,S01589,Writing,465
P01347,S03754,Coding,319
P01348,S02014,Learning,355
P01349,S00128,Writing,526
P01350,S03722,Writing,716
P01351,S06697,Business,502
P01352,S04068,Image Generation,656
P01353,S05403,Research,488
P01354,S05144,Writing,687
P01355,S05694,Research,699
P01356,S00853,Image Generation,781
P01357,S06414,Research,539
P01358,S05470,Writing,192
P01359,S04243,Coding,137
P01360,S07262,Writing,566
P01361,S00036,Image Generation,469
P01362,S01362,Business,94
P01363,S02746,Coding,798
P01364,S06714,Business,487
P01365,S04603,Image Generation,322
P01366,S05340,Business,194
P01367,S04113,Coding,610
P01368,S04212,Coding,679
P01369,S05056,Research,474
P01370,S04905,Business,614
P01371,S03563,Image Generation,293
P01372,S07251,Business,499
P01373,S01481,Business,120
P01374,S03727,Learning,327
P01375,S02928,Research,645
P01376,S02079,Research,64
P01377,S02844,Image Generation,207
P01378,S04401,Research,75
P01379,S01567,Learning,533
P01380,S05187,Research,426
P01381,S06608,Writing,738
P01382,S04158,Image Generation,467
P01383,S06318,Business,179
P01384,S02027,Coding,747
P01385,S07055,Image Generation,600
P01386,S02052,Writing,707
P01387,S04588,Learning,226
P01388,S02278,Image Generation,742
P01389,S07282,Writing,100
P01390,S00483,Learning,300
P01391,S07481,Learning,678
P01392,S00612,Business,333
P01393,S00449,Research,214
P01394,S06488,Coding,329
P01395,S00865,Image Generation,357
P01396,S07062,Business,149
P01397,S05520,Coding,503
P01398,S06333,Learning,522
P01399,S04746,Writing,420
P01400,S01703,Writing,52
P01401,S03972,Image Generation,158
P01402,S05767,Learning,442
P01403,S05508,Research,565
P01404,S04180,Research,309
P01405,S05153,Learning,245
P01406,S00810,Coding,184
P01407,S06411,Writing,670
P01408,S03226,Learning,662
P01409,S00579,Image Generation,95
P01410,S03846,Coding,201
P01411,S02400,Learning,605
P01412,S06709,Research,238
P01413,S03432,Business,184
P01414,S07295,Research,725
P01415,S01912,Coding,149
P01416,S05433,Research,540
P01417,S01768,Research,477
P01418,S04382,Business,665
P01419,S04544,Research,461
P01420,S05475,Learning,415
P01421,S04531,Coding,601
P01422,S06757,Learning,642
P01423,S01581,Coding,757
P01424,S01671,Image Generation,609
P01425,S05409,Research,169
P01426,S05239,Learning,51
P01427,S06410,Coding,699
P01428,S03633,Learning,52
P01429,S03808,Research,574
P01430,S04664,Learning,772
P01431,S03417,Research,448
P01432,S04831,Business,496
P01433,S00792,Research,270
P01434,S01689,Research,512
P01435,S00045,Coding,383
P01436,S00642,Learning,97
P01437,S06993,Writing,593
P01438,S06344,Writing,198
P01439,S07300,Research,586
P01440,S00586,Coding,557
P01441,S00695,Business,72
P01442,S05850,Learning,516
P01443,S06565,Image Generation,86
P01444,S07435,Coding,298
P01445,S00531,Learning,568
P01446,S01222,Image Generation,705
P01447,S04611,Learning,532
P01448,S02157,Image Generation,464
P01449,S06347,Coding,388
P01450,S04725,Learning,60
P01451,S02734,Image Generation,62
P01452,S04849,Image Generation,95
P01453,S04801,Image Generation,552
P01454,S01106,Research,602
P01455,S00538,Writing,274
P01456,S03493,Coding,691
P01457,S00896,Research,304
P01458,S00913,Business,412
P01459,S07296,Learning,467
P01460,S05689,Business,760
P01461,S04589,Business,121
P01462,S00849,Business,193
P01463,S04666,Research,606
P01464,S04719,Business,356
P01465,S00159,Image Generation,58
P01466,S03679,Writing,554
P01467,S00546,Writing,505
P01468,S00829,Learning,497
P01469,S06891,Business,491
P01470,S04830,Business,639
P01471,S07309,Writing,174
P01472,S02284,Coding,708
P01473,S05355,Research,226
P01474,S00426,Coding,778
P01475,S01039,Image Generation,521
P01476,S04640,Writing,409
P01477,S06257,Learning,633
P01478,S02288,Writing,663
P01479,S04681,Image Generation,463
P01480,S06558,Writing,84
P01481,S02206,Learning,139
P01482,S05496,Research,354
P01483,S00674,Learning,699
P01484,S02734,Writing,682
P01485,S00378,Coding,513
P01486,S03296,Writing,444
P01487,S03492,Coding,50
P01488,S02673,Learning,228
P01489,S03493,Business,179
P01490,S02480,Business,488
P01491,S00006,Coding,349
P01492,S03558,Learning,128
P01493,S03233,Business,111
P01494,S02060,Image Generation,414
P01495,S05229,Image Generation,480
P01496,S06726,Writing,165
P01497,S04862,Coding,568
P01498,S03919,Learning,645
P01499,S06967,Research,178
P01500,S02509,Business,645
P01501,S00335,Coding,479
P01502,S05977,Writing,101
P01503,S05948,Research,262
P01504,S00894,Learning,123
P01505,S00383,Learning,746
P01506,S01865,Coding,170
P01507,S01430,Learning,795
P01508,S06450,Learning,318
P01509,S05463,Business,652
P01510,S04800,Research,299
P01511,S00346,Coding,333
P01512,S02215,Writing,153
P01513,S07078,Image Generation,363
P01514,S00956,Business,593
P01515,S04560,Learning,513
P01516,S02092,Learning,115
P01517,S06049,Research,517
P01518,S02515,Learning,63
P01519,S06040,Research,612
P01520,S06562,Research,438
P01521,S02201,Coding,552
P01522,S02241,Coding,618
P01523,S03021,Research,621
P01524,S03009,Image Generation,313
P01525,S00911,Writing,255
P01526,S00100,Image Generation,602
P01527,S05146,Research,54
P01528,S02842,Research,426
P01529,S02011,Coding,233
P01530,S05983,Business,776
P01531,S03780,Business,312
P01532,S04175,Coding,611
P01533,S06040,Learning,378
P01534,S05084,Learning,753
P01535,S04377,Writing,210
P01536,S02749,Learning,511
P01537,S03766,Image Generation,465
P01538,S01161,Research,790
P01539,S04558,Image Generation,320
P01540,S03048,Learning,183
P01541,S00810,Writing,793
P01542,S07384,Image Generation,114
P01543,S04868,Business,702
P01544,S00609,Coding,342
P01545,S01400,Learning,358
P01546,S07385,Business,136
P01547,S03641,Research,476
P01548,S04224,Image Generation,52
P01549,S04351,Business,562
P01550,S00831,Writing,291
P01551,S05782,Business,397
P01552,S06423,Writing,672
P01553,S04905,Research,662
P01554,S02679,Business,512
P01555,S02695,Image Generation,265
P01556,S05934,Business,392
P01557,S05872,Business,624
P01558,S06227,Business,465
P01559,S05665,Learning,785
P01560,S01382,Image Generation,398
P01561,S05772,Image Generation,322
P01562,S06209,Learning,125
P01563,S05030,Image Generation,682
P01564,S00639,Research,800
P01565,S01071,Coding,488
P01566,S04842,Writing,457
P01567,S02317,Writing,687
P01568,S04413,Coding,552
P01569,S01935,Learning,619
P01570,S00333,Business,415
P01571,S03636,Coding,228
P01572,S03077,Research,700
P01573,S01676,Business,206
P01574,S03515,Writing,210
P01575,S07209,Learning,201
P01576,S06038,Coding,685
P01577,S07277,Learning,201
P01578,S00099,Business,694
P01579,S07274,Learning,746
P01580,S00851,Image Generation,664
P01581,S00720,Learning,704
P01582,S06152,Image Generation,731
P01583,S07075,Image Generation,143
P01584,S06358,Learning,211
P01585,S04901,Research,507
P01586,S06835,Business,385
P01587,S06421,Business,191
P01588,S02619,Learning,798
P01589,S01659,Coding,469
P01590,S00299,Writing,218
P01591,S02802,Business,648
P01592,S04933,Business,583
P01593,S05474,Writing,313
P01594,S00189,Writing,648
P01595,S00383,Writing,613
P01596,S04064,Research,92
P01597,S03214,Image Generation,662
P01598,S07150,Writing,773
P01599,S00509,Learning,539
P01600,S02887,Writing,404
P01601,S03748,Image Generation,522
P01602,S04981,Writing,657
P01603,S06871,Business,356
P01604,S03071,Writing,104
P01605,S00882,Learning,469
P01606,S04229,Writing,67
P01607,S04381,Research,749
P01608,S00867,Business,704
P01609,S01425,Coding,743
P01610,S03722,Research,382
P01611,S01747,Business,648
P01612,S05826,Image Generation,771
P01613,S07480,Image Generation,520
P01614,S02944,Research,149
P01615,S01706,Coding,311
P01616,S07468,Image Generation,756
P01617,S00073,Learning,156
P01618,S02943,Writing,786
P01619,S04359,Coding,721
P01620,S04446,Image Generation,576
P01621,S06366,Coding,458
P01622,S06855,Coding,107
P01623,S03935,Research,367
P01624,S00261,Writing,310
P01625,S06826,Learning,528
P01626,S03328,Business,260
P01627,S00854,Writing,623
P01628,S03628,Writing,602
P01629,S05088,Learning,88
P01630,S06002,Writing,661
P01631,S01923,Image Generation,209
P01632,S06234,Learning,246
P01633,S06275,Business,293
P01634,S05766,Writing,288
P01635,S04687,Learning,71
P01636,S06796,Research,413
P01637,S06341,Writing,199
P01638,S05338,Writing,59
P01639,S01355,Research,754
P01640,S01116,Writing,712
P01641,S07046,Learning,640
P01642,S03738,Learning,501
P01643,S01234,Research,364
P01644,S07120,Writing,50
P01645,S02871,Research,706
P01646,S06489,Coding,580
P01647,S04863,Image Generation,381
P01648,S03293,Research,692
P01649,S01490,Coding,746
P01650,S00374,Business,369
P01651,S06536,Research,617
P01652,S04171,Learning,390
P01653,S02987,Image Generation,462
P01654,S04048,Coding,104
P01655,S00987,Image Generation,690
P01656,S04579,Writing,94
P01657,S06341,Writing,278
P01658,S03149,Business,800
P01659,S03047,Business,695
P01660,S02743,Business,663
P01661,S01208,Writing,163
P01662,S05722,Writing,256
P01663,S07368,Learning,784
P01664,S07391,Learning,651
P01665,S05859,Image Generation,610
P01666,S00842,Image Generation,254
P01667,S01158,Image Generation,742
P01668,S06171,Research,474
P01669,S05787,Business,489
P01670,S03223,Writing,463
P01671,S03967,Business,129
P01672,S04384,Image Generation,637
P01673,S03357,Learning,792
P01674,S02744,Learning,521
P01675,S02354,Coding,152
P01676,S06797,Coding,112
P01677,S01022,Learning,618
P01678,S06031,Coding,234
P01679,S07358,Writing,464
P01680,S02264,Writing,626
P01681,S01049,Image Generation,158
P01682,S03112,Coding,81
P01683,S07366,Research,711
P01684,S03035,Coding,340
P01685,S03075,Learning,784
P01686,S01009,Business,296
P01687,S04352,Writing,488
P01688,S06824,Writing,58
P01689,S06193,Coding,494
P01690,S06500,Image Generation,372
P01691,S01157,Learning,232
P01692,S05710,Research,188
P01693,S06429,Business,70
P01694,S01912,Writing,239
P01695,S03840,Research,495
P01696,S02705,Learning,726
P01697,S04646,Business,275
P01698,S02574,Business,333
P01699,S07313,Business,667
P01700,S05969,Research,462
P01701,S07066,Learning,655
P01702,S06773,Coding,429
P01703,S00776,Learning,197
P01704,S05705,Image Generation,267
P01705,S01639,Business,52
P01706,S06736,Coding,204
P01707,S06173,Business,394
P01708,S03015,Research,156
P01709,S06896,Learning,765
P01710,S07055,Coding,712
P01711,S05296,Learning,84
P01712,S00190,Image Generation,350
P01713,S02069,Image Generation,150
P01714,S04115,Writing,749
P01715,S03103,Writing,285
P01716,S05952,Coding,747
P01717,S00232,Writing,677
P01718,S04786,Research,697
P01719,S03386,Learning,126
P01720,S05130,Coding,689
P01721,S06016,Learning,570
P01722,S03103,Coding,173
P01723,S04023,Learning,733
P01724,S00304,Business,79
P01725,S04445,Writing,483
P01726,S05115,Business,679
P01727,S05956,Writing,791
P01728,S01093,Research,587
P01729,S05503,Business,361
P01730,S02772,Business,784
P01731,S01288,Image Generation,423
P01732,S06891,Business,393
P01733,S05173,Learning,720
P01734,S05594,Coding,552
P01735,S05552,Image Generation,507
P01736,S06735,Learning,585
P01737,S02552,Coding,375
P01738,S02563,Writing,437
P01739,S01938,Research,413
P01740,S04875,Research,486
P01741,S04512,Business,133
P01742,S06590,Research,612
P01743,S07388,Business,256
P01744,S05031,Writing,434
P01745,S00983,Business,417
P01746,S00325,Coding,94
P01747,S04571,Coding,537
P01748,S03433,Business,192
P01749,S00359,Research,406
P01750,S06049,Business,410
P01751,S07483,Business,397
P01752,S06431,Writing,457
P01753,S03405,Learning,616
P01754,S07056,Coding,56
P01755,S06452,Coding,397
P01756,S04386,Research,167
P01757,S04347,Learning,163
P01758,S05759,Coding,257
P01759,S02697,Coding,311
P01760,S03775,Image Generation,703
P01761,S03234,Business,255
P01762,S06749,Coding,280
P01763,S02388,Learning,498
P01764,S07454,Research,106
P01765,S06357,Writing,363
P01766,S03963,Image Generation,576
P01767,S02182,Writing,463
P01768,S04994,Coding,703
P01769,S01448,Learning,458
P01770,S07049,Learning,311
P01771,S00260,Writing,584
P01772,S00534,Writing,407
P01773,S06305,Business,97
P01774,S06444,Writing,510
P01775,S07424,Learning,590
P01776,S00127,Business,791
P01777,S00180,Writing,215
P01778,S01486,Coding,219
P01779,S06526,Business,366
P01780,S01925,Research,595
P01781,S02235,Writing,181
P01782,S02472,Learning,670
P01783,S00562,Learning,406
P01784,S03093,Learning,745
P01785,S04500,Business,290
P01786,S00263,Research,771
P01787,S00528,Business,213
P01788,S00035,Business,454
P01789,S00286,Image Generation,624
P01790,S03940,Writing,666
P01791,S01145,Learning,739
P01792,S07465,Research,511
P01793,S05116,Learning,625
P01794,S05999,Image Generation,201
P01795,S02236,Business,59
P01796,S00254,Image Generation,784
P01797,S03780,Writing,77
P01798,S03737,Image Generation,553
P01799,S03207,Writing,481
P01800,S05203,Business,572
P01801,S05006,Learning,739
P01802,S03139,Coding,116
P01803,S00463,Writing,764
P01804,S05228,Image Generation,646
P01805,S05853,Research,292
P01806,S02062,Coding,226
P01807,S01658,Business,429
P01808,S03886,Writing,302
P01809,S01923,Business,235
P01810,S04549,Business,250
P01811,S07286,Coding,606
P01812,S04035,Research,104
P01813,S02164,Business,264
P01814,S07378,Image Generation,561
P01815,S00147,Learning,321
P01816,S06454,Research,567
P01817,S04651,Business,644
P01818,S04198,Business,457
P01819,S01587,Coding,221
P01820,S00532,Learning,681
P01821,S02563,Research,519
P01822,S03116,Learning,667
P01823,S00629,Writing,398
P01824,S05569,Learning,68
P01825,S03805,Image Generation,650
P01826,S01687,Writing,214
P01827,S05679,Coding,399
P01828,S04165,Image Generation,555
P01829,S04399,Business,522
P01830,S02049,Image Generation,565
P01831,S07477,Writing,532
P01832,S04487,Research,368
P01833,S06094,Learning,68
P01834,S06674,Image Generation,658
P01835,S03022,Writing,246
P01836,S03863,Research,470
P01837,S05314,Image Generation,674
P01838,S02501,Learning,555
P01839,S01798,Image Generation,204
P01840,S05526,Research,599
P01841,S06986,Writing,169
P01842,S02403,Research,65
P01843,S02479,Coding,777
P01844,S01260,Coding,62
P01845,S00340,Business,486
P01846,S00708,Business,131
P01847,S04698,Business,581
P01848,S04750,Writing,767
P01849,S00947,Image Generation,204
P01850,S04023,Business,374
P01851,S02249,Business,152
P01852,S03754,Learning,541
P01853,S04673,Coding,150
P01854,S02816,Coding,304
P01855,S00919,Writing,377
P01856,S03957,Business,642
P01857,S01761,Business,166
P01858,S07184,Coding,662
P01859,S03582,Writing,68
P01860,S07439,Writing,416
P01861,S06416,Writing,417
P01862,S05818,Business,726
P01863,S02307,Coding,606
P01864,S02345,Coding,89
P01865,S00003,Research,301
P01866,S06506,Image Generation,296
P01867,S04379,Research,743
P01868,S02764,Writing,55
P01869,S01928,Research,143
P01870,S00482,Writing,74
P01871,S04782,Coding,189
P01872,S04234,Writing,411
P01873,S01516,Image Generation,248
P01874,S03941,Research,477
P01875,S05491,Coding,375
P01876,S00008,Coding,71
P01877,S04201,Writing,407
P01878,S02047,Image Generation,732
P01879,S04849,Coding,249
P01880,S05798,Coding,305
P01881,S00273,Research,647
P01882,S01727,Business,220
P01883,S04696,Research,331
P01884,S03506,Learning,327
P01885,S05006,Business,643
P01886,S05799,Learning,591
P01887,S04787,Research,390
P01888,S05292,Research,570
P01889,S01756,Image Generation,555
P01890,S02352,Business,498
P01891,S01675,Research,264
P01892,S05206,Learning,624
P01893,S02914,Business,56
P01894,S05956,Coding,342
P01895,S06720,Writing,526
P01896,S03535,Coding,237
P01897,S03162,Image Generation,671
P01898,S01755,Image Generation,160
P01899,S02395,Learning,229
P01900,S04158,Coding,557
P01901,S06420,Business,144
P01902,S07097,Image Generation,159
P01903,S03900,Coding,633
P01904,S01190,Business,685
P01905,S05157,Research,693
P01906,S02606,Image Generation,73
P01907,S03465,Learning,213
P01908,S03382,Research,587
P01909,S05191,Coding,700
P01910,S06914,Learning,745
P01911,S05878,Coding,77
P01912,S02955,Business,163
P01913,S04528,Research,622
P01914,S01709,Image Generation,101
P01915,S00524,Image Generation,525
P01916,S02291,Image Generation,619
P01917,S06123,Coding,742
P01918,S02779,Learning,708
P01919,S03821,Image Generation,92
P01920,S01052,Coding,753
P01921,S06082,Learning,95
P01922,S06293,Research,437
P01923,S00323,Research,411
P01924,S00888,Learning,229
P01925,S03120,Research,411
P01926,S03990,Business,206
P01927,S01438,Learning,789
P01928,S02348,Writing,473
P01929,S01544,Image Generation,466
P01930,S07015,Business,743
P01931,S03933,Research,323
P01932,S03073,Coding,441
P01933,S05670,Learning,182
P01934,S04676,Learning,249
P01935,S00353,Business,240
P01936,S00151,Image Generation,615
P01937,S04219,Business,87
P01938,S04220,Coding,212
P01939,S00950,Research,353
P01940,S01514,Research,742
P01941,S02710,Image Generation,412
P01942,S05856,Research,461
P01943,S00054,Research,616
P01944,S05700,Writing,628
P01945,S04370,Learning,678
P01946,S03565,Business,616
P01947,S07234,Business,283
P01948,S02732,Business,376
P01949,S07205,Writing,793
P01950,S03948,Image Generation,790
P01951,S04572,Business,332
P01952,S01733,Learning,712
P01953,S01566,Coding,739
P01954,S02469,Learning,670
P01955,S05488,Learning,551
P01956,S03506,Image Generation,208
P01957,S03901,Learning,735
P01958,S00001,Learning,690
P01959,S06877,Coding,544
P01960,S00690,Business,726
P01961,S00771,Image Generation,399
P01962,S06625,Business,709
P01963,S07055,Learning,94
P01964,S03481,Coding,683
P01965,S00044,Coding,622
P01966,S03070,Coding,80
P01967,S06211,Coding,430
P01968,S02522,Writing,719
P01969,S06725,Business,344
P01970,S06219,Business,241
P01971,S04625,Research,121
P01972,S06791,Research,679
P01973,S07490,Business,279
P01974,S04873,Learning,767
P01975,S04050,Learning,721
P01976,S03465,Writing,501
P01977,S05932,Research,205
P01978,S01230,Research,443
P01979,S05040,Image Generation,554
P01980,S04446,Writing,373
P01981,S04406,Image Generation,603
P01982,S00946,Image Generation,381
P01983,S05729,Learning,410
P01984,S01848,Writing,606
P01985,S01028,Coding,463
P01986,S03337,Research,164
P01987,S02063,Coding,560
P01988,S05336,Image Generation,162
P01989,S04349,Image Generation,501
P01990,S07199,Writing,775
P01991,S06972,Writing,714
P01992,S03185,Business,212
P01993,S00469,Learning,525
P01994,S00628,Writing,520
P01995,S05808,Business,135
P01996,S00217,Writing,145
P01997,S05648,Research,216
P01998,S01931,Coding,336
P01999,S04952,Image Generation,356
P02000,S07246,Writing,671
P02001,S03466,Writing,419
P02002,S01057,Coding,794
P02003,S02837,Writing,217
P02004,S04417,Image Generation,130
P02005,S05219,Image Generation,345
P02006,S05483,Learning,470
P02007,S06659,Learning,585
P02008,S01830,Coding,177
P02009,S03652,Business,656
P02010,S03383,Image Generation,308
P02011,S07455,Business,671
P02012,S04840,Image Generation,324
P02013,S03679,Research,287
P02014,S05367,Business,447
P02015,S02714,Learning,629
P02016,S03092,Writing,254
P02017,S00068,Business,735
P02018,S01339,Coding,293
P02019,S06504,Writing,628
P02020,S05765,Learning,241
P02021,S00414,Research,743
P02022,S01880,Learning,677
P02023,S05696,Image Generation,144
P02024,S05337,Coding,366
P02025,S01362,Image Generation,303
P02026,S06437,Coding,112
P02027,S02242,Coding,353
P02028,S06234,Coding,70
P02029,S05898,Coding,590
P02030,S06388,Business,273
P02031,S05975,Research,452
P02032,S01278,Business,754
P02033,S00180,Research,517
P02034,S06262,Image Generation,458
P02035,S05335,Image Generation,386
P02036,S01288,Coding,497
P02037,S03954,Research,151
P02038,S03198,Writing,493
P02039,S01934,Image Generation,701
P02040,S03388,Research,791
P02041,S02699,Coding,365
P02042,S05082,Image Generation,208
P02043,S03527,Learning,506
P02044,S00175,Writing,666
P02045,S06897,Coding,534
P02046,S01864,Learning,707
P02047,S06874,Business,771
P02048,S02030,Learning,463
P02049,S07315,Coding,158
P02050,S03746,Writing,113
P02051,S04587,Research,633
P02052,S05800,Image Generation,782
P02053,S06397,Coding,297
P02054,S03843,Learning,692
P02055,S02954,Learning,423
P02056,S05118,Learning,259
P02057,S06541,Writing,666
P02058,S01742,Writing,568
P02059,S01661,Research,263
P02060,S01830,Learning,552
P02061,S02531,Coding,194
P02062,S06283,Research,147
P02063,S05056,Business,430
P02064,S02797,Learning,296
P02065,S06813,Coding,332
P02066,S03306,Learning,235
P02067,S00066,Image Generation,537
P02068,S07225,Writing,142
P02069,S00134,Research,712
P02070,S00667,Image Generation,253
P02071,S01040,Business,509
P02072,S05475,Image Generation,251
P02073,S02651,Research,456
P02074,S00434,Learning,469
P02075,S04749,Writing,193
P02076,S01593,Business,657
P02077,S03214,Research,365
P02078,S05396,Research,711
P02079,S01048,Image Generation,260
P02080,S01832,Business,636
P02081,S01893,Coding,735
P02082,S06981,Coding,151
P02083,S05860,Image Generation,229
P02084,S01960,Business,528
P02085,S02214,Business,500
P02086,S06452,Image Generation,200
P02087,S07482,Writing,142
P02088,S01602,Business,519
P02089,S00499,Coding,510
P02090,S06735,Learning,75
P02091,S05290,Image Generation,84
P02092,S07058,Image Generation,392
P02093,S03248,Coding,91
P02094,S07086,Business,243
P02095,S04854,Learning,127
P02096,S04253,Writing,522
P02097,S01906,Research,570
P02098,S06345,Research,485
P02099,S04160,Coding,538
P02100,S00999,Coding,398
P02101,S03811,Image Generation,625
P02102,S03922,Research,693
P02103,S00495,Image Generation,193
P02104,S02765,Writing,184
P02105,S06526,Image Generation,354
P02106,S05028,Writing,497
P02107,S04658,Business,133
P02108,S01565,Research,76
P02109,S00822,Writing,578
P02110,S00527,Business,780
P02111,S01891,Research,464
P02112,S02666,Research,656
P02113,S07150,Business,428
P02114,S03628,Image Generation,203
P02115,S05430,Image Generation,70
P02116,S04403,Coding,491
P02117,S04545,Research,650
P02118,S05861,Research,615
P02119,S02148,Learning,133
P02120,S04335,Coding,723
P02121,S00592,Research,58
P02122,S04941,Writing,504
P02123,S02036,Learning,585
P02124,S01819,Research,111
P02125,S00230,Business,474
P02126,S07443,Image Generation,464
P02127,S03725,Writing,411
P02128,S00924,Research,607
P02129,S00614,Coding,193
P02130,S02149,Research,63
P02131,S06578,Coding,318
P02132,S00476,Business,57
P02133,S03307,Learning,228
P02134,S05814,Image Generation,321
P02135,S01468,Research,552
P02136,S01084,Coding,548
P02137,S01360,Research,53
P02138,S05057,Coding,720
P02139,S04420,Research,600
P02140,S02960,Coding,328
P02141,S06245,Coding,601
P02142,S05553,Coding,228
P02143,S02633,Learning,180
P02144,S01737,Learning,448
P02145,S04968,Research,229
P02146,S03795,Image Generation,62
P02147,S06840,Coding,79
P02148,S01755,Learning,304
P02149,S06776,Image Generation,426
P02150,S05014,Research,283
P02151,S03163,Image Generation,231
P02152,S06734,Business,460
P02153,S02250,Research,791
P02154,S01156,Business,58
P02155,S05741,Writing,761
P02156,S01609,Learning,208
P02157,S06186,Writing,348
P02158,S03876,Coding,645
P02159,S01700,Coding,417
P02160,S07126,Writing,760
P02161,S02837,Writing,370
P02162,S03685,Image Generation,462
P02163,S07247,Learning,483
P02164,S05089,Image Generation,109
P02165,S01924,Image Generation,385
P02166,S04262,Image Generation,350
P02167,S03149,Coding,246
P02168,S03860,Image Generation,200
P02169,S04591,Coding,374
P02170,S00842,Image Generation,294
P02171,S04109,Business,315
P02172,S04596,Research,404
P02173,S02867,Coding,564
P02174,S04383,Business,97
P02175,S04624,Business,336
P02176,S06085,Learning,67
P02177,S02624,Writing,146
P02178,S03422,Writing,179
P02179,S01454,Coding,696
P02180,S02731,Learning,176
P02181,S01158,Business,797
P02182,S04425,Research,82
P02183,S02358,Research,252
P02184,S01347,Business,292
P02185,S07080,Coding,549
P02186,S01972,Research,708
P02187,S05029,Writing,501
P02188,S01919,Writing,710
P02189,S00882,Coding,457
P02190,S07257,Writing,605
P02191,S01051,Research,289
P02192,S00179,Writing,158
P02193,S06370,Image Generation,307
P02194,S04318,Research,571
P02195,S00856,Learning,675
P02196,S04192,Business,404
P02197,S04915,Research,174
P02198,S05957,Research,412
P02199,S01383,Coding,387
P02200,S06839,Coding,306
P02201,S03310,Learning,297
P02202,S01387,Business,114
P02203,S01166,Business,654
P02204,S03516,Writing,432
P02205,S07214,Learning,689
P02206,S05081,Coding,372
P02207,S00293,Research,522
P02208,S03887,Coding,579
P02209,S04938,Writing,771
P02210,S04605,Image Generation,245
P02211,S00146,Image Generation,108
P02212,S05451,Image Generation,457
P02213,S00319,Coding,712
P02214,S07090,Research,306
P02215,S05376,Learning,389
P02216,S05518,Learning,148
P02217,S01389,Learning,324
P02218,S07108,Learning,101
P02219,S01570,Coding,153
P02220,S04671,Learning,104
P02221,S07491,Business,570
P02222,S05506,Writing,241
P02223,S04420,Business,87
P02224,S04194,Writing,169
P02225,S06130,Coding,393
P02226,S01977,Coding,313
P02227,S06776,Image Generation,738
P02228,S05162,Coding,319
P02229,S07176,Writing,77
P02230,S00529,Coding,216
P02231,S06561,Image Generation,494
P02232,S07065,Writing,168
P02233,S02500,Research,191
P02234,S00050,Writing,786
P02235,S03133,Writing,134
P02236,S05362,Coding,467
P02237,S00960,Learning,306
P02238,S00505,Writing,391
P02239,S01880,Research,66
P02240,S05496,Writing,767
P02241,S06951,Business,275
P02242,S05367,Image Generation,664
P02243,S04918,Research,197
P02244,S06927,Business,236
P02245,S03363,Image Generation,654
P02246,S06919,Research,565
P02247,S00105,Research,376
P02248,S06939,Coding,588
P02249,S00437,Image Generation,656
P02250,S01372,Learning,557
P02251,S01752,Research,452
P02252,S02920,Learning,281
P02253,S06298,Business,320
P02254,S00593,Coding,378
P02255,S05702,Learning,585
P02256,S00535,Image Generation,448
P02257,S02001,Business,795
P02258,S05767,Coding,383
P02259,S00282,Learning,464
P02260,S05476,Research,363
P02261,S04156,Coding,536
P02262,S07101,Writing,782
P02263,S05988,Coding,420
P02264,S02712,Writing,61
P02265,S01313,Research,392
P02266,S03957,Business,126
P02267,S02322,Research,80
P02268,S03247,Business,139
P02269,S03421,Research,790
P02270,S05653,Writing,375
P02271,S03723,Coding,191
P02272,S04139,Research,634
P02273,S06260,Business,93
P02274,S06713,Coding,609
P02275,S00643,Image Generation,529
P02276,S00703,Image Generation,253
P02277,S04215,Learning,86
P02278,S07359,Coding,381
P02279,S05662,Image Generation,740
P02280,S04867,Learning,622
P02281,S04464,Coding,279
P02282,S01802,Business,73
P02283,S00381,Learning,212
P02284,S06842,Writing,150
P02285,S02019,Research,466
P02286,S01289,Image Generation,404
P02287,S00234,Research,536
P02288,S00792,Image Generation,122
P02289,S02572,Business,554
P02290,S04503,Image Generation,175
P02291,S05817,Writing,590
P02292,S02239,Learning,600
P02293,S06169,Learning,285
P02294,S01681,Learning,98
P02295,S02248,Business,646
P02296,S04900,Writing,465
P02297,S03894,Learning,599
P02298,S06181,Writing,136
P02299,S07065,Research,219
P02300,S06650,Writing,236
P02301,S01042,Research,617
P02302,S07160,Learning,544
P02303,S05262,Learning,340
P02304,S00725,Writing,631
P02305,S05783,Image Generation,233
P02306,S01171,Image Generation,173
P02307,S06086,Image Generation,477
P02308,S06057,Learning,501
P02309,S07424,Learning,332
P02310,S01574,Writing,599
P02311,S07183,Image Generation,191
P02312,S05284,Research,596
P02313,S00601,Research,514
P02314,S05416,Research,81
P02315,S03698,Writing,669
P02316,S00600,Coding,59
P02317,S05406,Image Generation,242
P02318,S05599,Learning,563
P02319,S06310,Learning,788
P02320,S06019,Business,542
P02321,S04862,Coding,415
P02322,S04667,Research,505
P02323,S03952,Writing,590
P02324,S01985,Writing,412
P02325,S02053,Research,523
P02326,S06923,Image Generation,447
P02327,S01743,Writing,468
P02328,S04128,Research,749
P02329,S04734,Learning,463
P02330,S05224,Writing,475
P02331,S01206,Learning,657
P02332,S05279,Coding,336
P02333,S04668,Coding,282
P02334,S04621,Writing,653
P02335,S04299,Research,241
P02336,S04116,Writing,555
P02337,S05279,Coding,383
P02338,S05480,Coding,422
P02339,S03543,Writing,601
P02340,S03688,Learning,496
P02341,S04155,Writing,749
P02342,S02054,Research,489
P02343,S03743,Writing,669
P02344,S00039,Business,722
P02345,S01301,Coding,373
P02346,S02901,Research,733
P02347,S01492,Writing,376
P02348,S03942,Business,677
P02349,S02753,Image Generation,777
P02350,S07153,Image Generation,614
P02351,S04964,Research,422
P02352,S06350,Writing,145
P02353,S03714,Image Generation,104
P02354,S04058,Business,664
P02355,S01654,Coding,100
P02356,S00852,Writing,601
P02357,S05391,Research,404
P02358,S03179,Writing,775
P02359,S03875,Image Generation,799
P02360,S04096,Writing,660
P02361,S03416,Image Generation,585
P02362,S04763,Image Generation,733
P02363,S01574,Writing,575
P02364,S03311,Learning,645
P02365,S03878,Business,721
P02366,S01690,Research,591
P02367,S00043,Business,472
P02368,S06490,Writing,356
P02369,S01162,Learning,736
P02370,S03946,Business,312
P02371,S01960,Coding,358
P02372,S03039,Learning,404
P02373,S04563,Research,759
P02374,S06445,Coding,204
P02375,S00754,Writing,709
P02376,S02442,Research,707
P02377,S03786,Coding,114
P02378,S01412,Image Generation,296
P02379,S00466,Business,92
P02380,S02779,Coding,761
P02381,S06541,Learning,308
P02382,S02478,Image Generation,267
P02383,S02808,Business,629
P02384,S02030,Business,376
P02385,S03658,Image Generation,196
P02386,S07041,Learning,265
P02387,S03546,Writing,745
P02388,S04964,Learning,431
P02389,S05377,Writing,511
P02390,S07192,Coding,474
P02391,S05731,Image Generation,240
P02392,S04769,Coding,209
P02393,S03091,Writing,295
P02394,S02198,Learning,293
P02395,S02118,Coding,59
P02396,S06220,Learning,470
P02397,S05490,Learning,405
P02398,S04390,Image Generation,198
P02399,S06440,Business,505
P02400,S03254,Learning,105
P02401,S00685,Image Generation,416
P02402,S03464,Image Generation,667
P02403,S02590,Learning,245
P02404,S02410,Writing,205
P02405,S06776,Business,223
P02406,S01287,Business,533
P02407,S06761,Research,177
P02408,S00624,Image Generation,624
P02409,S06113,Image Generation,299
P02410,S05149,Business,356
P02411,S04894,Coding,358
P02412,S01666,Image Generation,73
P02413,S03134,Research,536
P02414,S03281,Research,358
P02415,S07364,Coding,590
P02416,S01876,Image Generation,128
P02417,S02675,Research,372
P02418,S03715,Coding,315
P02419,S02975,Learning,625
P02420,S01022,Image Generation,122
P02421,S05498,Research,503
P02422,S05475,Coding,218
P02423,S04246,Coding,513
P02424,S02099,Image Generation,500
P02425,S06613,Research,517
P02426,S06283,Learning,240
P02427,S00229,Writing,157
P02428,S02652,Business,559
P02429,S05777,Business,152
P02430,S07030,Coding,112
P02431,S03944,Learning,565
P02432,S01914,Research,240
P02433,S06501,Research,757
P02434,S06420,Coding,737
P02435,S03638,Coding,186
P02436,S04609,Coding,648
P02437,S01159,Learning,174
P02438,S01415,Research,735
P02439,S07339,Image Generation,308
P02440,S04098,Writing,722
P02441,S01911,Business,533
P02442,S07379,Coding,134
P02443,S06438,Business,799
P02444,S05507,Business,396
P02445,S04536,Writing,651
P02446,S05113,Learning,77
P02447,S06340,Business,229
P02448,S03778,Learning,403
P02449,S03810,Coding,674
P02450,S07324,Research,124
P02451,S03164,Coding,696
P02452,S07257,Writing,786
P02453,S02157,Coding,194
P02454,S04692,Learning,774
P02455,S03519,Image Generation,379
P02456,S04877,Image Generation,729
P02457,S03352,Research,190
P02458,S00221,Business,78
P02459,S07462,Image Generation,67
P02460,S03010,Coding,167
P02461,S06148,Image Generation,119
P02462,S03495,Business,187
P02463,S06724,Coding,451
P02464,S06780,Writing,352
P02465,S04411,Image Generation,489
P02466,S03731,Image Generation,688
P02467,S03197,Writing,695
P02468,S04288,Writing,224
P02469,S07297,Learning,330
P02470,S00885,Learning,562
P02471,S05922,Learning,247
P02472,S04394,Learning,558
P02473,S05932,Research,245
P02474,S02051,Business,244
P02475,S06115,Learning,519
P02476,S02791,Image Generation,594
P02477,S06360,Image Generation,85
P02478,S06963,Image Generation,515
P02479,S04280,Image Generation,349
P02480,S07079,Learning,130
P02481,S02314,Learning,575
P02482,S05412,Business,204
P02483,S06245,Writing,727
P02484,S05500,Image Generation,84
P02485,S03644,Learning,728
P02486,S03968,Writing,238
P02487,S00945,Writing,759
P02488,S02196,Writing,516
P02489,S02439,Business,431
P02490,S06173,Business,343
P02491,S03933,Coding,755
P02492,S00419,Research,486
P02493,S02542,Image Generation,620
P02494,S04840,Research,80
P02495,S01204,Writing,665
P02496,S05079,Coding,202
P02497,S00553,Business,448
P02498,S06439,Writing,671
P02499,S05566,Writing,283
P02500,S05510,Learning,451
P02501,S04853,Learning,408
P02502,S02479,Research,102
P02503,S02692,Coding,460
P02504,S04503,Business,407
P02505,S06796,Writing,178
P02506,S06582,Writing,139
P02507,S01035,Image Generation,679
P02508,S00897,Coding,219
P02509,S04634,Learning,478
P02510,S00516,Coding,147
P02511,S04765,Research,375
P02512,S07129,Learning,560
P02513,S01502,Business,459
P02514,S06165,Image Generation,329
P02515,S04223,Research,669
P02516,S06250,Business,370
P02517,S02084,Learning,766
P02518,S05291,Writing,636
P02519,S04987,Business,239
P02520,S02945,Research,636
P02521,S01919,Learning,471
P02522,S06351,Learning,698
P02523,S06445,Coding,145
P02524,S06626,Coding,135
P02525,S04778,Learning,352
P02526,S02380,Business,269
P02527,S06544,Business,452
P02528,S06764,Research,552
P02529,S07360,Coding,610
P02530,S06495,Image Generation,418
P02531,S02461,Image Generation,636
P02532,S02790,Learning,565
P02533,S01365,Coding,674
P02534,S04361,Learning,671
P02535,S00355,Business,485
P02536,S02034,Learning,274
P02537,S03603,Image Generation,770
P02538,S02347,Image Generation,566
P02539,S03878,Learning,441
P02540,S01425,Image Generation,175
P02541,S07297,Business,486
P02542,S00942,Image Generation,670
P02543,S01841,Coding,306
P02544,S04655,Research,693
P02545,S05569,Business,326
P02546,S03371,Business,564
P02547,S05138,Research,205
P02548,S01745,Coding,687
P02549,S06356,Coding,289
P02550,S00678,Image Generation,68
P02551,S01742,Business,435
P02552,S06663,Coding,593
P02553,S03475,Coding,578
P02554,S07248,Image Generation,290
P02555,S07408,Business,517
P02556,S06839,Learning,621
P02557,S05647,Learning,791
P02558,S00630,Writing,742
P02559,S02853,Learning,386
P02560,S03773,Learning,528
P02561,S01979,Coding,570
P02562,S01353,Learning,109
P02563,S06807,Image Generation,753
P02564,S03716,Image Generation,146
P02565,S03772,Image Generation,57
P02566,S02594,Coding,87
P02567,S04766,Research,373
P02568,S07368,Research,730
P02569,S03049,Business,430
P02570,S06608,Coding,248
P02571,S07319,Business,254
P02572,S00011,Image Generation,764
P02573,S02228,Coding,672
P02574,S03301,Business,56
P02575,S03292,Learning,300
P02576,S06009,Coding,128
P02577,S02072,Learning,524
P02578,S02510,Image Generation,560
P02579,S06770,Coding,436
P02580,S02960,Business,233
P02581,S00496,Coding,93
P02582,S04693,Business,481
P02583,S02463,Learning,158
P02584,S06281,Learning,589
P02585,S04110,Image Generation,789
P02586,S02967,Business,595
P02587,S06832,Image Generation,662
P02588,S03370,Research,148
P02589,S04380,Writing,190
P02590,S00602,Writing,210
P02591,S07177,Research,307
P02592,S04124,Learning,436
P02593,S07165,Writing,502
P02594,S06923,Research,414
P02595,S05083,Image Generation,679
P02596,S03578,Coding,715
P02597,S05323,Business,591
P02598,S00211,Business,257
P02599,S05332,Learning,400
P02600,S06286,Writing,639
P02601,S01348,Research,739
P02602,S05760,Image Generation,771
P02603,S00609,Business,447
P02604,S05682,Image Generation,734
P02605,S00981,Writing,431
P02606,S03778,Business,771
P02607,S04881,Business,447
P02608,S02711,Learning,202
P02609,S00549,Business,433
P02610,S02159,Writing,800
P02611,S00187,Research,779
P02612,S03923,Writing,602
P02613,S03479,Image Generation,574
P02614,S05260,Image Generation,493
P02615,S00434,Research,269
P02616,S01077,Business,440
P02617,S02612,Business,577
P02618,S03995,Business,242
P02619,S00867,Coding,250
P02620,S06149,Business,347
P02621,S05647,Business,277
P02622,S05293,Image Generation,390
P02623,S05144,Learning,74
P02624,S04139,Research,156
P02625,S01639,Business,168
P02626,S06661,Business,462
P02627,S06983,Writing,178
P02628,S01323,Image Generation,797
P02629,S03025,Writing,174
P02630,S05706,Business,400
P02631,S04478,Coding,282
P02632,S02020,Research,323
P02633,S03541,Learning,779
P02634,S05489,Writing,503
P02635,S03084,Writing,403
P02636,S05726,Research,119
P02637,S04940,Writing,582
P02638,S05180,Learning,110
P02639,S03209,Writing,465
P02640,S01330,Coding,593
P02641,S05857,Learning,167
P02642,S02289,Image Generation,301
P02643,S03484,Coding,301
P02644,S00596,Business,717
P02645,S03433,Image Generation,717
P02646,S01296,Business,434
P02647,S02398,Learning,107
P02648,S03295,Business,145
P02649,S04287,Learning,318
P02650,S01333,Coding,635
P02651,S03396,Writing,147
P02652,S01473,Research,733
P02653,S02782,Coding,533
P02654,S04782,Writing,642
P02655,S05865,Writing,210
P02656,S03430,Image Generation,762
P02657,S00304,Writing,57
P02658,S00506,Business,545
P02659,S00233,Research,167
P02660,S02004,Research,316
P02661,S03738,Writing,450
P02662,S06266,Image Generation,371
P02663,S01547,Image Generation,527
P02664,S05176,Image Generation,357
P02665,S03792,Research,637
P02666,S01587,Image Generation,408
P02667,S07253,Research,371
P02668,S04049,Coding,785
P02669,S01490,Research,511
P02670,S02391,Image Generation,98
P02671,S04420,Learning,139
P02672,S01414,Research,333
P02673,S00371,Learning,455
P02674,S03285,Image Generation,437
P02675,S00991,Research,76
P02676,S05468,Writing,679
P02677,S01155,Image Generation,702
P02678,S05702,Writing,576
P02679,S04634,Learning,105
P02680,S01220,Research,388
P02681,S04353,Image Generation,603
P02682,S03865,Image Generation,108
P02683,S07445,Research,414
P02684,S01151,Writing,543
P02685,S02463,Writing,480
P02686,S05434,Business,117
P02687,S00799,Image Generation,417
P02688,S06051,Image Generation,548
P02689,S05922,Coding,668
P02690,S07417,Image Generation,512
P02691,S06353,Learning,509
P02692,S05536,Business,53
P02693,S07335,Business,395
P02694,S04741,Image Generation,307
P02695,S06114,Business,197
P02696,S06687,Learning,655
P02697,S05272,Image Generation,457
P02698,S03533,Coding,473
P02699,S01776,Research,650
P02700,S05033,Writing,99
P02701,S00321,Writing,379
P02702,S01846,Research,343
P02703,S01722,Business,557
P02704,S01947,Coding,395
P02705,S04891,Business,563
P02706,S03382,Image Generation,256
P02707,S02245,Research,554
P02708,S03594,Business,279
P02709,S00870,Business,543
P02710,S05268,Coding,507
P02711,S04003,Coding,77
P02712,S07165,Learning,330
P02713,S04136,Learning,162
P02714,S05617,Coding,594
P02715,S05876,Research,406
P02716,S07424,Writing,535
P02717,S03122,Learning,225
P02718,S03357,Research,533
P02719,S05415,Coding,679
P02720,S07326,Coding,501
P02721,S06009,Coding,646
P02722,S00376,Writing,523
P02723,S04415,Image Generation,278
P02724,S04095,Coding,59
P02725,S05058,Business,226
P02726,S01319,Research,367
P02727,S06088,Business,257
P02728,S02287,Business,541
P02729,S04457,Image Generation,104
P02730,S07336,Image Generation,674
P02731,S00900,Coding,371
P02732,S01091,Learning,497
P02733,S01727,Image Generation,189
P02734,S06175,Business,556
P02735,S07351,Coding,311
P02736,S00935,Image Generation,567
P02737,S01103,Learning,354
P02738,S01827,Learning,670
P02739,S00614,Research,234
P02740,S04664,Learning,586
P02741,S00624,Writing,690
P02742,S02191,Business,358
P02743,S05534,Business,600
P02744,S03644,Writing,727
P02745,S05552,Image Generation,225
P02746,S05501,Learning,736
P02747,S05534,Learning,252
P02748,S03732,Writing,572
P02749,S06740,Coding,436
P02750,S03064,Research,698
P02751,S03601,Learning,89
P02752,S07109,Image Generation,763
P02753,S02116,Research,129
P02754,S06361,Research,388
P02755,S03558,Writing,654
P02756,S07214,Business,725
P02757,S02040,Business,774
P02758,S04638,Learning,776
P02759,S03227,Research,54
P02760,S05118,Coding,721
P02761,S00365,Research,503
P02762,S07269,Learning,160
P02763,S04265,Business,611
P02764,S00415,Image Generation,281
P02765,S01932,Writing,654
P02766,S05216,Writing,490
P02767,S05382,Coding,246
P02768,S01003,Coding,222
P02769,S04183,Research,178
P02770,S04434,Image Generation,629
P02771,S00951,Writing,784
P02772,S06514,Coding,385
P02773,S04162,Writing,90
P02774,S00865,Image Generation,394
P02775,S01728,Writing,531
P02776,S03818,Business,272
P02777,S06945,Research,477
P02778,S07265,Writing,395
P02779,S00291,Business,665
P02780,S02382,Coding,625
P02781,S03373,Coding,671
P02782,S01680,Writing,769
P02783,S02108,Writing,227
P02784,S03191,Writing,792
P02785,S01897,Writing,410
P02786,S04217,Business,416
P02787,S02103,Writing,104
P02788,S01466,Business,679
P02789,S04624,Business,97
P02790,S00029,Writing,429
P02791,S00889,Writing,748
P02792,S01486,Learning,309
P02793,S04983,Research,619
P02794,S05268,Learning,353
P02795,S04216,Coding,63
P02796,S02688,Learning,490
P02797,S05122,Coding,474
P02798,S00015,Image Generation,401
P02799,S04458,Research,92
P02800,S01364,Image Generation,567
P02801,S03781,Coding,120
P02802,S00598,Learning,211
P02803,S02322,Writing,365
P02804,S03218,Writing,507
P02805,S04928,Image Generation,349
P02806,S06603,Research,527
P02807,S01307,Image Generation,760
P02808,S00631,Image Generation,178
P02809,S03140,Writing,393
P02810,S05346,Research,550
P02811,S02184,Business,419
P02812,S00017,Writing,688
P02813,S06218,Image Generation,570
P02814,S00005,Research,799
P02815,S04578,Writing,767
P02816,S05602,Research,57
P02817,S01342,Research,757
P02818,S02791,Image Generation,92
P02819,S07418,Research,62
P02820,S07280,Image Generation,582
P02821,S03356,Business,640
P02822,S05916,Business,716
P02823,S04568,Coding,220
P02824,S06745,Research,218
P02825,S06355,Writing,644
P02826,S05586,Writing,165
P02827,S04608,Research,588
P02828,S00967,Research,711
P02829,S01724,Coding,776
P02830,S03084,Writing,323
P02831,S00526,Learning,79
P02832,S05191,Coding,513
P02833,S03693,Image Generation,541
P02834,S07343,Research,118
P02835,S06295,Learning,782
P02836,S01910,Business,738
P02837,S06187,Research,467
P02838,S00910,Writing,498
P02839,S06618,Learning,575
P02840,S02112,Research,324
P02841,S02038,Image Generation,326
P02842,S04049,Coding,469
P02843,S03538,Learning,195
P02844,S03781,Writing,397
P02845,S06082,Learning,153
P02846,S04912,Writing,662
P02847,S03493,Writing,685
P02848,S04757,Coding,677
P02849,S04466,Image Generation,686
P02850,S00347,Writing,591
P02851,S06558,Image Generation,660
P02852,S07323,Business,103
P02853,S01409,Coding,595
P02854,S01774,Image Generation,382
P02855,S06203,Coding,521
P02856,S02569,Image Generation,438
P02857,S00876,Research,97
P02858,S05050,Business,602
P02859,S01679,Business,111
P02860,S04222,Coding,618
P02861,S00385,Image Generation,755
P02862,S03902,Research,575
P02863,S01377,Coding,141
P02864,S07311,Learning,798
P02865,S00169,Business,166
P02866,S02005,Image Generation,656
P02867,S04442,Coding,758
P02868,S07340,Coding,728
P02869,S00465,Business,269
P02870,S01102,Writing,97
P02871,S04871,Business,679
P02872,S04982,Business,722
P02873,S02428,Business,632
P02874,S03138,Writing,607
P02875,S04812,Research,483
P02876,S02225,Learning,582
P02877,S02464,Research,574
P02878,S00450,Learning,136
P02879,S03272,Coding,384
P02880,S02359,Image Generation,496
P02881,S07277,Coding,433
P02882,S02542,Writing,95
P02883,S06079,Writing,334
P02884,S06149,Business,337
P02885,S02850,Coding,62
P02886,S03980,Research,329
P02887,S07303,Coding,751
P02888,S03229,Business,513
P02889,S01770,Writing,279
P02890,S07210,Image Generation,265
P02891,S00940,Coding,389
P02892,S02535,Image Generation,79
P02893,S02127,Business,391
P02894,S05413,Coding,539
P02895,S04376,Writing,178
P02896,S06671,Research,56
P02897,S01719,Writing,562
P02898,S01627,Writing,385
P02899,S06517,Research,59
P02900,S02529,Business,302
P02901,S03486,Image Generation,666
P02902,S01854,Business,452
P02903,S06462,Learning,215
P02904,S04465,Business,306
P02905,S04331,Writing,269
P02906,S01509,Coding,326
P02907,S06495,Research,51
P02908,S01091,Image Generation,114
P02909,S06085,Learning,532
P02910,S02652,Business,218
P02911,S01409,Coding,626
P02912,S00586,Business,758
P02913,S05140,Business,122
P02914,S06747,Business,519
P02915,S03922,Coding,746
P02916,S05481,Image Generation,337
P02917,S05198,Writing,506
P02918,S04857,Business,585
P02919,S00187,Writing,773
P02920,S01707,Image Generation,321
P02921,S04804,Business,664
P02922,S02148,Image Generation,375
P02923,S03559,Coding,515
P02924,S01814,Business,609
P02925,S06945,Research,761
P02926,S01925,Research,676
P02927,S06215,Coding,82
P02928,S05558,Image Generation,210
P02929,S03141,Learning,256
P02930,S02752,Learning,282
P02931,S03283,Business,66
P02932,S06577,Business,272
P02933,S02359,Business,577
P02934,S04859,Image Generation,68
P02935,S04799,Coding,766
P02936,S00955,Coding,778
P02937,S00362,Coding,176
P02938,S01826,Image Generation,219
P02939,S04263,Business,775
P02940,S04066,Learning,621
P02941,S04932,Learning,643
P02942,S05289,Image Generation,436
P02943,S07354,Image Generation,379
P02944,S02450,Business,789
P02945,S02248,Image Generation,592
P02946,S00252,Writing,658
P02947,S00943,Coding,148
P02948,S06186,Learning,313
P02949,S07306,Image Generation,355
P02950,S01579,Writing,178
P02951,S03253,Writing,415
P02952,S05207,Image Generation,52
P02953,S01522,Research,178
P02954,S04134,Writing,182
P02955,S05034,Learning,269
P02956,S01125,Image Generation,434
P02957,S00172,Learning,398
P02958,S03673,Writing,601
P02959,S05794,Writing,56
P02960,S02697,Research,217
P02961,S01565,Business,231
P02962,S01858,Coding,427
P02963,S05920,Business,182
P02964,S01175,Learning,651
P02965,S05299,Coding,657
P02966,S05932,Research,178
P02967,S02229,Research,549
P02968,S01008,Writing,436
P02969,S07113,Research,186
P02970,S07454,Image Generation,795
P02971,S07470,Image Generation,563
P02972,S04254,Writing,316
P02973,S00172,Image Generation,543
P02974,S01955,Image Generation,83
P02975,S00273,Research,151
P02976,S05894,Research,232
P02977,S01877,Writing,69
P02978,S00263,Business,498
P02979,S04902,Writing,451
P02980,S05502,Writing,794
P02981,S02788,Coding,171
P02982,S01681,Writing,408
P02983,S03011,Business,213
P02984,S00019,Image Generation,502
P02985,S02803,Business,799
P02986,S07247,Business,507
P02987,S05500,Business,114
P02988,S00366,Business,796
P02989,S02559,Research,777
P02990,S05668,Business,503
P02991,S07306,Business,200
P02992,S02873,Business,271
P02993,S06032,Learning,343
P02994,S06218,Writing,331
P02995,S06002,Writing,403
P02996,S03572,Business,775
P02997,S00870,Learning,593
P02998,S03700,Business,78
P02999,S05086,Writing,417
P03000,S05884,Learning,577
P03001,S04948,Research,444
P03002,S00804,Coding,215
P03003,S00144,Image Generation,103
P03004,S06209,Research,353
P03005,S06970,Business,600
P03006,S00183,Coding,71
P03007,S05918,Image Generation,773
P03008,S01927,Learning,131
P03009,S01425,Coding,351
P03010,S06969,Research,711
P03011,S04599,Research,58
P03012,S02128,Research,648
P03013,S03745,Writing,496
P03014,S01660,Coding,789
P03015,S04425,Writing,161
P03016,S05267,Business,124
P03017,S02285,Coding,302
P03018,S06155,Image Generation,57
P03019,S06048,Learning,526
P03020,S07191,Image Generation,337
P03021,S05666,Learning,616
P03022,S05738,Learning,266
P03023,S01879,Business,756
P03024,S06674,Learning,754
P03025,S07271,Coding,244
P03026,S03548,Business,751
P03027,S05924,Research,80
P03028,S02289,Research,729
P03029,S00224,Writing,586
P03030,S03201,Research,492
P03031,S02303,Business,274
P03032,S05575,Learning,566
P03033,S01666,Writing,537
P03034,S05244,Learning,754
P03035,S03985,Research,278
P03036,S00839,Image Generation,82
P03037,S03779,Business,604
P03038,S06640,Writing,771
P03039,S07080,Coding,117
P03040,S06242,Business,747
P03041,S00570,Learning,225
P03042,S05613,Writing,541
P03043,S03763,Learning,697
P03044,S02177,Image Generation,60
P03045,S03705,Learning,734
P03046,S04004,Business,196
P03047,S04498,Coding,125
P03048,S02099,Research,54
P03049,S01211,Learning,358
P03050,S03805,Image Generation,204
P03051,S06215,Business,516
P03052,S00457,Coding,530
P03053,S03299,Coding,514
P03054,S00509,Learning,463
P03055,S04528,Learning,57
P03056,S03541,Research,624
P03057,S05173,Business,86
P03058,S05705,Writing,748
P03059,S06928,Research,746
P03060,S01170,Business,705
P03061,S02460,Coding,358
P03062,S02482,Learning,289
P03063,S01662,Writing,370
P03064,S04982,Image Generation,208
P03065,S00661,Research,432
P03066,S01093,Learning,528
P03067,S04647,Business,444
P03068,S06638,Learning,56
P03069,S02612,Research,620
P03070,S02090,Writing,643
P03071,S07192,Writing,657
P03072,S06513,Writing,178
P03073,S06003,Image Generation,596
P03074,S05007,Image Generation,536
P03075,S04745,Learning,410
P03076,S05466,Learning,587
P03077,S04012,Research,578
P03078,S05592,Coding,208
P03079,S04862,Research,418
P03080,S04046,Research,281
P03081,S04144,Research,167
P03082,S04293,Writing,545
P03083,S07453,Image Generation,150
P03084,S05631,Coding,537
P03085,S05851,Image Generation,708
P03086,S02348,Coding,598
P03087,S03102,Coding,144
P03088,S03248,Research,239
P03089,S04291,Research,493
P03090,S01597,Writing,171
P03091,S02506,Business,633
P03092,S04449,Image Generation,91
P03093,S07129,Coding,736
P03094,S04978,Writing,134
P03095,S03600,Coding,760
P03096,S03951,Learning,544
P03097,S02188,Research,683
P03098,S05724,Image Generation,699
P03099,S04187,Image Generation,698
P03100,S03136,Business,88
P03101,S03995,Learning,505
P03102,S03134,Research,644
P03103,S01663,Learning,548
P03104,S03877,Writing,686
P03105,S00857,Writing,553
P03106,S01008,Research,172
P03107,S03211,Image Generation,199
P03108,S04914,Business,151
P03109,S06811,Image Generation,169
P03110,S02351,Coding,522
P03111,S03867,Research,252
P03112,S05179,Learning,656
P03113,S06647,Learning,553
P03114,S01336,Business,227
P03115,S05089,Research,681
P03116,S06803,Writing,523
P03117,S03327,Image Generation,411
P03118,S01958,Business,266
P03119,S06176,Image Generation,699
P03120,S02456,Business,172
P03121,S00933,Learning,116
P03122,S07012,Research,697
P03123,S06269,Learning,720
P03124,S00773,Research,383
P03125,S05397,Business,250
P03126,S02826,Coding,413
P03127,S04639,Business,312
P03128,S01521,Writing,110
P03129,S01138,Business,86
P03130,S04564,Research,94
P03131,S03650,Business,192
P03132,S04728,Research,65
P03133,S04331,Learning,513
P03134,S07137,Business,188
P03135,S01379,Image Generation,472
P03136,S03117,Coding,605
P03137,S01393,Learning,289
P03138,S05477,Learning,741
P03139,S03845,Learning,703
P03140,S01470,Learning,511
P03141,S06336,Writing,410
P03142,S01501,Writing,678
P03143,S00260,Research,485
P03144,S03271,Image Generation,105
P03145,S05313,Learning,650
P03146,S00048,Writing,410
P03147,S00320,Coding,116
P03148,S03880,Image Generation,391
P03149,S06537,Coding,173
P03150,S01772,Image Generation,307
P03151,S04686,Coding,508
P03152,S02869,Image Generation,217
P03153,S06764,Coding,362
P03154,S02958,Learning,694
P03155,S04111,Business,86
P03156,S06890,Writing,110
P03157,S06778,Research,288
P03158,S04135,Business,102
P03159,S03607,Image Generation,342
P03160,S05043,Business,219
P03161,S00182,Image Generation,224
P03162,S01345,Learning,633
P03163,S05499,Writing,610
P03164,S02517,Coding,126
P03165,S00368,Business,86
P03166,S03410,Writing,707
P03167,S01696,Learning,488
P03168,S05724,Coding,740
P03169,S05740,Writing,473
P03170,S02588,Business,217
P03171,S01015,Writing,186
P03172,S04334,Image Generation,571
P03173,S07343,Image Generation,376
P03174,S00089,Learning,594
P03175,S00985,Business,435
P03176,S04653,Image Generation,471
P03177,S07177,Coding,318
P03178,S05689,Research,572
P03179,S06497,Image Generation,63
P03180,S03521,Research,548
P03181,S03177,Research,202
P03182,S05861,Coding,242
P03183,S04478,Writing,764
P03184,S03466,Business,536
P03185,S03701,Research,742
P03186,S03912,Learning,102
P03187,S00195,Writing,719
P03188,S01479,Learning,78
P03189,S07203,Learning,181
P03190,S00887,Business,298
P03191,S03062,Learning,539
P03192,S02312,Learning,401
P03193,S00727,Learning,76
P03194,S01658,Research,204
P03195,S05763,Research,500
P03196,S00416,Image Generation,515
P03197,S05596,Image Generation,108
P03198,S01290,Business,588
P03199,S01133,Learning,508
P03200,S00661,Writing,295
P03201,S03545,Business,82
P03202,S00100,Image Generation,438
P03203,S01107,Research,527
P03204,S06748,Coding,57
P03205,S07147,Coding,554
P03206,S00763,Image Generation,391
P03207,S05228,Business,497
P03208,S03410,Research,98
P03209,S05571,Coding,775
P03210,S01477,Business,686
P03211,S06080,Research,457
P03212,S00608,Research,636
P03213,S04843,Learning,250
P03214,S05152,Research,547
P03215,S02412,Writing,720
P03216,S01958,Writing,551
P03217,S01532,Business,682
P03218,S06504,Business,676
P03219,S00601,Research,170
P03220,S04521,Coding,155
P03221,S00837,Learning,295
P03222,S00965,Coding,427
P03223,S00492,Coding,121
P03224,S02855,Research,234
P03225,S02995,Business,291
P03226,S03338,Business,222
P03227,S02965,Research,727
P03228,S06517,Writing,527
P03229,S04712,Coding,325
P03230,S00441,Coding,81
P03231,S05189,Research,252
P03232,S07453,Coding,608
P03233,S04652,Coding,493
P03234,S02499,Writing,589
P03235,S03867,Writing,798
P03236,S02848,Learning,687
P03237,S05315,Research,667
P03238,S05113,Business,355
P03239,S01370,Coding,336
P03240,S05790,Writing,484
P03241,S00089,Business,271
P03242,S04863,Image Generation,436
P03243,S05516,Research,796
P03244,S04994,Writing,726
P03245,S01449,Business,682
P03246,S04619,Business,399
P03247,S06664,Coding,379
P03248,S03328,Learning,597
P03249,S05802,Business,539
P03250,S06077,Business,665
P03251,S01369,Coding,52
P03252,S05896,Learning,761
P03253,S06735,Coding,114
P03254,S04257,Image Generation,155
P03255,S04264,Business,101
P03256,S07244,Learning,502
P03257,S03178,Learning,116
P03258,S01266,Coding,496
P03259,S05551,Business,468
P03260,S05694,Business,125
P03261,S01011,Writing,741
P03262,S03568,Coding,496
P03263,S00014,Writing,383
P03264,S03057,Writing,94
P03265,S07022,Writing,235
P03266,S02500,Image Generation,349
P03267,S02506,Coding,166
P03268,S05288,Coding,266
P03269,S06879,Learning,752
P03270,S02874,Coding,326
P03271,S04371,Coding,578
P03272,S03083,Learning,322
P03273,S03193,Writing,126
P03274,S05039,Coding,277
P03275,S01982,Research,220
P03276,S01270,Coding,497
P03277,S07157,Coding,765
P03278,S00371,Writing,558
P03279,S00463,Coding,110
P03280,S03276,Research,532
P03281,S00674,Learning,252
P03282,S05111,Research,469
P03283,S03279,Coding,657
P03284,S00431,Learning,391
P03285,S05615,Business,709
P03286,S03022,Research,535
P03287,S02444,Business,183
P03288,S04569,Business,515
P03289,S06217,Writing,719
P03290,S00696,Business,586
P03291,S06999,Image Generation,285
P03292,S07417,Research,194
P03293,S05517,Research,652
P03294,S02548,Coding,264
P03295,S04512,Business,575
P03296,S03355,Learning,687
P03297,S06071,Coding,156
P03298,S03103,Learning,428
P03299,S05323,Image Generation,282
P03300,S00332,Business,425
P03301,S02741,Business,724
P03302,S06542,Research,695
P03303,S03167,Image Generation,692
P03304,S03241,Research,479
P03305,S01147,Research,142
P03306,S00860,Research,127
P03307,S04533,Coding,499
P03308,S00676,Coding,70
P03309,S05081,Business,503
P03310,S06336,Coding,97
P03311,S05400,Research,404
P03312,S04657,Writing,695
P03313,S05417,Image Generation,765
P03314,S04759,Business,471
P03315,S01596,Image Generation,485
P03316,S05383,Research,189
P03317,S07033,Writing,254
P03318,S05999,Learning,503
P03319,S01200,Learning,99
P03320,S03699,Business,613
P03321,S07081,Learning,87
P03322,S02283,Research,446
P03323,S03413,Research,356
P03324,S04941,Learning,548
P03325,S04717,Business,407
P03326,S04048,Business,767
P03327,S06625,Image Generation,738
P03328,S02641,Business,223
P03329,S05652,Image Generation,60
P03330,S04008,Image Generation,433
P03331,S03116,Research,308
P03332,S01639,Learning,278
P03333,S05737,Coding,457
P03334,S05397,Coding,644
P03335,S05917,Business,246
P03336,S00598,Business,246
P03337,S01064,Coding,413
P03338,S03079,Coding,468
P03339,S00688,Coding,388
P03340,S03909,Writing,468
P03341,S07299,Research,190
P03342,S05514,Business,532
P03343,S05530,Learning,507
P03344,S05622,Coding,798
P03345,S00257,Coding,115
P03346,S05527,Image Generation,681
P03347,S05817,Business,267
P03348,S06778,Business,480
P03349,S04581,Business,79
P03350,S05753,Learning,658
P03351,S01935,Writing,770
P03352,S06570,Research,592
P03353,S03696,Research,635
P03354,S05482,Business,386
P03355,S07101,Image Generation,787
P03356,S06649,Business,758
P03357,S02270,Business,585
P03358,S07047,Writing,483
P03359,S00668,Image Generation,305
P03360,S04902,Coding,780
P03361,S02081,Learning,296
P03362,S01371,Research,483
P03363,S01999,Writing,223
P03364,S05132,Writing,678
P03365,S01934,Learning,370
P03366,S03793,Coding,231
P03367,S00250,Business,453
P03368,S02741,Research,239
P03369,S04406,Image Generation,353
P03370,S01638,Learning,336
P03371,S04510,Image Generation,461
P03372,S01228,Image Generation,588
P03373,S00214,Coding,598
P03374,S04512,Image Generation,718
P03375,S04790,Research,159
P03376,S00473,Writing,773
P03377,S04606,Learning,393
P03378,S06043,Business,572
P03379,S02966,Image Generation,688
P03380,S01210,Business,745
P03381,S00168,Learning,448
P03382,S04946,Coding,315
P03383,S03578,Coding,57
P03384,S00126,Coding,348
P03385,S06439,Research,340
P03386,S06799,Coding,308
P03387,S05104,Learning,583
P03388,S01881,Image Generation,698
P03389,S02963,Business,361
P03390,S05426,Coding,186
P03391,S07103,Coding,786
P03392,S05497,Business,669
P03393,S03680,Writing,560
P03394,S05343,Business,732
P03395,S01363,Research,285
P03396,S03103,Business,368
P03397,S01148,Writing,380
P03398,S06694,Research,571
P03399,S01884,Research,418
P03400,S05512,Writing,436
P03401,S07400,Learning,600
P03402,S02789,Business,791
P03403,S04652,Learning,687
P03404,S04851,Learning,798
P03405,S03423,Image Generation,162
P03406,S01454,Coding,130
P03407,S04832,Business,317
P03408,S06434,Research,198
P03409,S04626,Learning,418
P03410,S02723,Learning,449
P03411,S00657,Learning,537
P03412,S00165,Learning,788
P03413,S01888,Coding,606
P03414,S03372,Business,499
P03415,S07414,Learning,566
P03416,S06400,Research,56
P03417,S03652,Writing,104
P03418,S01803,Image Generation,131
P03419,S06785,Coding,109
P03420,S02403,Research,437
P03421,S04083,Business,491
P03422,S05838,Coding,245
P03423,S05614,Writing,98
P03424,S06878,Coding,67
P03425,S03571,Business,585
P03426,S04058,Learning,515
P03427,S02991,Business,531
P03428,S07063,Research,204
P03429,S02233,Learning,341
P03430,S06342,Learning,531
P03431,S02893,Learning,427
P03432,S02335,Business,724
P03433,S04399,Image Generation,224
P03434,S01543,Research,154
P03435,S04730,Research,706
P03436,S01545,Learning,103
P03437,S05813,Learning,594
P03438,S00526,Business,736
P03439,S03916,Research,543
P03440,S06546,Writing,224
P03441,S05077,Research,474
P03442,S02724,Coding,431
P03443,S06604,Coding,144
P03444,S02642,Image Generation,195
P03445,S03058,Research,375
P03446,S01678,Learning,82
P03447,S06948,Image Generation,699
P03448,S07289,Learning,434
P03449,S00770,Learning,638
P03450,S04883,Image Generation,742
P03451,S01454,Learning,58
P03452,S03157,Writing,500
P03453,S06592,Business,594
P03454,S04080,Business,793
P03455,S04880,Business,211
P03456,S04431,Learning,392
P03457,S07395,Business,460
P03458,S07101,Research,308
P03459,S04174,Writing,88
P03460,S04863,Research,535
P03461,S02109,Research,116
P03462,S00711,Writing,777
P03463,S03477,Business,328
P03464,S01337,Research,546
P03465,S01766,Writing,453
P03466,S00957,Coding,270
P03467,S05255,Learning,673
P03468,S00515,Writing,59
P03469,S06693,Image Generation,455
P03470,S00748,Research,137
P03471,S01034,Research,525
P03472,S07316,Learning,717
P03473,S00760,Business,85
P03474,S00468,Research,276
P03475,S04438,Learning,532
P03476,S02779,Learning,784
P03477,S01583,Coding,780
P03478,S05008,Research,57
P03479,S01994,Learning,557
P03480,S05870,Coding,138
P03481,S06884,Research,360
P03482,S00308,Business,472
P03483,S01820,Research,133
P03484,S03915,Writing,508
P03485,S01402,Writing,443
P03486,S06991,Image Generation,482
P03487,S04595,Business,172
P03488,S03930,Writing,313
P03489,S04972,Learning,574
P03490,S00169,Business,340
P03491,S00065,Learning,271
P03492,S06386,Writing,344
P03493,S05882,Image Generation,571
P03494,S02282,Image Generation,77
P03495,S06072,Image Generation,729
P03496,S01480,Writing,477
P03497,S05733,Research,182
P03498,S04054,Writing,678
P03499,S05267,Business,334
P03500,S01788,Writing,791
P03501,S00042,Coding,118
P03502,S04219,Business,738
P03503,S01244,Writing,455
P03504,S00846,Coding,138
P03505,S00508,Learning,547
P03506,S00003,Image Generation,550
P03507,S01194,Research,680
P03508,S05417,Research,703
P03509,S02549,Writing,115
P03510,S03889,Research,583
P03511,S05931,Image Generation,197
P03512,S04388,Learning,779
P03513,S06421,Business,230
P03514,S03340,Coding,534
P03515,S07377,Learning,361
P03516,S05536,Business,702
P03517,S00846,Writing,643
P03518,S00084,Coding,123
P03519,S00581,Coding,171
P03520,S07479,Research,775
P03521,S03492,Learning,761
P03522,S01703,Learning,382
P03523,S02403,Business,702
P03524,S00160,Image Generation,306
P03525,S06961,Business,588
P03526,S05430,Research,706
P03527,S03675,Research,652
P03528,S04719,Business,127
P03529,S02427,Business,384
P03530,S02790,Image Generation,465
P03531,S02338,Business,674
P03532,S01260,Business,753
P03533,S01401,Learning,583
P03534,S02660,Research,764
P03535,S00147,Coding,317
P03536,S02175,Writing,781
P03537,S02988,Research,414
P03538,S01614,Research,625
P03539,S06699,Image Generation,267
P03540,S04682,Business,634
P03541,S00700,Learning,546
P03542,S04650,Research,539
P03543,S00974,Image Generation,448
P03544,S01439,Coding,301
P03545,S01603,Research,476
P03546,S02897,Coding,389
P03547,S03980,Research,332
P03548,S01446,Image Generation,476
P03549,S07359,Writing,53
P03550,S07215,Image Generation,329
P03551,S01190,Research,432
P03552,S06792,Business,534
P03553,S02197,Business,85
P03554,S00115,Coding,327
P03555,S05585,Writing,151
P03556,S06428,Business,464
P03557,S03487,Research,262
P03558,S05236,Learning,734
P03559,S01858,Learning,368
P03560,S04998,Business,328
P03561,S02864,Business,165
P03562,S05506,Coding,595
P03563,S04783,Business,579
P03564,S01702,Image Generation,396
P03565,S06823,Writing,569
P03566,S00820,Business,463
P03567,S01986,Business,750
P03568,S03507,Writing,630
P03569,S06152,Writing,289
P03570,S05206,Research,788
P03571,S03091,Writing,555
P03572,S05205,Coding,296
P03573,S00181,Research,133
P03574,S05614,Learning,659
P03575,S01936,Coding,683
P03576,S07457,Learning,786
P03577,S00230,Coding,163
P03578,S00838,Writing,432
P03579,S06185,Research,72
P03580,S00008,Image Generation,64
P03581,S02300,Research,681
P03582,S06582,Research,625
P03583,S01370,Image Generation,682
P03584,S01306,Coding,377
P03585,S06941,Image Generation,528
P03586,S03638,Writing,763
P03587,S05311,Image Generation,658
P03588,S00722,Learning,473
P03589,S01050,Research,446
P03590,S01891,Writing,153
P03591,S01727,Learning,198
P03592,S00285,Writing,433
P03593,S05733,Coding,469
P03594,S00822,Coding,90
P03595,S00555,Coding,339
P03596,S01635,Writing,762
P03597,S07057,Image Generation,154
P03598,S04557,Research,714
P03599,S02625,Learning,157
P03600,S04927,Coding,388
P03601,S04155,Coding,759
P03602,S02822,Writing,656
P03603,S03854,Business,158
P03604,S05327,Coding,545
P03605,S00755,Learning,61
P03606,S05154,Coding,52
P03607,S00872,Image Generation,177
P03608,S02898,Research,89
P03609,S02701,Coding,495
P03610,S01335,Coding,447
P03611,S01172,Image Generation,403
P03612,S05732,Learning,91
P03613,S01880,Business,150
P03614,S06803,Coding,548
P03615,S01326,Coding,419
P03616,S00860,Coding,721
P03617,S03372,Writing,759
P03618,S05471,Business,612
P03619,S07448,Coding,288
P03620,S06426,Research,214
P03621,S00088,Coding,787
P03622,S03315,Research,510
P03623,S01793,Coding,321
P03624,S01146,Image Generation,404
P03625,S05420,Coding,556
P03626,S07022,Research,496
P03627,S07060,Research,243
P03628,S01279,Business,294
P03629,S04988,Coding,471
P03630,S00729,Research,247
P03631,S05036,Business,140
P03632,S03951,Business,527
P03633,S01483,Coding,529
P03634,S03805,Coding,211
P03635,S04474,Learning,258
P03636,S00917,Writing,520
P03637,S05087,Business,197
P03638,S02020,Coding,261
P03639,S03022,Image Generation,755
P03640,S03695,Image Generation,95
P03641,S00167,Research,51
P03642,S06455,Coding,359
P03643,S06758,Writing,457
P03644,S06239,Research,206
P03645,S00848,Business,178
P03646,S04367,Image Generation,796
P03647,S04419,Research,601
P03648,S05487,Coding,430
P03649,S00928,Coding,700
P03650,S01530,Research,510
P03651,S04682,Writing,463
P03652,S03183,Image Generation,728
P03653,S05014,Image Generation,696
P03654,S04774,Learning,780
P03655,S00427,Research,395
P03656,S04985,Coding,469
P03657,S04150,Business,660
P03658,S00794,Coding,278
P03659,S02842,Research,716
P03660,S03768,Research,116
P03661,S07114,Research,493
P03662,S07411,Writing,298
P03663,S04993,Coding,456
P03664,S04576,Learning,502
P03665,S01790,Coding,426
P03666,S06009,Writing,553
P03667,S00316,Image Generation,141
P03668,S02743,Image Generation,778
P03669,S07049,Writing,364
P03670,S02787,Image Generation,760
P03671,S02295,Learning,359
P03672,S04060,Coding,690
P03673,S04791,Coding,114
P03674,S04152,Business,66
P03675,S02092,Research,64
P03676,S06845,Learning,558
P03677,S04364,Learning,665
P03678,S06153,Learning,669
P03679,S03148,Coding,108
P03680,S03695,Research,402
P03681,S06295,Image Generation,633
P03682,S01395,Writing,350
P03683,S03537,Coding,503
P03684,S01105,Business,571
P03685,S03671,Image Generation,122
P03686,S03471,Research,198
P03687,S02344,Business,410
P03688,S01206,Research,611
P03689,S04679,Image Generation,624
P03690,S06995,Image Generation,636
P03691,S01376,Research,358
P03692,S02899,Business,589
P03693,S06404,Image Generation,258
P03694,S05907,Image Generation,587
P03695,S02822,Research,189
P03696,S01537,Coding,294
P03697,S04669,Image Generation,233
P03698,S02613,Learning,76
P03699,S05483,Image Generation,201
P03700,S04048,Learning,251
P03701,S05511,Research,149
P03702,S04773,Research,564
P03703,S03999,Research,176
P03704,S05044,Coding,397
P03705,S07168,Research,624
P03706,S06037,Research,674
P03707,S02062,Coding,167
P03708,S04357,Learning,482
P03709,S02621,Business,684
P03710,S06510,Coding,108
P03711,S01664,Research,167
P03712,S01209,Writing,597
P03713,S06138,Business,57
P03714,S01235,Image Generation,528
P03715,S00550,Coding,81
P03716,S02992,Image Generation,783
P03717,S04857,Research,706
P03718,S05911,Business,316
P03719,S07196,Research,614
P03720,S03839,Writing,382
P03721,S04399,Research,516
P03722,S05403,Writing,430
P03723,S01162,Research,565
P03724,S02931,Image Generation,676
P03725,S01089,Learning,358
P03726,S05888,Writing,466
P03727,S01277,Coding,486
P03728,S04426,Image Generation,61
P03729,S06136,Coding,662
P03730,S02511,Writing,283
P03731,S06800,Writing,483
P03732,S00535,Image Generation,539
P03733,S00759,Research,553
P03734,S07029,Coding,367
P03735,S00807,Image Generation,95
P03736,S02033,Business,770
P03737,S00953,Learning,429
P03738,S03125,Writing,103
P03739,S00533,Writing,343
P03740,S02265,Writing,472
P03741,S05947,Research,724
P03742,S01216,Coding,173
P03743,S02070,Business,695
P03744,S01940,Business,85
P03745,S04352,Image Generation,263
P03746,S03355,Research,761
P03747,S00744,Image Generation,296
P03748,S05252,Business,769
P03749,S03364,Image Generation,693
P03750,S05482,Image Generation,451
P03751,S01277,Learning,740
P03752,S02065,Image Generation,267
P03753,S03841,Coding,142
P03754,S01955,Research,780
P03755,S02433,Image Generation,775
P03756,S02734,Learning,293
P03757,S02754,Research,229
P03758,S06070,Coding,503
P03759,S05901,Business,647
P03760,S05847,Research,65
P03761,S00517,Writing,773
P03762,S07014,Business,534
P03763,S01384,Research,162
P03764,S03465,Learning,661
P03765,S06811,Image Generation,370
P03766,S01679,Image Generation,435
P03767,S05894,Learning,450
P03768,S05186,Learning,84
P03769,S04870,Learning,203
P03770,S06169,Research,502
P03771,S05502,Learning,636
P03772,S06731,Image Generation,572
P03773,S05737,Learning,613
P03774,S05338,Coding,737
P03775,S02881,Coding,623
P03776,S04435,Coding,89
P03777,S01521,Writing,610
P03778,S06770,Business,406
P03779,S03980,Research,717
P03780,S00810,Learning,67
P03781,S02537,Business,146
P03782,S03258,Image Generation,99
P03783,S01032,Writing,563
P03784,S04763,Image Generation,523
P03785,S07086,Business,291
P03786,S06944,Learning,421
P03787,S05729,Research,306
P03788,S05609,Research,71
P03789,S03275,Writing,219
P03790,S04979,Image Generation,793
P03791,S03331,Coding,225
P03792,S00804,Learning,245
P03793,S07074,Coding,627
P03794,S03540,Business,744
P03795,S02482,Image Generation,620
P03796,S02619,Learning,643
P03797,S04998,Learning,76
P03798,S06847,Coding,726
P03799,S01052,Coding,75
P03800,S05535,Business,581
P03801,S03631,Research,559
P03802,S06936,Research,629
P03803,S01124,Research,51
P03804,S07407,Learning,84
P03805,S05239,Image Generation,66
P03806,S02627,Writing,208
P03807,S02755,Writing,469
P03808,S04717,Writing,768
P03809,S04026,Image Generation,672
P03810,S03490,Writing,143
P03811,S03384,Research,419
P03812,S03822,Business,777
P03813,S05022,Business,460
P03814,S02067,Business,548
P03815,S07175,Coding,638
P03816,S00014,Learning,764
P03817,S06813,Writing,569
P03818,S06247,Image Generation,602
P03819,S02342,Coding,176
P03820,S06670,Business,102
P03821,S05641,Business,598
P03822,S04036,Image Generation,451
P03823,S01632,Writing,786
P03824,S05535,Image Generation,63
P03825,S03021,Image Generation,537
P03826,S00412,Business,239
P03827,S02726,Learning,552
P03828,S05023,Image Generation,795
P03829,S02787,Business,284
P03830,S04747,Business,463
P03831,S05319,Image Generation,93
P03832,S00955,Research,55
P03833,S05501,Learning,661
P03834,S02959,Coding,301
P03835,S04796,Business,157
P03836,S05977,Writing,601
P03837,S00146,Writing,733
P03838,S05636,Image Generation,61
P03839,S07106,Image Generation,323
P03840,S00758,Business,329
P03841,S04564,Writing,508
P03842,S03800,Learning,78
P03843,S02762,Image Generation,549
P03844,S04301,Learning,113
P03845,S04082,Image Generation,169
P03846,S00314,Learning,315
P03847,S06257,Writing,480
P03848,S04917,Coding,448
P03849,S02204,Business,88
P03850,S04092,Image Generation,370
P03851,S04996,Image Generation,507
P03852,S03343,Writing,543
P03853,S00798,Research,594
P03854,S02414,Coding,587
P03855,S02753,Image Generation,257
P03856,S00800,Learning,268
P03857,S01834,Learning,194
P03858,S03245,Research,663
P03859,S00474,Image Generation,310
P03860,S03719,Business,514
P03861,S07483,Research,277
P03862,S06515,Research,50
P03863,S06635,Writing,373
P03864,S00801,Coding,478
P03865,S05486,Business,487
P03866,S06045,Learning,283
P03867,S03211,Research,373
P03868,S00404,Image Generation,619
P03869,S06436,Learning,459
P03870,S00638,Coding,763
P03871,S05077,Business,399
P03872,S02025,Writing,739
P03873,S00823,Coding,796
P03874,S05251,Research,635
P03875,S07309,Image Generation,311
P03876,S04983,Business,547
P03877,S02330,Business,727
P03878,S00851,Learning,292
P03879,S00159,Business,91
P03880,S04330,Image Generation,306
P03881,S06422,Image Generation,452
P03882,S03936,Coding,113
P03883,S03650,Research,419
P03884,S05035,Business,127
P03885,S04705,Learning,92
P03886,S03679,Business,116
P03887,S00021,Research,289
P03888,S00896,Image Generation,135
P03889,S03793,Business,242
P03890,S01728,Writing,321
P03891,S02555,Learning,462
P03892,S06102,Business,191
P03893,S02932,Writing,656
P03894,S02308,Writing,638
P03895,S03956,Research,566
P03896,S06326,Business,290
P03897,S04435,Writing,489
P03898,S04228,Learning,542
P03899,S05103,Coding,617
P03900,S05475,Research,593
P03901,S04276,Writing,309
P03902,S01717,Coding,745
P03903,S01082,Writing,67
P03904,S05810,Writing,60
P03905,S00682,Business,705
P03906,S04001,Image Generation,716
P03907,S00946,Business,93
P03908,S01442,Coding,387
P03909,S02739,Business,601
P03910,S06089,Business,84
P03911,S06165,Writing,357
P03912,S03177,Business,465
P03913,S06340,Learning,77
P03914,S02084,Writing,184
P03915,S01894,Image Generation,109
P03916,S03759,Business,158
P03917,S06863,Writing,66
P03918,S07471,Coding,511
P03919,S01165,Coding,426
P03920,S05137,Image Generation,141
P03921,S01773,Business,135
P03922,S02297,Learning,748
P03923,S07241,Learning,252
P03924,S06206,Writing,525
P03925,S06399,Coding,146
P03926,S02937,Research,678
P03927,S06922,Image Generation,527
P03928,S04970,Learning,601
P03929,S01202,Coding,461
P03930,S01558,Image Generation,296
P03931,S01293,Image Generation,755
P03932,S01914,Learning,631
P03933,S00050,Learning,522
P03934,S00235,Writing,757
P03935,S03458,Learning,545
P03936,S03508,Coding,356
P03937,S03710,Business,497
P03938,S05999,Coding,469
P03939,S06835,Learning,724
P03940,S05507,Coding,157
P03941,S00918,Image Generation,396
P03942,S03960,Business,126
P03943,S03645,Writing,614
P03944,S06594,Learning,145
P03945,S01267,Research,84
P03946,S01789,Coding,468
P03947,S07448,Writing,729
P03948,S04740,Image Generation,444
P03949,S01345,Coding,265
P03950,S07220,Image Generation,178
P03951,S07398,Research,609
P03952,S00169,Business,263
P03953,S02305,Business,755
P03954,S03593,Writing,569
P03955,S02166,Learning,54
P03956,S00122,Image Generation,444
P03957,S00324,Research,295
P03958,S00399,Image Generation,63
P03959,S05875,Writing,452
P03960,S04733,Learning,747
P03961,S03098,Learning,511
P03962,S03619,Learning,77
P03963,S04537,Writing,469
P03964,S00842,Business,456
P03965,S00127,Writing,270
P03966,S06989,Image Generation,93
P03967,S01038,Learning,83
P03968,S06966,Image Generation,238
P03969,S01275,Coding,789
P03970,S05383,Image Generation,761
P03971,S05000,Learning,562
P03972,S00329,Writing,616
P03973,S00209,Writing,349
P03974,S03681,Learning,527
P03975,S07371,Business,138
P03976,S03358,Writing,503
P03977,S05003,Business,79
P03978,S04269,Image Generation,254
P03979,S04503,Writing,703
P03980,S03115,Coding,564
P03981,S05867,Writing,335
P03982,S03658,Writing,571
P03983,S07270,Business,580
P03984,S04267,Writing,629
P03985,S05163,Learning,485
P03986,S06982,Learning,422
P03987,S07132,Research,780
P03988,S06088,Writing,413
P03989,S04062,Research,222
P03990,S01934,Image Generation,411
P03991,S07338,Writing,333
P03992,S04647,Image Generation,674
P03993,S04326,Coding,507
P03994,S05621,Writing,66
P03995,S04543,Research,88
P03996,S06510,Research,467
P03997,S06764,Image Generation,213
P03998,S05737,Research,752
P03999,S03115,Writing,513
P04000,S05163,Business,335
P04001,S05530,Coding,423
P04002,S00935,Writing,578
P04003,S06939,Learning,413
P04004,S06958,Image Generation,507
P04005,S02228,Writing,741
P04006,S02941,Writing,332
P04007,S01445,Coding,85
P04008,S05705,Research,293
P04009,S00871,Learning,791
P04010,S01663,Business,788
P04011,S00175,Coding,531
P04012,S03016,Coding,346
P04013,S01525,Coding,344
P04014,S06436,Coding,68
P04015,S06983,Learning,363
P04016,S05506,Coding,650
P04017,S04966,Research,388
P04018,S01929,Coding,52
P04019,S05743,Learning,181
P04020,S00679,Learning,691
P04021,S01038,Image Generation,737
P04022,S05691,Coding,680
P04023,S06228,Business,224
P04024,S02273,Image Generation,745
P04025,S01223,Writing,210
P04026,S01905,Writing,726
P04027,S03207,Research,120
P04028,S04223,Learning,476
P04029,S05351,Research,556
P04030,S03847,Learning,721
P04031,S03873,Writing,765
P04032,S02434,Writing,127
P04033,S07479,Learning,198
P04034,S01291,Writing,575
P04035,S02038,Coding,151
P04036,S07167,Image Generation,345
P04037,S07403,Business,564
P04038,S05171,Business,723
P04039,S03866,Business,269
P04040,S06343,Research,65
P04041,S04659,Image Generation,214
P04042,S04874,Learning,353
P04043,S00300,Business,81
P04044,S05229,Business,148
P04045,S04160,Learning,667
P04046,S01148,Business,155
P04047,S07171,Writing,380
P04048,S02996,Writing,104
P04049,S06814,Business,797
P04050,S03324,Image Generation,763
P04051,S00824,Image Generation,259
P04052,S05020,Coding,576
P04053,S02362,Writing,660
P04054,S02508,Coding,504
P04055,S03856,Business,119
P04056,S07196,Image Generation,448
P04057,S05846,Learning,733
P04058,S05496,Learning,353
P04059,S00732,Image Generation,676
P04060,S03916,Coding,169
P04061,S06174,Image Generation,471
P04062,S04458,Coding,477
P04063,S02219,Image Generation,712
P04064,S07060,Business,735
P04065,S02507,Coding,485
P04066,S02151,Writing,487
P04067,S05081,Coding,196
P04068,S02185,Image Generation,385
P04069,S02126,Coding,772
P04070,S03236,Learning,679
P04071,S07010,Writing,713
P04072,S05320,Learning,729
P04073,S01133,Writing,222
P04074,S01325,Image Generation,257
P04075,S02024,Image Generation,145
P04076,S00686,Writing,734
P04077,S07052,Coding,587
P04078,S01288,Writing,424
P04079,S03435,Learning,790
P04080,S07035,Coding,148
P04081,S02172,Image Generation,726
P04082,S00390,Business,181
P04083,S02516,Image Generation,742
P04084,S00501,Coding,580
P04085,S06249,Research,438
P04086,S06481,Coding,550
P04087,S06447,Writing,765
P04088,S06455,Business,409
P04089,S00946,Writing,647
P04090,S03474,Research,294
P04091,S06224,Learning,784
P04092,S05500,Writing,687
P04093,S01527,Image Generation,70
P04094,S04632,Coding,204
P04095,S02140,Image Generation,573
P04096,S06927,Research,310
P04097,S01769,Writing,220
P04098,S07477,Business,432
P04099,S06974,Image Generation,643
P04100,S02608,Research,470
P04101,S06688,Image Generation,272
P04102,S02764,Image Generation,371
P04103,S03680,Learning,273
P04104,S01541,Research,111
P04105,S00500,Research,596
P04106,S05444,Coding,592
P04107,S06194,Research,591
P04108,S06932,Research,645
P04109,S02931,Research,273
P04110,S05930,Research,526
P04111,S00092,Business,633
P04112,S05693,Business,354
P04113,S00699,Image Generation,138
P04114,S06783,Research,712
P04115,S00243,Coding,75
P04116,S01389,Image Generation,675
P04117,S02560,Business,193
P04118,S05914,Writing,500
P04119,S00814,Image Generation,181
P04120,S03432,Coding,724
P04121,S05921,Business,375
P04122,S07430,Business,87
P04123,S03042,Research,570
P04124,S03686,Research,572
P04125,S01702,Image Generation,280
P04126,S04282,Business,350
P04127,S01306,Writing,536
P04128,S01329,Image Generation,305
P04129,S05544,Business,273
P04130,S05119,Business,502
P04131,S03767,Research,445
P04132,S06939,Research,379
P04133,S01856,Business,603
P04134,S05464,Image Generation,784
P04135,S05076,Business,88
P04136,S00727,Learning,566
P04137,S05693,Writing,699
P04138,S02578,Writing,103
P04139,S00005,Business,777
P04140,S05198,Research,482
P04141,S03726,Research,456
P04142,S07047,Image Generation,81
P04143,S07227,Image Generation,95
P04144,S03081,Image Generation,207
P04145,S03300,Writing,507
P04146,S02918,Learning,127
P04147,S01051,Business,169
P04148,S00588,Coding,188
P04149,S07356,Learning,322
P04150,S04232,Business,667
P04151,S01227,Image Generation,286
P04152,S04599,Learning,297
P04153,S05591,Writing,247
P04154,S01251,Coding,715
P04155,S00770,Image Generation,762
P04156,S03638,Image Generation,194
P04157,S03086,Research,705
P04158,S01172,Research,544
P04159,S03579,Image Generation,259
P04160,S02357,Coding,478
P04161,S07252,Coding,442
P04162,S03995,Writing,737
P04163,S02461,Business,495
P04164,S02854,Coding,427
P04165,S05728,Learning,528
P04166,S01274,Research,612
P04167,S04657,Coding,114
P04168,S06270,Writing,600
P04169,S00769,Writing,92
P04170,S00255,Research,740
P04171,S01615,Learning,683
P04172,S02026,Learning,61
P04173,S03392,Coding,676
P04174,S07248,Coding,563
P04175,S00488,Coding,119
P04176,S05707,Image Generation,288
P04177,S04261,Learning,613
P04178,S02144,Coding,697
P04179,S01413,Coding,310
P04180,S07376,Business,600
P04181,S05389,Research,566
P04182,S01138,Learning,601
P04183,S04090,Writing,533
P04184,S05169,Learning,687
P04185,S05144,Coding,229
P04186,S06949,Research,314
P04187,S04246,Research,388
P04188,S05667,Coding,465
P04189,S04962,Learning,143
P04190,S06327,Coding,526
P04191,S06363,Writing,87
P04192,S03780,Writing,753
P04193,S05309,Writing,610
P04194,S03378,Learning,82
P04195,S00202,Writing,209
P04196,S01215,Research,548
P04197,S02048,Business,51
P04198,S07441,Research,70
P04199,S02199,Learning,778
P04200,S03370,Business,464
P04201,S05685,Writing,618
P04202,S04685,Image Generation,795
P04203,S00641,Coding,612
P04204,S04661,Writing,642
P04205,S03451,Image Generation,759
P04206,S00484,Coding,691
P04207,S07283,Writing,710
P04208,S00025,Learning,301
P04209,S03505,Writing,495
P04210,S05173,Learning,769
P04211,S06332,Coding,98
P04212,S02391,Learning,189
P04213,S05144,Writing,481
P04214,S05686,Research,119
P04215,S01013,Learning,197
P04216,S03734,Research,61
P04217,S02114,Learning,572
P04218,S06747,Learning,714
P04219,S02625,Coding,422
P04220,S06834,Writing,711
P04221,S06131,Image Generation,165
P04222,S00498,Research,114
P04223,S05964,Image Generation,773
P04224,S02584,Image Generation,458
P04225,S05698,Research,76
P04226,S02191,Research,410
P04227,S00673,Business,725
P04228,S05126,Business,276
P04229,S00770,Research,616
P04230,S07258,Learning,575
P04231,S00190,Image Generation,785
P04232,S05740,Writing,740
P04233,S05281,Learning,179
P04234,S03927,Image Generation,595
P04235,S03564,Business,451
P04236,S04352,Coding,621
P04237,S03631,Coding,112
P04238,S05030,Writing,460
P04239,S06545,Research,191
P04240,S04302,Learning,524
P04241,S00265,Coding,596
P04242,S01555,Image Generation,454
P04243,S01154,Research,310
P04244,S03303,Writing,388
P04245,S02255,Writing,88
P04246,S00816,Business,127
P04247,S04210,Research,563
P04248,S01241,Image Generation,380
P04249,S01581,Research,714
P04250,S03244,Image Generation,518
P04251,S01332,Business,698
P04252,S02357,Business,210
P04253,S03629,Business,553
P04254,S02952,Research,355
P04255,S02659,Writing,586
P04256,S01893,Coding,557
P04257,S04153,Writing,432
P04258,S00235,Writing,643
P04259,S05552,Image Generation,235
P04260,S03900,Writing,97
P04261,S06498,Coding,601
P04262,S03575,Writing,271
P04263,S02187,Learning,353
P04264,S01171,Business,190
P04265,S05961,Business,488
P04266,S02266,Research,292
P04267,S00476,Coding,293
P04268,S00130,Business,118
P04269,S02607,Image Generation,621
P04270,S04788,Learning,475
P04271,S04683,Image Generation,543
P04272,S05809,Image Generation,556
P04273,S06507,Image Generation,437
P04274,S02674,Learning,108
P04275,S03847,Learning,553
P04276,S05223,Image Generation,240
P04277,S05485,Research,440
P04278,S03123,Image Generation,368
P04279,S05270,Business,281
P04280,S00619,Learning,196
P04281,S01710,Coding,360
P04282,S05141,Learning,461
P04283,S05142,Coding,501
P04284,S02159,Writing,210
P04285,S00263,Research,171
P04286,S02098,Research,589
P04287,S02811,Research,135
P04288,S01445,Image Generation,383
P04289,S07231,Business,697
P04290,S06856,Business,261
P04291,S01949,Coding,130
P04292,S01605,Image Generation,297
P04293,S03498,Coding,211
P04294,S06190,Business,777
P04295,S04659,Coding,216
P04296,S02324,Research,76
P04297,S03372,Research,534
P04298,S07132,Business,278
P04299,S06114,Learning,522
P04300,S05927,Image Generation,589
P04301,S00655,Learning,81
P04302,S04239,Image Generation,689
P04303,S03682,Learning,372
P04304,S01386,Learning,229
P04305,S00340,Writing,753
P04306,S05975,Learning,496
P04307,S04087,Writing,615
P04308,S06026,Image Generation,445
P04309,S01520,Writing,81
P04310,S05863,Image Generation,550
P04311,S04017,Learning,624
P04312,S01528,Coding,774
P04313,S04771,Image Generation,529
P04314,S06745,Writing,476
P04315,S05724,Coding,585
P04316,S04488,Coding,155
P04317,S04793,Research,263
P04318,S02311,Coding,324
P04319,S00519,Coding,674
P04320,S05021,Writing,574
P04321,S04226,Business,640
P04322,S04411,Coding,425
P04323,S04129,Writing,710
P04324,S00137,Business,790
P04325,S00733,Learning,533
P04326,S02445,Image Generation,442
P04327,S05808,Research,380
P04328,S07433,Research,449
P04329,S05849,Writing,652
P04330,S00051,Learning,344
P04331,S03101,Research,419
P04332,S01959,Coding,734
P04333,S06412,Writing,170
P04334,S00145,Learning,102
P04335,S04274,Coding,89
P04336,S06785,Coding,436
P04337,S06052,Learning,58
P04338,S05002,Writing,313
P04339,S04659,Business,451
P04340,S06550,Image Generation,612
P04341,S05740,Coding,191
P04342,S00448,Learning,640
P04343,S00253,Image Generation,186
P04344,S07485,Research,650
P04345,S02752,Image Generation,138
P04346,S05308,Business,767
P04347,S00187,Learning,77
P04348,S01576,Image Generation,403
P04349,S01956,Research,244
P04350,S04754,Writing,139
P04351,S06883,Research,239
P04352,S03704,Image Generation,773
P04353,S02378,Coding,752
P04354,S04766,Coding,454
P04355,S00827,Business,597
P04356,S01931,Business,87
P04357,S01762,Image Generation,567
P04358,S01876,Coding,258
P04359,S04412,Coding,480
P04360,S00097,Learning,61
P04361,S04810,Research,536
P04362,S01812,Business,165
P04363,S02549,Image Generation,538
P04364,S03678,Learning,435
P04365,S03952,Writing,692
P04366,S01121,Business,436
P04367,S01748,Research,130
P04368,S06069,Coding,753
P04369,S02091,Writing,96
P04370,S07048,Learning,352
P04371,S04278,Image Generation,58
P04372,S03913,Learning,524
P04373,S03954,Coding,257
P04374,S05867,Research,588
P04375,S03759,Learning,317
P04376,S05419,Writing,612
P04377,S05329,Learning,193
P04378,S04287,Coding,774
P04379,S00709,Business,690
P04380,S06736,Writing,278
P04381,S03005,Coding,151
P04382,S05249,Research,559
P04383,S00909,Writing,589
P04384,S02896,Learning,516
P04385,S04758,Coding,537
P04386,S06845,Writing,174
P04387,S03486,Research,170
P04388,S02946,Writing,200
P04389,S00380,Coding,529
P04390,S05879,Business,697
P04391,S01846,Writing,259
P04392,S03864,Writing,150
P04393,S06249,Writing,180
P04394,S00063,Coding,608
P04395,S04964,Business,575
P04396,S02674,Writing,623
P04397,S06838,Writing,106
P04398,S02398,Business,344
P04399,S06979,Image Generation,115
P04400,S02940,Business,79
P04401,S06168,Coding,169
P04402,S03733,Coding,417
P04403,S00278,Coding,68
P04404,S06184,Research,477
P04405,S02419,Coding,530
P04406,S06135,Learning,354
P04407,S03437,Writing,76
P04408,S01043,Learning,773
P04409,S00046,Business,548
P04410,S03688,Image Generation,331
P04411,S01572,Learning,163
P04412,S02036,Learning,291
P04413,S00754,Image Generation,439
P04414,S07339,Writing,643
P04415,S00895,Image Generation,410
P04416,S06608,Writing,179
P04417,S02777,Coding,372
P04418,S02771,Coding,635
P04419,S02250,Learning,607
P04420,S04509,Learning,649
P04421,S06557,Coding,549
P04422,S01125,Learning,396
P04423,S06559,Writing,107
P04424,S03619,Business,172
P04425,S03262,Learning,76
P04426,S05043,Writing,786
P04427,S06332,Writing,464
P04428,S02174,Coding,449
P04429,S06391,Learning,484
P04430,S06306,Writing,451
P04431,S01269,Coding,666
P04432,S00883,Business,239
P04433,S05389,Business,319
P04434,S06070,Coding,588
P04435,S01935,Business,706
P04436,S01009,Coding,496
P04437,S00187,Coding,421
P04438,S05463,Image Generation,399
P04439,S05840,Business,288
P04440,S03061,Coding,765
P04441,S02386,Coding,384
P04442,S01085,Coding,380
P04443,S03119,Coding,746
P04444,S02844,Business,294
P04445,S02809,Research,377
P04446,S03728,Coding,269
P04447,S07340,Business,637
P04448,S06261,Learning,267
P04449,S01894,Image Generation,323
P04450,S01975,Learning,297
P04451,S04992,Coding,238
P04452,S01121,Writing,385
P04453,S02941,Coding,705
P04454,S06700,Business,542
P04455,S00486,Image Generation,562
P04456,S01551,Learning,112
P04457,S04825,Learning,788
P04458,S02518,Research,547
P04459,S00651,Research,477
P04460,S00316,Image Generation,747
P04461,S03893,Learning,280
P04462,S00746,Research,491
P04463,S04309,Research,671
P04464,S01308,Coding,345
P04465,S01034,Research,725
P04466,S01336,Learning,368
P04467,S02054,Research,569
P04468,S04334,Learning,163
P04469,S05000,Research,61
P04470,S05755,Writing,216
P04471,S06298,Research,387
P04472,S01532,Learning,197
P04473,S02977,Business,75
P04474,S03675,Image Generation,785
P04475,S06690,Business,684
P04476,S04984,Business,648
P04477,S02629,Writing,574
P04478,S00074,Learning,67
P04479,S05965,Research,501
P04480,S01038,Learning,455
P04481,S03990,Research,501
P04482,S00475,Research,746
P04483,S05362,Business,188
P04484,S04886,Writing,726
P04485,S04441,Business,314
P04486,S04302,Coding,639
P04487,S03306,Image Generation,377
P04488,S04752,Image Generation,742
P04489,S00303,Business,482
P04490,S02468,Writing,656
P04491,S06043,Writing,208
P04492,S01910,Image Generation,637
P04493,S00716,Writing,681
P04494,S07036,Business,298
P04495,S06576,Business,616
P04496,S01505,Coding,561
P04497,S04411,Writing,178
P04498,S01121,Writing,390
P04499,S04867,Image Generation,729
P04500,S01323,Business,500
P04501,S05495,Research,721
P04502,S01261,Image Generation,592
P04503,S04571,Learning,371
P04504,S00971,Coding,278
P04505,S02547,Image Generation,303
P04506,S04399,Business,251
P04507,S07379,Coding,752
P04508,S06871,Image Generation,362
P04509,S04878,Learning,164
P04510,S01468,Business,410
P04511,S00112,Writing,571
P04512,S04763,Business,669
P04513,S03877,Image Generation,295
P04514,S07482,Coding,742
P04515,S04991,Image Generation,341
P04516,S06045,Image Generation,672
P04517,S05613,Learning,235
P04518,S02533,Research,643
P04519,S03776,Learning,371
P04520,S06133,Learning,65
P04521,S06493,Writing,351
P04522,S03353,Research,264
P04523,S03591,Writing,543
P04524,S02763,Image Generation,648
P04525,S06823,Image Generation,785
P04526,S06521,Learning,239
P04527,S03878,Image Generation,560
P04528,S01092,Business,217
P04529,S07347,Research,581
P04530,S03170,Business,311
P04531,S06473,Coding,461
P04532,S06004,Learning,206
P04533,S00306,Image Generation,261
P04534,S07233,Coding,151
P04535,S06972,Image Generation,780
P04536,S01271,Coding,337
P04537,S05172,Coding,556
P04538,S06730,Research,339
P04539,S06150,Business,500
P04540,S03185,Coding,299
P04541,S00896,Writing,279
P04542,S04664,Business,104
P04543,S05406,Coding,473
P04544,S02532,Writing,779
P04545,S03054,Writing,425
P04546,S04230,Coding,623
P04547,S05996,Image Generation,776
P04548,S05173,Image Generation,535
P04549,S00204,Coding,382
P04550,S07301,Coding,51
P04551,S01283,Research,363
P04552,S05977,Image Generation,512
P04553,S01016,Research,495
P04554,S03816,Business,460
P04555,S06457,Research,87
P04556,S05783,Coding,579
P04557,S01160,Research,593
P04558,S05981,Image Generation,558
P04559,S05144,Business,408
P04560,S04623,Image Generation,184
P04561,S03612,Learning,611
P04562,S01646,Learning,671
P04563,S04433,Writing,284
P04564,S04626,Business,524
P04565,S00867,Writing,764
P04566,S06275,Writing,760
P04567,S04514,Learning,366
P04568,S02533,Writing,455
P04569,S03513,Coding,562
P04570,S06216,Research,422
P04571,S05056,Writing,609
P04572,S06581,Research,488
P04573,S06879,Learning,554
P04574,S03981,Business,344
P04575,S01955,Research,436
P04576,S01075,Learning,242
P04577,S07339,Learning,635
P04578,S05909,Business,647
P04579,S01962,Learning,725
P04580,S06476,Image Generation,793
P04581,S00897,Research,395
P04582,S01856,Coding,204
P04583,S00814,Coding,359
P04584,S06232,Writing,755
P04585,S00904,Coding,398
P04586,S01102,Coding,324
P04587,S06991,Coding,631
P04588,S07304,Writing,733
P04589,S02752,Learning,470
P04590,S05583,Writing,125
P04591,S01986,Learning,743
P04592,S01410,Writing,623
P04593,S06919,Image Generation,241
P04594,S06158,Learning,130
P04595,S00918,Writing,564
P04596,S02738,Writing,391
P04597,S02190,Image Generation,312
P04598,S01208,Image Generation,353
P04599,S01219,Writing,526
P04600,S02090,Research,155
P04601,S07373,Coding,256
P04602,S02339,Research,222
P04603,S00812,Writing,531
P04604,S02444,Learning,477
P04605,S04934,Image Generation,396
P04606,S05147,Image Generation,191
P04607,S05101,Coding,342
P04608,S02034,Coding,99
P04609,S04930,Coding,167
P04610,S01760,Coding,569
P04611,S03233,Writing,627
P04612,S04554,Learning,488
P04613,S06437,Business,704
P04614,S06957,Learning,280
P04615,S00202,Coding,304
P04616,S04445,Writing,436
P04617,S02099,Research,89
P04618,S05468,Writing,323
P04619,S07073,Business,298
P04620,S01849,Research,711
P04621,S02929,Research,621
P04622,S07340,Business,251
P04623,S01761,Learning,81
P04624,S05862,Coding,235
P04625,S03222,Learning,763
P04626,S00182,Research,730
P04627,S02619,Coding,166
P04628,S06208,Image Generation,533
P04629,S04558,Business,661
P04630,S02211,Business,277
P04631,S05717,Image Generation,257
P04632,S04159,Research,734
P04633,S00366,Coding,592
P04634,S05588,Image Generation,350
P04635,S06649,Research,199
P04636,S01669,Learning,213
P04637,S02120,Learning,131
P04638,S01635,Coding,237
P04639,S03524,Writing,606
P04640,S03751,Research,330
P04641,S00037,Coding,241
P04642,S02593,Image Generation,688
P04643,S06184,Research,451
P04644,S05182,Learning,475
P04645,S04748,Coding,594
P04646,S05067,Image Generation,223
P04647,S05718,Research,421
P04648,S01506,Writing,407
P04649,S03626,Image Generation,390
P04650,S05203,Learning,633
P04651,S06754,Writing,710
P04652,S01125,Business,127
P04653,S07483,Writing,213
P04654,S03313,Business,592
P04655,S06723,Business,71
P04656,S06870,Business,667
P04657,S01103,Learning,134
P04658,S03868,Business,788
P04659,S06742,Learning,343
P04660,S06380,Writing,567
P04661,S05660,Writing,189
P04662,S02130,Image Generation,478
P04663,S04502,Research,690
P04664,S00187,Learning,541
P04665,S05590,Learning,155
P04666,S07371,Business,344
P04667,S03923,Coding,736
P04668,S00725,Learning,347
P04669,S06242,Research,507
P04670,S03612,Image Generation,704
P04671,S01824,Image Generation,547
P04672,S03875,Coding,780
P04673,S05598,Image Generation,166
P04674,S01888,Learning,513
P04675,S03548,Learning,176
P04676,S02618,Business,433
P04677,S00752,Learning,240
P04678,S00826,Writing,177
P04679,S03076,Business,67
P04680,S06120,Coding,738
P04681,S04816,Business,346
P04682,S06695,Coding,455
P04683,S07239,Image Generation,200
P04684,S00481,Learning,275
P04685,S01108,Coding,472
P04686,S04130,Learning,593
P04687,S01089,Writing,610
P04688,S05879,Coding,226
P04689,S01654,Image Generation,78
P04690,S02375,Coding,789
P04691,S04109,Learning,440
P04692,S03695,Image Generation,94
P04693,S07430,Writing,423
P04694,S07124,Research,796
P04695,S03950,Coding,197
P04696,S04553,Learning,98
P04697,S01541,Research,210
P04698,S00123,Business,224
P04699,S06406,Business,788
P04700,S01138,Business,640
P04701,S06070,Learning,314
P04702,S06864,Coding,79
P04703,S06122,Image Generation,350
P04704,S02171,Writing,161
P04705,S00002,Coding,508
P04706,S03490,Coding,415
P04707,S04162,Coding,142
P04708,S06462,Business,265
P04709,S01371,Image Generation,765
P04710,S02099,Image Generation,288
P04711,S07193,Coding,693
P04712,S03868,Writing,78
P04713,S00387,Research,563
P04714,S02263,Research,734
P04715,S03367,Writing,601
P04716,S06344,Learning,447
P04717,S02461,Research,63
P04718,S06144,Research,399
P04719,S03069,Research,58
P04720,S03107,Business,645
P04721,S02934,Business,746
P04722,S07477,Learning,55
P04723,S06023,Learning,156
P04724,S05715,Image Generation,197
P04725,S02807,Image Generation,244
P04726,S02245,Writing,256
P04727,S07400,Research,711
P04728,S01840,Image Generation,399
P04729,S06066,Business,406
P04730,S00435,Writing,374
P04731,S02582,Writing,363
P04732,S06289,Learning,600
P04733,S04420,Writing,279
P04734,S04160,Business,189
P04735,S04995,Image Generation,144
P04736,S02525,Research,85
P04737,S02066,Business,476
P04738,S00316,Image Generation,245
P04739,S02325,Writing,460
P04740,S03628,Research,97
P04741,S02105,Learning,69
P04742,S03924,Image Generation,360
P04743,S04381,Writing,764
P04744,S07330,Learning,640
P04745,S03774,Writing,682
P04746,S06351,Image Generation,294
P04747,S05344,Research,796
P04748,S05497,Image Generation,579
P04749,S02198,Business,544
P04750,S03784,Research,308
P04751,S05648,Writing,643
P04752,S02678,Coding,623
P04753,S01854,Research,731
P04754,S05645,Image Generation,108
P04755,S03466,Writing,766
P04756,S00065,Learning,616
P04757,S00914,Learning,343
P04758,S00014,Coding,134
P04759,S02435,Writing,622
P04760,S06809,Coding,693
P04761,S06942,Image Generation,258
P04762,S05134,Learning,402
P04763,S03011,Learning,200
P04764,S00526,Business,376
P04765,S06937,Learning,124
P04766,S03062,Image Generation,395
P04767,S02576,Writing,757
P04768,S07182,Writing,79
P04769,S03483,Research,232
P04770,S03135,Image Generation,93
P04771,S05387,Learning,468
P04772,S04439,Coding,187
P04773,S06639,Coding,587
P04774,S06911,Business,728
P04775,S03345,Coding,94
P04776,S00097,Coding,243
P04777,S00268,Writing,722
P04778,S01845,Coding,470
P04779,S06295,Writing,401
P04780,S00909,Learning,426
P04781,S05248,Learning,419
P04782,S03809,Learning,283
P04783,S06055,Coding,295
P04784,S00012,Learning,505
P04785,S01213,Image Generation,66
P04786,S04208,Research,282
P04787,S05156,Business,538
P04788,S04275,Learning,61
P04789,S00292,Learning,441
P04790,S06832,Research,754
P04791,S01736,Coding,500
P04792,S00561,Learning,544
P04793,S05688,Research,517
P04794,S05019,Research,746
P04795,S03009,Research,364
P04796,S06374,Image Generation,667
P04797,S02519,Image Generation,557
P04798,S02057,Coding,726
P04799,S03358,Business,795
P04800,S05499,Coding,301
P04801,S02259,Business,713
P04802,S05586,Writing,473
P04803,S04570,Learning,538
P04804,S05933,Writing,293
P04805,S00954,Image Generation,435
P04806,S04881,Coding,370
P04807,S07217,Business,100
P04808,S01950,Image Generation,707
P04809,S07216,Writing,126
P04810,S02644,Coding,66
P04811,S06444,Learning,553
P04812,S01556,Writing,750
P04813,S03307,Image Generation,728
P04814,S00751,Image Generation,612
P04815,S04945,Research,357
P04816,S07195,Coding,491
P04817,S00821,Learning,333
P04818,S00650,Business,201
P04819,S06378,Image Generation,796
P04820,S03653,Business,736
P04821,S00367,Coding,591
P04822,S02988,Research,214
P04823,S03196,Image Generation,735
P04824,S03352,Learning,211
P04825,S07339,Image Generation,212
P04826,S05536,Coding,620
P04827,S03205,Writing,66
P04828,S05755,Coding,207
P04829,S03565,Writing,59
P04830,S04644,Coding,748
P04831,S02151,Coding,62
P04832,S03316,Learning,174
P04833,S07471,Coding,54
P04834,S01086,Coding,256
P04835,S01197,Image Generation,487
P04836,S03210,Learning,530
P04837,S06840,Image Generation,383
P04838,S05590,Coding,575
P04839,S06049,Coding,626
P04840,S01603,Research,458
P04841,S01826,Image Generation,683
P04842,S05557,Writing,160
P04843,S02679,Business,557
P04844,S02101,Coding,668
P04845,S07390,Coding,659
P04846,S00371,Coding,433
P04847,S00243,Writing,107
P04848,S01653,Coding,258
P04849,S04582,Research,447
P04850,S06362,Image Generation,65
P04851,S05064,Research,185
P04852,S06781,Image Generation,660
P04853,S02030,Research,406
P04854,S06314,Image Generation,469
P04855,S05364,Business,485
P04856,S04691,Coding,606
P04857,S03321,Learning,195
P04858,S01899,Research,604
P04859,S03947,Writing,786
P04860,S06959,Business,148
P04861,S00393,Image Generation,568
P04862,S01159,Writing,770
P04863,S04422,Research,224
P04864,S03245,Coding,120
P04865,S01040,Business,579
P04866,S06569,Writing,329
P04867,S07489,Writing,371
P04868,S03447,Research,197
P04869,S05639,Writing,280
P04870,S03290,Learning,515
P04871,S04277,Research,139
P04872,S04080,Image Generation,771
P04873,S01858,Business,257
P04874,S02179,Learning,209
P04875,S02000,Writing,243
P04876,S02803,Research,269
P04877,S05129,Coding,587
P04878,S04618,Business,147
P04879,S06337,Writing,60
P04880,S00214,Coding,224
P04881,S04920,Learning,516
P04882,S00960,Learning,82
P04883,S02389,Business,775
P04884,S00915,Image Generation,696
P04885,S00594,Business,461
P04886,S00803,Learning,311
P04887,S04112,Writing,796
P04888,S07129,Learning,704
P04889,S01698,Learning,251
P04890,S03119,Learning,461
P04891,S06575,Research,229
P04892,S01131,Business,660
P04893,S07285,Business,616
P04894,S00766,Coding,118
P04895,S01341,Research,281
P04896,S06869,Writing,231
P04897,S00676,Business,426
P04898,S05785,Coding,343
P04899,S06753,Writing,753
P04900,S01835,Research,726
P04901,S04156,Learning,290
P04902,S01108,Coding,339
P04903,S06878,Learning,638
P04904,S06367,Coding,311
P04905,S00527,Learning,237
P04906,S00024,Coding,143
P04907,S05365,Research,156
P04908,S04229,Image Generation,321
P04909,S07298,Learning,298
P04910,S05993,Coding,516
P04911,S02734,Writing,53
P04912,S05708,Learning,602
P04913,S03013,Coding,542
P04914,S02157,Coding,95
P04915,S00408,Research,449
P04916,S05125,Writing,152
P04917,S02515,Business,750
P04918,S02547,Research,457
P04919,S05353,Writing,618
P04920,S01888,Business,152
P04921,S05942,Learning,729
P04922,S06942,Image Generation,656
P04923,S02903,Learning,70
P04924,S03230,Coding,181
P04925,S00238,Business,713
P04926,S02694,Image Generation,100
P04927,S03356,Writing,387
P04928,S00827,Business,134
P04929,S06530,Learning,692
P04930,S02000,Writing,550
P04931,S01394,Writing,401
P04932,S00853,Writing,213
P04933,S07103,Learning,240
P04934,S00036,Learning,753
P04935,S01241,Writing,148
P04936,S04497,Image Generation,737
P04937,S00813,Writing,694
P04938,S02802,Learning,461
P04939,S00096,Learning,344
P04940,S03025,Image Generation,481
P04941,S00127,Business,81
P04942,S01931,Learning,642
P04943,S00567,Learning,760
P04944,S01069,Research,392
P04945,S00901,Learning,541
P04946,S03047,Business,213
P04947,S00019,Image Generation,636
P04948,S05541,Image Generation,529
P04949,S00983,Writing,590
P04950,S05526,Research,565
P04951,S02434,Learning,767
P04952,S00886,Business,453
P04953,S07409,Learning,407
P04954,S03819,Image Generation,245
P04955,S04638,Learning,459
P04956,S01607,Learning,690
P04957,S02232,Business,307
P04958,S04292,Business,685
P04959,S06562,Business,217
P04960,S06943,Research,417
P04961,S07426,Business,398
P04962,S06107,Learning,417
P04963,S02102,Writing,77
P04964,S02621,Research,426
P04965,S03260,Research,105
P04966,S04341,Image Generation,432
P04967,S06947,Business,664
P04968,S05181,Image Generation,635
P04969,S04191,Writing,50
P04970,S00349,Learning,166
P04971,S05092,Writing,598
P04972,S00486,Image Generation,667
P04973,S04380,Business,281
P04974,S02919,Learning,744
P04975,S04811,Business,211
P04976,S07008,Writing,161
P04977,S03925,Writing,726
P04978,S06010,Image Generation,674
P04979,S06410,Writing,299
P04980,S05175,Research,732
P04981,S05477,Image Generation,658
P04982,S03245,Writing,52
P04983,S02820,Research,683
P04984,S06892,Research,106
P04985,S01536,Coding,687
P04986,S05850,Learning,640
P04987,S06522,Business,665
P04988,S01352,Writing,446
P04989,S06129,Image Generation,175
P04990,S04702,Coding,652
P04991,S01852,Business,271
P04992,S04656,Research,135
P04993,S01746,Research,633
P04994,S05665,Image Generation,619
P04995,S04344,Image Generation,68
P04996,S02639,Coding,689
P04997,S06391,Image Generation,391
P04998,S02771,Coding,152
P04999,S03064,Business,83
P05000,S01601,Business,377
P05001,S00700,Coding,168
P05002,S05127,Writing,621
P05003,S06430,Writing,727
P05004,S00292,Research,103
P05005,S01202,Image Generation,111
P05006,S01422,Business,595
P05007,S02167,Learning,72
P05008,S03002,Writing,230
P05009,S00371,Writing,477
P05010,S04513,Research,67
P05011,S01726,Research,441
P05012,S04884,Image Generation,666
P05013,S05374,Image Generation,579
P05014,S04992,Coding,398
P05015,S01838,Coding,74
P05016,S03221,Coding,534
P05017,S02312,Business,600
P05018,S00246,Learning,517
P05019,S05686,Learning,653
P05020,S00749,Research,686
P05021,S01793,Image Generation,185
P05022,S03720,Business,735
P05023,S03619,Research,306
P05024,S06104,Image Generation,82
P05025,S03230,Coding,224
P05026,S00716,Writing,134
P05027,S01485,Image Generation,453
P05028,S04887,Coding,237
P05029,S03401,Writing,667
P05030,S00640,Coding,785
P05031,S00671,Research,763
P05032,S02348,Writing,440
P05033,S00149,Writing,304
P05034,S06730,Research,608
P05035,S04619,Coding,540
P05036,S04494,Image Generation,560
P05037,S07125,Image Generation,574
P05038,S01756,Writing,62
P05039,S02323,Coding,569
P05040,S02635,Business,508
P05041,S05886,Writing,234
P05042,S00928,Coding,198
P05043,S02751,Image Generation,322
P05044,S03049,Image Generation,779
P05045,S06548,Business,582
P05046,S07150,Coding,266
P05047,S04227,Research,256
P05048,S06948,Learning,794
P05049,S00900,Writing,412
P05050,S06236,Learning,776
P05051,S04676,Image Generation,637
P05052,S01533,Learning,398
P05053,S01635,Learning,671
P05054,S02012,Image Generation,96
P05055,S03271,Research,754
P05056,S00196,Learning,642
P05057,S01407,Business,557
P05058,S04079,Business,52
P05059,S01492,Coding,500
P05060,S07086,Image Generation,324
P05061,S05103,Image Generation,402
P05062,S01917,Coding,64
P05063,S04482,Learning,408
P05064,S02906,Image Generation,121
P05065,S01852,Writing,226
P05066,S05652,Image Generation,743
P05067,S01813,Business,130
P05068,S02300,Image Generation,367
P05069,S02935,Business,133
P05070,S02801,Writing,508
P05071,S04981,Learning,97
P05072,S03808,Writing,114
P05073,S06076,Learning,580
P05074,S01352,Research,689
P05075,S03201,Research,188
P05076,S00762,Business,533
P05077,S04384,Image Generation,220
P05078,S07260,Image Generation,53
P05079,S04538,Writing,248
P05080,S03294,Research,61
P05081,S03627,Research,399
P05082,S00603,Research,295
P05083,S03637,Image Generation,63
P05084,S05474,Coding,483
P05085,S07227,Research,75
P05086,S04460,Image Generation,506
P05087,S06278,Research,556
P05088,S02918,Coding,166
P05089,S03441,Coding,391
P05090,S03754,Writing,162
P05091,S03105,Image Generation,108
P05092,S02047,Business,598
P05093,S03921,Coding,152
P05094,S04564,Learning,612
P05095,S04274,Coding,191
P05096,S05787,Learning,766
P05097,S05463,Coding,148
P05098,S03038,Learning,333
P05099,S05938,Coding,204
P05100,S00866,Coding,646
P05101,S00123,Research,518
P05102,S00435,Writing,387
P05103,S05020,Research,484
P05104,S03546,Learning,211
P05105,S01520,Writing,418
P05106,S06804,Business,648
P05107,S00672,Coding,542
P05108,S02248,Image Generation,356
P05109,S05492,Research,555
P05110,S05886,Coding,797
P05111,S03545,Business,348
P05112,S00012,Writing,329
P05113,S01297,Coding,521
P05114,S00290,Learning,569
P05115,S02654,Learning,198
P05116,S05821,Business,214
P05117,S00945,Learning,668
P05118,S04821,Writing,128
P05119,S02905,Business,263
P05120,S03893,Coding,427
P05121,S04305,Business,342
P05122,S06936,Business,733
P05123,S07089,Research,122
P05124,S01957,Business,767
P05125,S01847,Writing,773
P05126,S04603,Business,552
P05127,S07114,Coding,121
P05128,S07402,Image Generation,629
P05129,S02883,Writing,568
P05130,S06382,Business,133
P05131,S00820,Writing,349
P05132,S06155,Coding,735
P05133,S02405,Research,423
P05134,S03049,Learning,100
P05135,S04331,Coding,376
P05136,S06054,Coding,325
P05137,S05663,Image Generation,361
P05138,S06577,Coding,348
P05139,S07091,Writing,506
P05140,S06189,Research,664
P05141,S03554,Business,712
P05142,S04430,Writing,89
P05143,S06825,Business,359
P05144,S07171,Writing,98
P05145,S04733,Research,332
P05146,S01569,Coding,404
P05147,S00069,Writing,679
P05148,S06606,Business,510
P05149,S03951,Coding,474
P05150,S03129,Research,164
P05151,S03069,Research,353
P05152,S04702,Learning,517
P05153,S06328,Research,262
P05154,S00496,Research,768
P05155,S02948,Image Generation,543
P05156,S03008,Image Generation,659
P05157,S01839,Learning,432
P05158,S02967,Image Generation,293
P05159,S02242,Coding,494
P05160,S01076,Writing,596
P05161,S05318,Writing,397
P05162,S02749,Research,747
P05163,S06243,Writing,226
P05164,S05582,Learning,255
P05165,S01284,Learning,451
P05166,S04262,Writing,750
P05167,S03422,Learning,508
P05168,S04017,Research,646
P05169,S03716,Research,346
P05170,S03490,Coding,481
P05171,S05930,Research,275
P05172,S01608,Writing,209
P05173,S04798,Business,654
P05174,S04573,Writing,144
P05175,S01150,Learning,700
P05176,S01167,Learning,248
P05177,S05020,Learning,149
P05178,S07296,Image Generation,382
P05179,S04874,Research,457
P05180,S01051,Coding,447
P05181,S02245,Coding,265
P05182,S04217,Learning,631
P05183,S07104,Research,245
P05184,S02057,Coding,544
P05185,S04320,Research,208
P05186,S00186,Coding,527
P05187,S04520,Image Generation,640
P05188,S03837,Business,569
P05189,S03526,Image Generation,636
P05190,S01452,Business,91
P05191,S02149,Business,434
P05192,S07457,Research,295
P05193,S03996,Research,355
P05194,S02671,Business,64
P05195,S00244,Image Generation,251
P05196,S02539,Research,580
P05197,S06332,Learning,612
P05198,S02988,Research,332
P05199,S02039,Coding,445
P05200,S02457,Coding,700
P05201,S02793,Image Generation,80
P05202,S02075,Image Generation,355
P05203,S04851,Coding,548
P05204,S03360,Research,316
P05205,S03942,Coding,622
P05206,S01606,Writing,456
P05207,S00448,Coding,262
P05208,S07458,Writing,694
P05209,S05498,Writing,767
P05210,S05338,Writing,346
P05211,S06885,Business,778
P05212,S04150,Image Generation,252
P05213,S06472,Writing,482
P05214,S05521,Coding,221
P05215,S00734,Learning,88
P05216,S02980,Coding,420
P05217,S07086,Research,614
P05218,S01359,Image Generation,787
P05219,S07414,Research,467
P05220,S00021,Learning,182
P05221,S03305,Research,625
P05222,S02294,Business,626
P05223,S07365,Coding,339
P05224,S04465,Learning,435
P05225,S04395,Business,476
P05226,S02165,Coding,582
P05227,S06473,Research,455
P05228,S02681,Business,367
P05229,S00224,Research,358
P05230,S04398,Coding,443
P05231,S00094,Research,633
P05232,S04560,Research,298
P05233,S01905,Coding,623
P05234,S05755,Business,532
P05235,S02350,Business,548
P05236,S02785,Coding,381
P05237,S05177,Coding,600
P05238,S03129,Business,342
P05239,S02274,Coding,309
P05240,S02584,Business,159
P05241,S01286,Writing,455
P05242,S05724,Coding,289
P05243,S01498,Business,434
P05244,S06072,Business,570
P05245,S01653,Coding,197
P05246,S00560,Image Generation,739
P05247,S05821,Learning,793
P05248,S04708,Coding,420
P05249,S06705,Image Generation,698
P05250,S05749,Research,55
P05251,S00935,Research,658
P05252,S03596,Learning,110
P05253,S00518,Writing,328
P05254,S05613,Research,271
P05255,S03552,Business,141
P05256,S04921,Research,359
P05257,S07384,Image Generation,129
P05258,S01463,Learning,573
P05259,S02359,Business,219
P05260,S04886,Business,545
P05261,S05913,Learning,725
P05262,S04743,Image Generation,605
P05263,S00428,Writing,683
P05264,S07324,Coding,597
P05265,S03520,Business,214
P05266,S00994,Coding,114
P05267,S00213,Image Generation,621
P05268,S01495,Business,627
P05269,S01921,Writing,253
P05270,S00227,Image Generation,405
P05271,S05537,Writing,435
P05272,S05055,Learning,209
P05273,S02775,Business,703
P05274,S03805,Writing,455
P05275,S02124,Coding,730
P05276,S05441,Research,772
P05277,S03350,Learning,427
P05278,S01640,Business,255
P05279,S04266,Writing,631
P05280,S05900,Research,165
P05281,S03650,Coding,625
P05282,S05687,Business,439
P05283,S03260,Business,273
P05284,S06024,Learning,590
P05285,S00153,Research,342
P05286,S06515,Image Generation,756
P05287,S01714,Image Generation,123
P05288,S02979,Learning,159
P05289,S01626,Writing,448
P05290,S00382,Learning,118
P05291,S01374,Image Generation,608
P05292,S02321,Business,698
P05293,S00635,Coding,510
P05294,S03756,Business,606
P05295,S03036,Research,757
P05296,S05797,Business,444
P05297,S07149,Learning,350
P05298,S05731,Research,286
P05299,S03600,Coding,264
P05300,S04859,Business,689
P05301,S07084,Coding,372
P05302,S05914,Coding,596
P05303,S02961,Learning,702
P05304,S05666,Image Generation,669
P05305,S02959,Coding,399
P05306,S02500,Business,618
P05307,S04627,Learning,512
P05308,S07296,Business,687
P05309,S05452,Coding,100
P05310,S06585,Writing,334
P05311,S03619,Writing,159
P05312,S02312,Writing,239
P05313,S04178,Research,121
P05314,S02684,Image Generation,373
P05315,S01204,Business,227
P05316,S05301,Learning,153
P05317,S05742,Research,242
P05318,S01407,Business,745
P05319,S02421,Business,54
P05320,S02885,Writing,614
P05321,S02939,Learning,663
P05322,S05557,Writing,176
P05323,S02176,Research,485
P05324,S02679,Coding,303
P05325,S01969,Business,492
P05326,S02292,Coding,397
P05327,S00209,Image Generation,179
P05328,S02519,Writing,516
P05329,S01375,Coding,126
P05330,S04261,Image Generation,338
P05331,S02229,Research,291
P05332,S01072,Image Generation,595
P05333,S00541,Image Generation,118
P05334,S03251,Writing,380
P05335,S02201,Research,713
P05336,S04448,Learning,470
P05337,S02834,Writing,544
P05338,S04021,Image Generation,175
P05339,S02761,Research,389
P05340,S01473,Learning,587
P05341,S02513,Writing,238
P05342,S05842,Writing,529
P05343,S04035,Learning,93
P05344,S05903,Writing,192
P05345,S07308,Writing,452
P05346,S03769,Image Generation,107
P05347,S04285,Business,111
P05348,S00688,Research,122
P05349,S00416,Research,545
P05350,S02656,Writing,757
P05351,S02648,Image Generation,412
P05352,S07089,Image Generation,109
P05353,S06627,Learning,735
P05354,S06908,Learning,423
P05355,S03373,Image Generation,243
P05356,S03898,Coding,313
P05357,S05144,Image Generation,157
P05358,S00375,Research,74
P05359,S04901,Coding,298
P05360,S05483,Image Generation,72
P05361,S05486,Business,55
P05362,S04360,Coding,373
P05363,S02486,Research,241
P05364,S05146,Learning,88
P05365,S00110,Image Generation,145
P05366,S03386,Research,382
P05367,S03899,Writing,669
P05368,S06706,Coding,238
P05369,S03763,Learning,64
P05370,S03742,Learning,420
P05371,S06766,Business,385
P05372,S04173,Image Generation,545
P05373,S00244,Image Generation,175
P05374,S00648,Business,787
P05375,S00870,Image Generation,341
P05376,S04965,Learning,244
P05377,S06530,Learning,278
P05378,S01732,Business,220
P05379,S03767,Coding,290
P05380,S00448,Research,434
P05381,S05400,Learning,231
P05382,S00324,Business,577
P05383,S07372,Business,191
P05384,S00073,Research,376
P05385,S05074,Learning,412
P05386,S01593,Business,406
P05387,S02234,Image Generation,413
P05388,S05176,Business,142
P05389,S00688,Research,749
P05390,S03969,Coding,521
P05391,S00592,Learning,361
P05392,S04887,Coding,436
P05393,S04550,Business,653
P05394,S03836,Coding,684
P05395,S02697,Coding,448
P05396,S06415,Research,334
P05397,S06767,Research,693
P05398,S04585,Research,398
P05399,S02339,Image Generation,594
P05400,S03209,Research,697
P05401,S03403,Image Generation,457
P05402,S05882,Learning,629
P05403,S06848,Image Generation,61
P05404,S03742,Learning,78
P05405,S07084,Learning,719
P05406,S04488,Image Generation,187
P05407,S01744,Image Generation,592
P05408,S03988,Learning,606
P05409,S03932,Coding,55
P05410,S04835,Coding,792
P05411,S04541,Image Generation,766
P05412,S03049,Image Generation,375
P05413,S04749,Coding,707
P05414,S02481,Writing,273
P05415,S04186,Coding,57
P05416,S04161,Writing,513
P05417,S02179,Image Generation,291
P05418,S06003,Research,548
P05419,S05459,Coding,479
P05420,S05593,Writing,567
P05421,S03815,Research,414
P05422,S04720,Research,717
P05423,S02521,Learning,55
P05424,S07166,Business,588
P05425,S03083,Coding,761
P05426,S00301,Coding,662
P05427,S02611,Business,542
P05428,S03216,Image Generation,621
P05429,S02475,Coding,112
P05430,S00412,Business,521
P05431,S02819,Writing,204
P05432,S05708,Writing,349
P05433,S05854,Image Generation,238
P05434,S03234,Learning,708
P05435,S02277,Writing,618
P05436,S05589,Learning,278
P05437,S06003,Writing,67
P05438,S06149,Image Generation,240
P05439,S04322,Image Generation,62
P05440,S03383,Writing,176
P05441,S02438,Learning,593
P05442,S04945,Research,190
P05443,S06756,Writing,424
P05444,S05776,Writing,286
P05445,S06016,Learning,297
P05446,S01313,Business,630
P05447,S04515,Business,299
P05448,S05555,Writing,270
P05449,S02565,Business,703
P05450,S03527,Writing,334
P05451,S07472,Image Generation,64
P05452,S06580,Coding,473
P05453,S06424,Coding,153
P05454,S00369,Writing,389
P05455,S05934,Image Generation,238
P05456,S00067,Research,579
P05457,S01287,Learning,401
P05458,S07469,Research,83
P05459,S02188,Writing,426
P05460,S05981,Image Generation,475
P05461,S03843,Learning,318
P05462,S03572,Coding,457
P05463,S04456,Coding,715
P05464,S04728,Writing,666
P05465,S01322,Coding,470
P05466,S02418,Research,206
P05467,S05321,Business,186
P05468,S02946,Business,782
P05469,S03303,Image Generation,731
P05470,S04815,Coding,71
P05471,S05331,Image Generation,59
P05472,S01545,Research,138
P05473,S00797,Coding,605
P05474,S03591,Coding,496
P05475,S01776,Learning,81
P05476,S06671,Image Generation,488
P05477,S03480,Business,365
P05478,S03206,Image Generation,104
P05479,S04967,Image Generation,291
P05480,S04273,Business,131
P05481,S04436,Image Generation,749
P05482,S02511,Image Generation,226
P05483,S00597,Image Generation,376
P05484,S05177,Learning,440
P05485,S06061,Image Generation,595
P05486,S01414,Learning,212
P05487,S02718,Learning,234
P05488,S05847,Image Generation,660
P05489,S01173,Research,105
P05490,S04196,Learning,796
P05491,S04861,Research,750
P05492,S03681,Writing,588
P05493,S02950,Learning,104
P05494,S01888,Business,541
P05495,S07103,Image Generation,167
P05496,S04137,Research,255
P05497,S02919,Business,297
P05498,S06394,Research,449
P05499,S05476,Writing,407
P05500,S03615,Business,792
P05501,S03845,Coding,534
P05502,S04188,Learning,286
P05503,S00491,Learning,423
P05504,S05341,Business,348
P05505,S03854,Business,188
P05506,S00201,Research,409
P05507,S01475,Image Generation,716
P05508,S04086,Image Generation,323
P05509,S07279,Business,215
P05510,S06596,Writing,129
P05511,S01977,Writing,792
P05512,S06890,Writing,125
P05513,S04546,Coding,140
P05514,S07035,Research,274
P05515,S02877,Business,53
P05516,S01753,Coding,648
P05517,S01481,Coding,498
P05518,S06514,Research,69
P05519,S00766,Image Generation,361
P05520,S06955,Learning,584
P05521,S02834,Business,758
P05522,S05929,Writing,661
P05523,S05877,Image Generation,636
P05524,S01206,Learning,559
P05525,S05095,Research,393
P05526,S03720,Coding,765
P05527,S04621,Coding,771
P05528,S02227,Writing,378
P05529,S03422,Research,170
P05530,S02372,Research,600
P05531,S06438,Coding,313
P05532,S05978,Writing,143
P05533,S03399,Learning,612
P05534,S01981,Business,493
P05535,S04225,Image Generation,797
P05536,S04882,Image Generation,105
P05537,S06541,Learning,320
P05538,S03036,Research,484
P05539,S04173,Research,248
P05540,S04285,Business,269
P05541,S05962,Writing,461
P05542,S03382,Learning,321
P05543,S02463,Learning,260
P05544,S00526,Image Generation,228
P05545,S05419,Writing,756
P05546,S05034,Coding,792
P05547,S07402,Research,502
P05548,S06322,Image Generation,412
P05549,S06821,Research,125
P05550,S04858,Business,225
P05551,S04385,Coding,160
P05552,S05200,Learning,200
P05553,S01690,Image Generation,52
P05554,S02599,Writing,374
P05555,S03264,Business,409
P05556,S03954,Image Generation,265
P05557,S04389,Image Generation,717
P05558,S03725,Coding,527
P05559,S05431,Image Generation,666
P05560,S00670,Business,134
P05561,S00197,Business,249
P05562,S05630,Coding,755
P05563,S02982,Learning,308
P05564,S07141,Writing,384
P05565,S00234,Image Generation,749
P05566,S03787,Learning,138
P05567,S04877,Writing,601
P05568,S03699,Learning,157
P05569,S05982,Writing,731
P05570,S00968,Research,310
P05571,S07063,Coding,490
P05572,S06442,Image Generation,582
P05573,S05646,Image Generation,557
P05574,S02581,Business,371
P05575,S03561,Learning,535
P05576,S07237,Image Generation,185
P05577,S04269,Business,254
P05578,S01145,Learning,381
P05579,S00078,Image Generation,231
P05580,S03400,Research,734
P05581,S03389,Coding,754
P05582,S05369,Learning,598
P05583,S03672,Coding,337
P05584,S02396,Image Generation,349
P05585,S04053,Learning,478
P05586,S04362,Research,54
P05587,S06650,Image Generation,532
P05588,S05371,Coding,503
P05589,S03137,Image Generation,135
P05590,S00581,Coding,774
P05591,S06916,Research,489
P05592,S05835,Business,647
P05593,S02354,Image Generation,798
P05594,S00320,Coding,606
P05595,S06266,Coding,62
P05596,S00231,Research,744
P05597,S04647,Business,722
P05598,S01831,Learning,340
P05599,S07065,Writing,742
P05600,S01490,Image Generation,444
P05601,S00441,Research,616
P05602,S05725,Business,668
P05603,S02745,Writing,582
P05604,S07331,Image Generation,528
P05605,S01472,Business,729
P05606,S07355,Coding,512
P05607,S04899,Image Generation,485
P05608,S01071,Research,312
P05609,S03225,Learning,643
P05610,S00336,Writing,721
P05611,S06993,Learning,197
P05612,S07290,Learning,268
P05613,S02138,Learning,751
P05614,S01485,Research,736
P05615,S04760,Learning,413
P05616,S00762,Business,632
P05617,S01464,Image Generation,376
P05618,S04477,Business,566
P05619,S04218,Image Generation,537
P05620,S04753,Learning,738
P05621,S03441,Learning,311
P05622,S04349,Research,390
P05623,S00404,Coding,598
P05624,S06421,Writing,677
P05625,S04473,Writing,761
P05626,S00809,Image Generation,604
P05627,S00162,Coding,312
P05628,S06309,Research,632
P05629,S05889,Writing,78
P05630,S04742,Image Generation,660
P05631,S07190,Research,423
P05632,S04629,Writing,403
P05633,S04676,Writing,281
P05634,S03502,Learning,393
P05635,S03557,Learning,182
P05636,S07394,Learning,583
P05637,S03987,Research,702
P05638,S06838,Research,303
P05639,S01932,Business,449
P05640,S05945,Image Generation,131
P05641,S01123,Writing,385
P05642,S02125,Writing,429
P05643,S01662,Business,330
P05644,S04048,Image Generation,388
P05645,S03694,Research,524
P05646,S05390,Research,397
P05647,S02540,Business,632
P05648,S04646,Business,211
P05649,S03623,Research,109
P05650,S07463,Writing,663
P05651,S06043,Image Generation,301
P05652,S06269,Research,52
P05653,S06754,Learning,558
P05654,S05868,Business,192
P05655,S00239,Coding,85
P05656,S05622,Business,327
P05657,S05363,Coding,713
P05658,S06969,Image Generation,581
P05659,S05100,Coding,296
P05660,S04442,Research,204
P05661,S00383,Research,124
P05662,S05353,Coding,371
P05663,S05580,Business,609
P05664,S03839,Learning,453
P05665,S00489,Business,709
P05666,S01384,Coding,57
P05667,S05905,Image Generation,601
P05668,S06040,Writing,139
P05669,S03433,Image Generation,751
P05670,S02030,Image Generation,254
P05671,S07415,Learning,284
P05672,S05761,Research,605
P05673,S05436,Coding,721
P05674,S05699,Image Generation,429
P05675,S04094,Writing,116
P05676,S03906,Image Generation,745
P05677,S05729,Business,110
P05678,S03053,Research,444
P05679,S04776,Business,101
P05680,S01749,Image Generation,250
P05681,S05771,Writing,683
P05682,S01631,Coding,521
P05683,S01927,Coding,145
P05684,S00935,Research,246
P05685,S05992,Coding,240
P05686,S01783,Writing,438
P05687,S05697,Learning,516
P05688,S04067,Image Generation,496
P05689,S06203,Learning,304
P05690,S00609,Image Generation,138
P05691,S05174,Image Generation,674
P05692,S06880,Business,152
P05693,S05169,Business,281
P05694,S04324,Business,419
P05695,S04577,Coding,697
P05696,S02695,Research,219
P05697,S00023,Business,65
P05698,S05972,Learning,535
P05699,S02991,Writing,476
P05700,S00590,Coding,163
P05701,S02243,Business,335
P05702,S04643,Learning,85
P05703,S01188,Business,752
P05704,S04004,Writing,528
P05705,S00502,Research,64
P05706,S00880,Writing,104
P05707,S05127,Learning,725
P05708,S02531,Image Generation,597
P05709,S02404,Business,323
P05710,S05828,Image Generation,208
P05711,S02141,Learning,749
P05712,S05795,Writing,195
P05713,S05088,Learning,633
P05714,S03564,Business,547
P05715,S01534,Coding,71
P05716,S03484,Business,343
P05717,S00324,Business,547
P05718,S06974,Image Generation,140
P05719,S04686,Learning,345
P05720,S06005,Writing,154
P05721,S05094,Writing,124
P05722,S04580,Learning,162
P05723,S07061,Coding,392
P05724,S07461,Business,392
P05725,S00538,Research,520
P05726,S02583,Business,797
P05727,S01336,Research,764
P05728,S05988,Learning,104
P05729,S07079,Writing,514
P05730,S05056,Coding,691
P05731,S04469,Coding,720
P05732,S05157,Business,101
P05733,S01125,Research,396
P05734,S05963,Writing,239
P05735,S07042,Research,482
P05736,S05054,Business,352
P05737,S01107,Writing,408
P05738,S03797,Writing,695
P05739,S00368,Business,439
P05740,S04543,Learning,697
P05741,S03375,Coding,497
P05742,S03412,Coding,799
P05743,S04991,Writing,195
P05744,S01703,Writing,388
P05745,S07411,Learning,64
P05746,S02557,Research,584
P05747,S01850,Writing,644
P05748,S06786,Business,754
P05749,S00146,Learning,604
P05750,S03409,Coding,648
P05751,S07020,Image Generation,314
P05752,S01136,Writing,53
P05753,S02808,Coding,555
P05754,S05292,Image Generation,675
P05755,S03967,Research,592
P05756,S06366,Writing,568
P05757,S00236,Research,209
P05758,S06646,Writing,320
P05759,S05624,Coding,578
P05760,S02917,Research,602
P05761,S04559,Writing,416
P05762,S05131,Coding,220
P05763,S07478,Image Generation,271
P05764,S01224,Writing,705
P05765,S04026,Business,234
P05766,S05563,Writing,533
P05767,S07072,Learning,325
P05768,S04745,Business,668
P05769,S07361,Business,160
P05770,S01237,Research,222
P05771,S01262,Image Generation,135
P05772,S03545,Image Generation,74
P05773,S01127,Research,328
P05774,S02387,Business,474
P05775,S05468,Learning,349
P05776,S03057,Writing,291
P05777,S02959,Writing,125
P05778,S05943,Coding,655
P05779,S05076,Research,397
P05780,S06256,Learning,553
P05781,S06544,Coding,329
P05782,S05043,Image Generation,256
P05783,S01635,Writing,183
P05784,S04426,Learning,658
P05785,S04788,Writing,74
P05786,S05017,Research,406
P05787,S07025,Learning,54
P05788,S05535,Learning,704
P05789,S07143,Writing,251
P05790,S05977,Image Generation,493
P05791,S00279,Coding,186
P05792,S03841,Learning,154
P05793,S05480,Writing,57
P05794,S05546,Research,593
P05795,S03632,Business,215
P05796,S02037,Image Generation,623
P05797,S04970,Coding,375
P05798,S02539,Coding,740
P05799,S07438,Learning,101
P05800,S02428,Writing,65
P05801,S01730,Image Generation,738
P05802,S03859,Writing,244
P05803,S03218,Writing,566
P05804,S02780,Business,82
P05805,S04553,Image Generation,289
P05806,S06943,Writing,323
P05807,S06871,Learning,708
P05808,S06650,Learning,243
P05809,S06374,Writing,345
P05810,S00511,Learning,250
P05811,S02918,Coding,57
P05812,S01668,Writing,583
P05813,S04931,Business,675
P05814,S07417,Writing,360
P05815,S03221,Image Generation,597
P05816,S00934,Coding,798
P05817,S05780,Research,320
P05818,S03757,Research,518
P05819,S05667,Coding,713
P05820,S05717,Learning,735
P05821,S02765,Business,522
P05822,S00917,Writing,526
P05823,S00500,Writing,483
P05824,S02931,Writing,299
P05825,S02666,Coding,676
P05826,S04908,Business,154
P05827,S06815,Business,294
P05828,S03689,Research,288
P05829,S03637,Image Generation,775
P05830,S03753,Writing,390
P05831,S01614,Business,659
P05832,S01962,Coding,725
P05833,S01934,Research,645
P05834,S00580,Business,365
P05835,S07206,Business,349
P05836,S02737,Business,62
P05837,S02718,Image Generation,710
P05838,S03975,Research,532
P05839,S03118,Image Generation,114
P05840,S07055,Image Generation,235
P05841,S01126,Learning,224
P05842,S01440,Business,55
P05843,S01420,Business,254
P05844,S03616,Learning,573
P05845,S04802,Business,344
P05846,S05828,Coding,246
P05847,S06635,Business,301
P05848,S05624,Business,272
P05849,S07124,Writing,137
P05850,S03721,Writing,314
P05851,S06274,Writing,273
P05852,S04659,Research,755
P05853,S06627,Writing,361
P05854,S05427,Writing,583
P05855,S05734,Coding,720
P05856,S02004,Research,755
P05857,S04969,Image Generation,624
P05858,S04923,Research,273
P05859,S01849,Research,631
P05860,S00460,Research,712
P05861,S04007,Business,733
P05862,S03459,Research,103
P05863,S00091,Coding,253
P05864,S00155,Learning,111
P05865,S05806,Writing,336
P05866,S00762,Writing,265
P05867,S04100,Image Generation,88
P05868,S04832,Image Generation,683
P05869,S02039,Coding,51
P05870,S05760,Writing,55
P05871,S04586,Learning,659
P05872,S05853,Research,458
P05873,S07298,Research,546
P05874,S01211,Writing,91
P05875,S05044,Coding,503
P05876,S00524,Business,748
P05877,S02227,Business,427
P05878,S03784,Image Generation,185
P05879,S02762,Research,386
P05880,S00690,Research,726
P05881,S01508,Image Generation,146
P05882,S06685,Coding,588
P05883,S02379,Learning,398
P05884,S02350,Learning,621
P05885,S00849,Coding,597
P05886,S05763,Research,743
P05887,S05410,Coding,235
P05888,S02519,Writing,196
P05889,S02183,Image Generation,109
P05890,S06257,Coding,623
P05891,S03345,Business,338
P05892,S05785,Coding,159
P05893,S06615,Research,754
P05894,S06447,Business,501
P05895,S00699,Writing,699
P05896,S07288,Learning,191
P05897,S03787,Writing,351
P05898,S01221,Image Generation,715
P05899,S00570,Writing,767
P05900,S01926,Writing,717
P05901,S01766,Coding,538
P05902,S02414,Image Generation,414
P05903,S07053,Learning,528
P05904,S07247,Image Generation,493
P05905,S02886,Image Generation,439
P05906,S05266,Business,362
P05907,S07330,Image Generation,462
P05908,S06115,Writing,414
P05909,S04108,Research,597
P05910,S03593,Business,100
P05911,S07069,Learning,519
P05912,S05340,Coding,230
P05913,S03642,Learning,620
P05914,S02433,Business,691
P05915,S06959,Coding,339
P05916,S00713,Learning,243
P05917,S07351,Writing,447
P05918,S01390,Image Generation,311
P05919,S06521,Research,375
P05920,S01826,Writing,140
P05921,S01138,Learning,272
P05922,S07499,Business,667
P05923,S03120,Writing,338
P05924,S07223,Learning,598
P05925,S01218,Coding,101
P05926,S06946,Coding,770
P05927,S06868,Research,379
P05928,S04870,Image Generation,547
P05929,S04197,Business,57
P05930,S05853,Coding,104
P05931,S01834,Research,423
P05932,S02415,Learning,736
P05933,S05658,Business,513
P05934,S02456,Research,354
P05935,S01853,Coding,618
P05936,S01364,Coding,247
P05937,S07169,Coding,248
P05938,S01458,Coding,196
P05939,S02623,Image Generation,797
P05940,S05775,Business,773
P05941,S00822,Writing,291
P05942,S07495,Learning,227
P05943,S04576,Writing,73
P05944,S01837,Business,261
P05945,S06511,Research,403
P05946,S02237,Research,142
P05947,S06810,Business,158
P05948,S06292,Coding,511
P05949,S03791,Business,511
P05950,S04253,Image Generation,550
P05951,S06490,Research,555
P05952,S07165,Image Generation,594
P05953,S04789,Learning,664
P05954,S06604,Business,287
P05955,S03689,Image Generation,365
P05956,S04295,Image Generation,368
P05957,S01681,Coding,422
P05958,S05604,Learning,531
P05959,S01189,Writing,359
P05960,S03962,Image Generation,445
P05961,S01007,Research,788
P05962,S05347,Coding,143
P05963,S06113,Learning,625
P05964,S05728,Learning,654
P05965,S02841,Learning,509
P05966,S00692,Image Generation,652
P05967,S06728,Image Generation,328
P05968,S06688,Research,80
P05969,S02712,Learning,459
P05970,S06636,Learning,164
P05971,S03829,Business,678
P05972,S00058,Research,623
P05973,S03072,Coding,725
P05974,S07419,Research,513
P05975,S03586,Image Generation,741
P05976,S02433,Image Generation,427
P05977,S06010,Research,451
P05978,S07314,Writing,212
P05979,S06814,Image Generation,563
P05980,S02980,Research,561
P05981,S03784,Research,182
P05982,S02442,Image Generation,417
P05983,S04214,Writing,462
P05984,S07493,Image Generation,574
P05985,S03201,Image Generation,173
P05986,S03140,Learning,149
P05987,S06880,Writing,403
P05988,S04035,Coding,770
P05989,S04953,Image Generation,88
P05990,S07239,Learning,257
P05991,S06108,Business,438
P05992,S05143,Business,622
P05993,S07464,Business,498
P05994,S06822,Writing,745
P05995,S03533,Coding,431
P05996,S02420,Business,689
P05997,S00437,Research,256
P05998,S00791,Learning,413
P05999,S05213,Business,142
P06000,S01893,Coding,559
P06001,S01123,Research,497
P06002,S06596,Coding,207
P06003,S00512,Business,128
P06004,S01826,Writing,114
P06005,S03076,Image Generation,572
P06006,S04820,Writing,342
P06007,S06176,Research,470
P06008,S05644,Learning,582
P06009,S00936,Learning,316
P06010,S06756,Research,373
P06011,S03195,Writing,275
P06012,S05478,Image Generation,284
P06013,S03208,Coding,108
P06014,S00581,Learning,199
P06015,S00338,Coding,190
P06016,S05506,Learning,511
P06017,S05275,Learning,254
P06018,S03326,Business,415
P06019,S02958,Image Generation,746
P06020,S05027,Coding,683
P06021,S04889,Research,517
P06022,S00440,Writing,567
P06023,S00820,Coding,623
P06024,S03936,Learning,289
P06025,S00283,Research,143
P06026,S00885,Writing,592
P06027,S02463,Learning,486
P06028,S00785,Coding,343
P06029,S01426,Writing,766
P06030,S00389,Coding,83
P06031,S03724,Learning,489
P06032,S01355,Writing,389
P06033,S07186,Coding,162
P06034,S05658,Business,680
P06035,S03781,Business,617
P06036,S02434,Image Generation,474
P06037,S02650,Image Generation,260
P06038,S04049,Coding,704
P06039,S06461,Writing,92
P06040,S07494,Research,635
P06041,S03303,Writing,772
P06042,S01322,Writing,437
P06043,S01409,Learning,546
P06044,S01699,Coding,242
P06045,S07239,Image Generation,573
P06046,S03828,Writing,194
P06047,S01615,Image Generation,149
P06048,S03475,Coding,481
P06049,S02000,Research,302
P06050,S05266,Learning,428
P06051,S04268,Image Generation,543
P06052,S03671,Business,313
P06053,S05205,Coding,700
P06054,S04189,Research,467
P06055,S00993,Image Generation,621
P06056,S04676,Learning,579
P06057,S06763,Business,707
P06058,S03690,Image Generation,82
P06059,S01242,Coding,622
P06060,S02560,Image Generation,351
P06061,S05749,Learning,348
P06062,S01555,Learning,199
P06063,S01955,Coding,720
P06064,S04786,Image Generation,581
P06065,S04448,Image Generation,83
P06066,S05687,Image Generation,52
P06067,S02534,Coding,96
P06068,S04304,Writing,763
P06069,S06932,Research,445
P06070,S04309,Business,383
P06071,S02177,Business,680
P06072,S07097,Coding,623
P06073,S05448,Image Generation,721
P06074,S06684,Writing,382
P06075,S02131,Business,512
P06076,S01040,Learning,320
P06077,S05186,Image Generation,545
P06078,S05655,Image Generation,669
P06079,S04855,Learning,565
P06080,S04338,Writing,103
P06081,S04965,Research,299
P06082,S00640,Research,243
P06083,S01209,Learning,652
P06084,S02978,Image Generation,791
P06085,S04880,Business,757
P06086,S01698,Business,71
P06087,S01449,Learning,482
P06088,S03331,Coding,92
P06089,S02830,Learning,640
P06090,S04037,Business,717
P06091,S01090,Coding,595
P06092,S01673,Writing,288
P06093,S07156,Image Generation,225
P06094,S07109,Business,769
P06095,S06619,Coding,549
P06096,S07235,Business,204
P06097,S02317,Coding,342
P06098,S02311,Research,542
P06099,S04686,Research,738
P06100,S05625,Research,384
P06101,S06362,Image Generation,764
P06102,S04663,Learning,223
P06103,S01766,Writing,242
P06104,S00546,Writing,710
P06105,S01282,Business,654
P06106,S05735,Business,475
P06107,S03629,Research,531
P06108,S03229,Writing,283
P06109,S03895,Research,779
P06110,S03813,Research,452
P06111,S06680,Learning,575
P06112,S00237,Image Generation,699
P06113,S06041,Writing,405
P06114,S05224,Research,315
P06115,S00836,Coding,429
P06116,S00146,Image Generation,102
P06117,S04357,Writing,701
P06118,S05752,Coding,207
P06119,S04110,Business,298
P06120,S06505,Writing,331
P06121,S07004,Image Generation,126
P06122,S01156,Coding,657
P06123,S07457,Coding,768
P06124,S03480,Business,463
P06125,S06156,Writing,428
P06126,S02808,Image Generation,236
P06127,S02475,Image Generation,317
P06128,S05930,Coding,705
P06129,S01673,Coding,527
P06130,S01119,Image Generation,759
P06131,S01496,Writing,669
P06132,S07139,Writing,306
P06133,S03025,Writing,523
P06134,S06269,Business,517
P06135,S06062,Business,383
P06136,S05648,Research,680
P06137,S02960,Business,509
P06138,S03998,Research,762
P06139,S02347,Writing,142
P06140,S06114,Learning,173
P06141,S05091,Research,615
P06142,S04288,Writing,112
P06143,S05912,Coding,617
P06144,S01093,Business,423
P06145,S06226,Research,550
P06146,S00511,Business,409
P06147,S03517,Writing,84
P06148,S06383,Research,264
P06149,S05832,Coding,670
P06150,S04445,Learning,62
P06151,S03584,Business,376
P06152,S07266,Image Generation,308
P06153,S05599,Writing,296
P06154,S06295,Writing,518
P06155,S02153,Image Generation,301
P06156,S02592,Coding,799
P06157,S03753,Learning,137
P06158,S06222,Coding,87
P06159,S07292,Image Generation,593
P06160,S04755,Coding,390
P06161,S02457,Research,100
P06162,S05434,Writing,683
P06163,S01051,Writing,698
P06164,S01304,Business,739
P06165,S02804,Research,661
P06166,S03591,Coding,402
P06167,S02970,Coding,738
P06168,S00650,Image Generation,172
P06169,S06250,Learning,443
P06170,S03025,Coding,544
P06171,S06331,Image Generation,78
P06172,S05061,Image Generation,90
P06173,S04537,Image Generation,425
P06174,S00044,Learning,450
P06175,S03739,Business,145
P06176,S07103,Coding,232
P06177,S00156,Business,703
P06178,S03733,Writing,430
P06179,S00417,Learning,437
P06180,S01280,Image Generation,586
P06181,S05607,Learning,435
P06182,S04799,Image Generation,726
P06183,S00168,Image Generation,479
P06184,S01757,Writing,523
P06185,S03838,Image Generation,411
P06186,S00989,Coding,180
P06187,S00132,Coding,96
P06188,S06786,Image Generation,787
P06189,S00775,Coding,229
P06190,S06262,Research,748
P06191,S07027,Research,679
P06192,S02859,Writing,124
P06193,S01279,Research,699
P06194,S07314,Research,567
P06195,S02044,Research,737
P06196,S01642,Learning,341
P06197,S06336,Learning,687
P06198,S07304,Learning,67
P06199,S03770,Business,549
P06200,S04323,Writing,148
P06201,S03308,Coding,184
P06202,S06999,Image Generation,491
P06203,S00360,Learning,603
P06204,S01553,Image Generation,375
P06205,S05803,Learning,615
P06206,S04139,Coding,217
P06207,S02234,Image Generation,214
P06208,S00853,Learning,60
P06209,S04417,Learning,282
P06210,S03600,Writing,62
P06211,S02126,Coding,183
P06212,S07022,Image Generation,173
P06213,S01703,Business,458
P06214,S01098,Research,603
P06215,S04101,Business,762
P06216,S00842,Coding,796
P06217,S02678,Coding,224
P06218,S06401,Learning,183
P06219,S00131,Coding,529
P06220,S01009,Business,736
P06221,S01338,Coding,163
P06222,S03403,Learning,663
P06223,S00155,Research,308
P06224,S05966,Image Generation,713
P06225,S00381,Research,227
P06226,S06533,Learning,276
P06227,S03762,Business,759
P06228,S05100,Image Generation,419
P06229,S01133,Coding,789
P06230,S04877,Business,130
P06231,S07037,Business,713
P06232,S06728,Image Generation,678
P06233,S00344,Research,284
P06234,S00283,Learning,371
P06235,S03946,Learning,571
P06236,S02118,Research,63
P06237,S03725,Coding,567
P06238,S01327,Coding,230
P06239,S05999,Learning,754
P06240,S03171,Research,223
P06241,S05422,Business,50
P06242,S00853,Learning,183
P06243,S01082,Research,54
P06244,S06340,Coding,69
P06245,S05546,Research,558
P06246,S02063,Research,150
P06247,S04082,Business,318
P06248,S06793,Coding,207
P06249,S00788,Business,400
P06250,S03371,Research,119
P06251,S07374,Coding,98
P06252,S03734,Image Generation,110
P06253,S02422,Research,350
P06254,S02885,Learning,354
P06255,S01825,Coding,290
P06256,S06867,Coding,637
P06257,S07180,Writing,737
P06258,S01670,Learning,200
P06259,S01458,Image Generation,497
P06260,S02452,Learning,767
P06261,S00159,Learning,133
P06262,S06782,Research,187
P06263,S04768,Research,348
P06264,S00632,Research,421
P06265,S04388,Learning,123
P06266,S02224,Learning,126
P06267,S00076,Research,399
P06268,S06145,Coding,244
P06269,S05604,Business,315
P06270,S05607,Research,455
P06271,S03229,Writing,509
P06272,S02425,Learning,713
P06273,S01139,Business,550
P06274,S03890,Learning,415
P06275,S04728,Writing,228
P06276,S04243,Learning,262
P06277,S00658,Writing,265
P06278,S02310,Image Generation,724
P06279,S04704,Coding,775
P06280,S06776,Business,273
P06281,S00685,Coding,610
P06282,S05992,Research,447
P06283,S06874,Learning,63
P06284,S01167,Writing,603
P06285,S06601,Learning,572
P06286,S00946,Research,425
P06287,S01218,Image Generation,499
P06288,S04778,Business,659
P06289,S05925,Coding,509
P06290,S04195,Research,576
P06291,S06032,Coding,778
P06292,S05880,Learning,704
P06293,S01651,Research,566
P06294,S01941,Image Generation,671
P06295,S01304,Writing,383
P06296,S00411,Coding,473
P06297,S04822,Learning,192
P06298,S03231,Learning,135
P06299,S05294,Coding,215
P06300,S03638,Coding,542
P06301,S02163,Writing,255
P06302,S03425,Learning,378
P06303,S04720,Writing,774
P06304,S04242,Research,750
P06305,S06941,Writing,219
P06306,S03212,Research,767
P06307,S05902,Business,584
P06308,S01243,Business,724
P06309,S02515,Learning,795
P06310,S01846,Coding,668
P06311,S05284,Learning,456
P06312,S06803,Business,63
P06313,S02044,Image Generation,491
P06314,S02353,Business,770
P06315,S01721,Writing,293
P06316,S05352,Writing,799
P06317,S05868,Coding,728
P06318,S04332,Image Generation,251
P06319,S07428,Business,446
P06320,S07205,Writing,376
P06321,S00865,Coding,290
P06322,S00617,Research,593
P06323,S01117,Research,72
P06324,S03194,Business,422
P06325,S02335,Learning,309
P06326,S06247,Learning,241
P06327,S05895,Research,772
P06328,S03304,Writing,517
P06329,S00858,Learning,760
P06330,S01331,Writing,371
P06331,S06072,Writing,523
P06332,S01979,Research,359
P06333,S06808,Image Generation,382
P06334,S04828,Learning,293
P06335,S04424,Research,377
P06336,S03905,Business,105
P06337,S01190,Learning,121
P06338,S02243,Learning,545
P06339,S07139,Research,169
P06340,S04252,Research,566
P06341,S01485,Research,338
P06342,S04539,Image Generation,525
P06343,S06777,Research,579
P06344,S05004,Research,494
P06345,S04649,Research,427
P06346,S03403,Learning,515
P06347,S04200,Coding,737
P06348,S00165,Coding,539
P06349,S00001,Image Generation,131
P06350,S05829,Business,290
P06351,S02057,Learning,178
P06352,S06770,Image Generation,739
P06353,S05820,Writing,190
P06354,S04741,Coding,696
P06355,S02550,Image Generation,264
P06356,S00795,Learning,439
P06357,S07091,Learning,583
P06358,S05777,Learning,546
P06359,S03404,Business,420
P06360,S00475,Learning,332
P06361,S03319,Research,578
P06362,S00709,Business,699
P06363,S03454,Writing,470
P06364,S06455,Coding,291
P06365,S00743,Research,769
P06366,S00993,Image Generation,139
P06367,S06955,Coding,413
P06368,S02302,Learning,573
P06369,S00789,Coding,412
P06370,S02978,Research,582
P06371,S02956,Image Generation,204
P06372,S03145,Research,328
P06373,S06359,Writing,746
P06374,S01985,Learning,543
P06375,S02447,Learning,61
P06376,S06295,Business,658
P06377,S07206,Image Generation,396
P06378,S01552,Image Generation,613
P06379,S02194,Image Generation,357
P06380,S00816,Coding,108
P06381,S05771,Image Generation,769
P06382,S01269,Business,719
P06383,S05795,Learning,300
P06384,S07435,Writing,147
P06385,S01464,Research,408
P06386,S01578,Learning,680
P06387,S05728,Learning,758
P06388,S01523,Business,214
P06389,S01745,Research,562
P06390,S03870,Writing,567
P06391,S00139,Learning,379
P06392,S04715,Writing,448
P06393,S00279,Business,419
P06394,S05900,Research,99
P06395,S02067,Writing,341
P06396,S03369,Learning,702
P06397,S01532,Business,643
P06398,S07493,Writing,150
P06399,S05935,Business,325
P06400,S07483,Research,669
P06401,S05270,Coding,679
P06402,S05283,Coding,635
P06403,S00901,Image Generation,344
P06404,S02683,Business,484
P06405,S04731,Coding,134
P06406,S05328,Writing,197
P06407,S03839,Business,513
P06408,S03153,Image Generation,227
P06409,S02155,Image Generation,789
P06410,S03798,Coding,654
P06411,S02965,Learning,688
P06412,S03892,Writing,547
P06413,S07368,Learning,129
P06414,S01056,Coding,332
P06415,S06351,Coding,704
P06416,S05389,Business,740
P06417,S01519,Research,248
P06418,S02037,Image Generation,732
P06419,S02795,Research,229
P06420,S02185,Learning,513
P06421,S01125,Business,772
P06422,S00465,Business,422
P06423,S04746,Research,231
P06424,S04131,Writing,410
P06425,S06055,Writing,586
P06426,S06007,Learning,293
P06427,S03056,Image Generation,669
P06428,S03004,Coding,661
P06429,S01825,Research,757
P06430,S07209,Research,111
P06431,S05195,Learning,291
P06432,S07017,Research,267
P06433,S03946,Writing,583
P06434,S05594,Image Generation,684
P06435,S03669,Learning,441
P06436,S04971,Business,526
P06437,S03108,Learning,451
P06438,S04131,Coding,693
P06439,S03723,Business,407
P06440,S02128,Coding,53
P06441,S02950,Writing,558
P06442,S06636,Research,746
P06443,S06015,Learning,209
P06444,S06206,Image Generation,738
P06445,S01012,Business,733
P06446,S02019,Writing,89
P06447,S07257,Research,134
P06448,S00131,Research,535
P06449,S05365,Coding,719
P06450,S02547,Learning,109
P06451,S02555,Image Generation,218
P06452,S05759,Business,548
P06453,S01448,Writing,790
P06454,S03452,Research,160
P06455,S06421,Writing,536
P06456,S05165,Research,151
P06457,S01391,Learning,100
P06458,S06625,Learning,691
P06459,S06558,Learning,153
P06460,S02259,Image Generation,572
P06461,S02297,Learning,309
P06462,S03702,Learning,332
P06463,S01094,Business,747
P06464,S05440,Image Generation,300
P06465,S06685,Image Generation,227
P06466,S04868,Writing,273
P06467,S06330,Business,212
P06468,S05795,Learning,686
P06469,S05086,Research,209
P06470,S02367,Writing,274
P06471,S02391,Learning,670
P06472,S05647,Image Generation,554
P06473,S01839,Writing,118
P06474,S05838,Writing,474
P06475,S03654,Business,784
P06476,S05996,Research,505
P06477,S06185,Coding,292
P06478,S04610,Learning,590
P06479,S04670,Image Generation,511
P06480,S01168,Image Generation,714
P06481,S07422,Writing,495
P06482,S02009,Coding,171
P06483,S06859,Writing,428
P06484,S01504,Image Generation,504
P06485,S01577,Business,191
P06486,S06382,Image Generation,185
P06487,S02466,Learning,385
P06488,S01925,Image Generation,756
P06489,S04286,Image Generation,742
P06490,S02376,Learning,166
P06491,S06622,Writing,117
P06492,S02042,Business,697
P06493,S03792,Image Generation,367
P06494,S01429,Research,111
P06495,S05027,Learning,511
P06496,S03445,Image Generation,156
P06497,S01610,Writing,650
P06498,S03877,Business,644
P06499,S01680,Business,668
P06500,S07120,Research,179
P06501,S03200,Writing,774
P06502,S02481,Business,360
P06503,S06881,Writing,577
P06504,S02672,Research,507
P06505,S07453,Writing,380
P06506,S07159,Business,124
P06507,S06098,Business,474
P06508,S06792,Coding,683
P06509,S02663,Image Generation,63
P06510,S05393,Research,202
P06511,S02736,Research,142
P06512,S01708,Coding,172
P06513,S07400,Writing,622
P06514,S05864,Writing,384
P06515,S04200,Writing,139
P06516,S06140,Research,237
P06517,S01675,Writing,262
P06518,S01591,Business,310
P06519,S05593,Learning,260
P06520,S05263,Research,256
P06521,S02491,Business,268
P06522,S01231,Writing,255
P06523,S05190,Coding,480
P06524,S05880,Writing,626
P06525,S03484,Learning,271
P06526,S00889,Writing,785
P06527,S05750,Business,800
P06528,S03897,Business,342
P06529,S01094,Image Generation,780
P06530,S02982,Image Generation,203
P06531,S02059,Image Generation,729
P06532,S02318,Research,186
P06533,S05721,Research,767
P06534,S06781,Coding,269
P06535,S06211,Learning,340
P06536,S03312,Research,499
P06537,S03400,Image Generation,468
P06538,S04630,Coding,658
P06539,S06524,Writing,400
P06540,S03460,Learning,120
P06541,S02207,Coding,51
P06542,S02473,Writing,400
P06543,S04892,Coding,691
P06544,S03830,Research,524
P06545,S07064,Writing,400
P06546,S04001,Business,576
P06547,S06027,Business,672
P06548,S03104,Image Generation,677
P06549,S04850,Learning,414
P06550,S06866,Research,161
P06551,S04764,Research,136
P06552,S07098,Coding,395
P06553,S04999,Learning,168
P06554,S02907,Learning,67
P06555,S07490,Image Generation,383
P06556,S00691,Image Generation,475
P06557,S04759,Research,95
P06558,S06817,Learning,251
P06559,S06545,Writing,414
P06560,S06999,Research,702
P06561,S06711,Business,753
P06562,S01792,Learning,779
P06563,S00909,Writing,779
P06564,S06286,Learning,280
P06565,S06155,Coding,239
P06566,S02315,Coding,400
P06567,S04242,Coding,255
P06568,S02130,Research,511
P06569,S07416,Business,238
P06570,S00827,Learning,221
P06571,S04735,Business,211
P06572,S04954,Learning,766
P06573,S07270,Image Generation,489
P06574,S03745,Business,710
P06575,S06246,Image Generation,795
P06576,S06872,Writing,772
P06577,S02527,Writing,770
P06578,S00911,Writing,634
P06579,S02892,Business,388
P06580,S03256,Business,217
P06581,S04009,Business,522
P06582,S02737,Business,508
P06583,S07464,Writing,317
P06584,S03404,Research,463
P06585,S00700,Writing,786
P06586,S02179,Image Generation,600
P06587,S00930,Coding,505
P06588,S05484,Learning,583
P06589,S00176,Business,440
P06590,S00748,Learning,348
P06591,S03463,Image Generation,486
P06592,S06677,Image Generation,125
P06593,S04774,Business,543
P06594,S04933,Writing,444
P06595,S00095,Research,437
P06596,S02030,Research,604
P06597,S03539,Coding,77
P06598,S01692,Business,68
P06599,S01522,Business,222
P06600,S01289,Image Generation,124
P06601,S02901,Business,148
P06602,S06198,Research,644
P06603,S04296,Business,187
P06604,S05422,Learning,559
P06605,S03561,Image Generation,330
P06606,S04375,Research,688
P06607,S07178,Image Generation,302
P06608,S05731,Coding,636
P06609,S05451,Learning,285
P06610,S02761,Learning,270
P06611,S00658,Research,709
P06612,S03607,Writing,551
P06613,S02326,Research,295
P06614,S01889,Writing,420
P06615,S05820,Writing,577
P06616,S06650,Coding,495
P06617,S02768,Business,436
P06618,S06272,Image Generation,463
P06619,S03928,Coding,275
P06620,S02449,Business,280
P06621,S05186,Research,639
P06622,S00165,Image Generation,684
P06623,S00186,Writing,666
P06624,S03948,Writing,573
P06625,S01702,Coding,754
P06626,S01028,Image Generation,753
P06627,S00586,Business,211
P06628,S01279,Business,473
P06629,S00831,Image Generation,271
P06630,S04493,Coding,725
P06631,S07093,Business,582
P06632,S03259,Writing,93
P06633,S01643,Coding,512
P06634,S04944,Research,643
P06635,S05663,Writing,396
P06636,S03667,Image Generation,327
P06637,S05692,Business,99
P06638,S02790,Learning,568
P06639,S04709,Coding,668
P06640,S05129,Image Generation,523
P06641,S03347,Research,409
P06642,S06538,Coding,497
P06643,S04524,Research,517
P06644,S06452,Coding,756
P06645,S03810,Image Generation,567
P06646,S05063,Learning,365
P06647,S04508,Learning,494
P06648,S06526,Writing,698
P06649,S07376,Business,89
P06650,S07400,Business,737
P06651,S05546,Research,483
P06652,S05326,Writing,50
P06653,S01096,Writing,99
P06654,S01596,Writing,284
P06655,S05045,Business,121
P06656,S06837,Research,483
P06657,S00532,Writing,352
P06658,S00912,Image Generation,560
P06659,S02828,Learning,672
P06660,S06877,Learning,471
P06661,S05724,Business,375
P06662,S07224,Image Generation,151
P06663,S01847,Coding,632
P06664,S01763,Writing,574
P06665,S01603,Learning,166
P06666,S05427,Research,758
P06667,S05943,Image Generation,389
P06668,S00782,Learning,518
P06669,S00547,Research,235
P06670,S00603,Research,404
P06671,S07228,Image Generation,50
P06672,S03294,Business,93
P06673,S04530,Writing,334
P06674,S06743,Coding,51
P06675,S02043,Learning,795
P06676,S03209,Learning,565
P06677,S04255,Research,601
P06678,S01949,Writing,106
P06679,S03053,Image Generation,271
P06680,S00354,Learning,669
P06681,S00687,Business,448
P06682,S00871,Writing,372
P06683,S05130,Business,506
P06684,S04514,Business,566
P06685,S01629,Research,440
P06686,S00898,Learning,424
P06687,S02194,Image Generation,229
P06688,S00285,Learning,622
P06689,S02300,Learning,305
P06690,S02162,Research,76
P06691,S01292,Business,351
P06692,S06920,Writing,421
P06693,S04093,Business,443
P06694,S04555,Learning,195
P06695,S06562,Research,634
P06696,S06919,Image Generation,356
P06697,S06356,Research,553
P06698,S06593,Learning,544
P06699,S05652,Research,292
P06700,S01607,Learning,698
P06701,S04648,Image Generation,147
P06702,S01955,Writing,538
P06703,S01343,Business,431
P06704,S03673,Learning,287
P06705,S03484,Research,422
P06706,S03705,Image Generation,471
P06707,S07473,Research,701
P06708,S01422,Image Generation,360
P06709,S03595,Coding,110
P06710,S04011,Writing,143
P06711,S04720,Business,195
P06712,S04830,Business,609
P06713,S01327,Writing,269
P06714,S03347,Learning,203
P06715,S05378,Business,336
P06716,S02670,Writing,599
P06717,S06824,Coding,793
P06718,S05359,Business,163
P06719,S03227,Image Generation,381
P06720,S01325,Writing,517
P06721,S02287,Coding,791
P06722,S07080,Learning,663
P06723,S02087,Writing,473
P06724,S00033,Image Generation,60
P06725,S01713,Research,445
P06726,S04649,Research,88
P06727,S06744,Writing,296
P06728,S03745,Writing,582
P06729,S02413,Business,362
P06730,S05427,Image Generation,566
P06731,S01416,Business,321
P06732,S06456,Writing,670
P06733,S05056,Business,320
P06734,S03139,Business,407
P06735,S03249,Image Generation,702
P06736,S03647,Research,327
P06737,S06492,Learning,191
P06738,S03754,Research,56
P06739,S04477,Learning,615
P06740,S00828,Research,661
P06741,S06483,Business,783
P06742,S06702,Image Generation,149
P06743,S04957,Coding,334
P06744,S05428,Learning,70
P06745,S01210,Learning,759
P06746,S05392,Learning,106
P06747,S03511,Writing,224
P06748,S07039,Learning,124
P06749,S05332,Business,211
P06750,S01363,Image Generation,308
P06751,S02401,Writing,595
P06752,S03279,Image Generation,483
P06753,S02050,Coding,236
P06754,S02086,Image Generation,736
P06755,S06726,Learning,473
P06756,S01292,Learning,68
P06757,S01051,Writing,281
P06758,S04967,Image Generation,543
P06759,S02824,Image Generation,270
P06760,S04977,Image Generation,272
P06761,S04900,Writing,627
P06762,S03211,Writing,796
P06763,S06846,Business,309
P06764,S01774,Writing,552
P06765,S03684,Business,180
P06766,S00621,Business,274
P06767,S05392,Research,90
P06768,S01199,Business,83
P06769,S00979,Research,714
P06770,S00193,Learning,650
P06771,S05152,Learning,261
P06772,S02046,Coding,711
P06773,S02530,Learning,630
P06774,S06067,Coding,276
P06775,S06013,Learning,596
P06776,S00339,Research,691
P06777,S05043,Research,725
P06778,S03178,Coding,54
P06779,S07342,Coding,753
P06780,S01941,Research,772
P06781,S01107,Writing,163
P06782,S05745,Coding,373
P06783,S06268,Coding,305
P06784,S06903,Coding,265
P06785,S03436,Research,720
P06786,S02943,Business,255
P06787,S03496,Image Generation,466
P06788,S05131,Business,161
P06789,S07417,Image Generation,281
P06790,S04229,Research,297
P06791,S01086,Business,743
P06792,S01941,Research,350
P06793,S01867,Image Generation,270
P06794,S03810,Image Generation,646
P06795,S06537,Writing,611
P06796,S07162,Business,676
P06797,S01531,Coding,629
P06798,S02898,Research,764
P06799,S02913,Research,341
P06800,S00746,Coding,351
P06801,S05926,Image Generation,112
P06802,S04432,Learning,288
P06803,S07038,Writing,378
P06804,S03551,Research,612
P06805,S04794,Research,258
P06806,S00493,Business,681
P06807,S07187,Coding,487
P06808,S05672,Business,462
P06809,S06459,Image Generation,534
P06810,S02524,Business,498
P06811,S06303,Image Generation,436
P06812,S03659,Writing,787
P06813,S06947,Image Generation,390
P06814,S04836,Research,342
P06815,S00124,Image Generation,561
P06816,S00621,Business,158
P06817,S01837,Learning,319
P06818,S02011,Research,462
P06819,S00985,Image Generation,534
P06820,S05553,Business,109
P06821,S06441,Writing,677
P06822,S06136,Coding,739
P06823,S04689,Research,433
P06824,S00177,Writing,164
P06825,S04013,Image Generation,723
P06826,S01793,Learning,692
P06827,S04034,Research,787
P06828,S04381,Research,779
P06829,S06060,Learning,401
P06830,S02844,Research,626
P06831,S00545,Writing,270
P06832,S01887,Image Generation,763
P06833,S07140,Research,777
P06834,S05721,Writing,308
P06835,S02020,Writing,386
P06836,S01817,Business,699
P06837,S00871,Coding,77
P06838,S03947,Research,153
P06839,S02472,Business,242
P06840,S05464,Business,219
P06841,S02723,Learning,175
P06842,S03911,Business,378
P06843,S02851,Research,756
P06844,S00145,Business,644
P06845,S00328,Writing,770
P06846,S03593,Research,644
P06847,S01223,Learning,756
P06848,S04156,Research,296
P06849,S03755,Learning,608
P06850,S03088,Business,276
P06851,S01187,Writing,496
P06852,S06443,Business,705
P06853,S02542,Learning,413
P06854,S01893,Image Generation,394
P06855,S01729,Image Generation,401
P06856,S01705,Writing,210
P06857,S02160,Business,210
P06858,S05004,Business,419
P06859,S03164,Writing,346
P06860,S01998,Coding,298
P06861,S06522,Writing,483
P06862,S03099,Research,764
P06863,S05531,Research,552
P06864,S07381,Image Generation,87
P06865,S05114,Research,546
P06866,S03734,Research,429
P06867,S00440,Research,771
P06868,S06516,Research,171
P06869,S01299,Image Generation,521
P06870,S00182,Image Generation,552
P06871,S00307,Image Generation,655
P06872,S07191,Image Generation,179
P06873,S02800,Writing,769
P06874,S03818,Writing,674
P06875,S05661,Research,134
P06876,S00834,Learning,573
P06877,S02454,Research,799
P06878,S04285,Writing,370
P06879,S00236,Coding,233
P06880,S02680,Business,322
P06881,S00224,Business,789
P06882,S02687,Learning,400
P06883,S04599,Coding,731
P06884,S00104,Business,626
P06885,S06068,Learning,369
P06886,S03056,Writing,541
P06887,S01038,Business,490
P06888,S02817,Image Generation,439
P06889,S00527,Research,664
P06890,S03740,Writing,180
P06891,S03418,Coding,513
P06892,S05007,Research,713
P06893,S00857,Research,482
P06894,S01757,Business,106
P06895,S04340,Writing,754
P06896,S01941,Research,748
P06897,S00233,Image Generation,433
P06898,S02194,Writing,397
P06899,S03475,Business,444
P06900,S03153,Learning,792
P06901,S07015,Learning,120
P06902,S07454,Image Generation,192
P06903,S02822,Writing,618
P06904,S02687,Coding,67
P06905,S07094,Image Generation,687
P06906,S02740,Research,509
P06907,S04994,Coding,307
P06908,S04050,Learning,798
P06909,S01397,Learning,529
P06910,S02098,Research,364
P06911,S03694,Image Generation,749
P06912,S03026,Image Generation,154
P06913,S07163,Image Generation,596
P06914,S02859,Coding,605
P06915,S00067,Research,716
P06916,S00975,Writing,99
P06917,S02472,Image Generation,278
P06918,S03681,Coding,748
P06919,S06142,Coding,777
P06920,S04904,Coding,538
P06921,S01015,Coding,369
P06922,S05696,Research,102
P06923,S03514,Coding,569
P06924,S01923,Coding,717
P06925,S02651,Business,179
P06926,S00370,Learning,718
P06927,S07210,Learning,288
P06928,S04049,Coding,736
P06929,S04945,Image Generation,617
P06930,S03269,Research,662
P06931,S03880,Learning,372
P06932,S01467,Business,451
P06933,S01364,Writing,197
P06934,S02859,Business,182
P06935,S05119,Research,197
P06936,S05436,Writing,146
P06937,S05782,Writing,506
P06938,S02771,Learning,585
P06939,S01614,Writing,154
P06940,S01727,Coding,107
P06941,S03676,Research,477
P06942,S04624,Coding,166
P06943,S05743,Business,423
P06944,S06998,Research,590
P06945,S04250,Writing,375
P06946,S00043,Image Generation,216
P06947,S05257,Learning,281
P06948,S03347,Learning,384
P06949,S04791,Coding,340
P06950,S01679,Learning,290
P06951,S00543,Image Generation,193
P06952,S05037,Research,724
P06953,S01152,Writing,449
P06954,S01734,Coding,665
P06955,S05318,Image Generation,741
P06956,S05459,Image Generation,385
P06957,S04502,Learning,440
P06958,S00164,Writing,433
P06959,S01278,Research,456
P06960,S07178,Writing,285
P06961,S02437,Image Generation,479
P06962,S03799,Research,605
P06963,S00590,Research,553
P06964,S06279,Research,405
P06965,S06051,Research,251
P06966,S04755,Research,327
P06967,S05571,Writing,523
P06968,S01853,Business,643
P06969,S00674,Writing,745
P06970,S04166,Writing,247
P06971,S01298,Image Generation,535
P06972,S04523,Business,444
P06973,S00833,Research,437
P06974,S06727,Image Generation,218
P06975,S01242,Coding,702
P06976,S07023,Business,287
P06977,S02352,Coding,717
P06978,S03870,Image Generation,239
P06979,S05462,Coding,507
P06980,S04140,Business,569
P06981,S04795,Image Generation,722
P06982,S03802,Writing,738
P06983,S00193,Writing,303
P06984,S02826,Writing,117
P06985,S06949,Research,528
P06986,S00074,Research,477
P06987,S03581,Coding,603
P06988,S03342,Learning,712
P06989,S05738,Research,146
P06990,S06584,Image Generation,112
P06991,S04593,Learning,743
P06992,S07322,Research,630
P06993,S03698,Research,575
P06994,S05494,Coding,260
P06995,S04704,Research,759
P06996,S03468,Learning,610
P06997,S04708,Coding,586
P06998,S03918,Business,485
P06999,S02974,Coding,658
P07000,S02932,Image Generation,277
P07001,S02269,Writing,54
P07002,S05809,Image Generation,100
P07003,S02057,Research,308
P07004,S03151,Image Generation,299
P07005,S06613,Coding,295
P07006,S00462,Writing,317
P07007,S05496,Image Generation,74
P07008,S05302,Image Generation,102
P07009,S03243,Coding,375
P07010,S06907,Writing,323
P07011,S02034,Coding,259
P07012,S03522,Research,475
P07013,S00250,Coding,778
P07014,S02383,Learning,377
P07015,S06917,Image Generation,641
P07016,S06213,Coding,573
P07017,S00281,Business,266
P07018,S02113,Image Generation,502
P07019,S06216,Image Generation,510
P07020,S01417,Business,110
P07021,S00972,Coding,317
P07022,S00438,Writing,321
P07023,S06552,Coding,643
P07024,S07232,Image Generation,730
P07025,S02560,Business,751
P07026,S03973,Research,264
P07027,S03849,Business,787
P07028,S01861,Research,211
P07029,S05365,Writing,729
P07030,S00462,Business,485
P07031,S02195,Research,786
P07032,S06491,Research,496
P07033,S02842,Writing,658
P07034,S00581,Business,562
P07035,S04637,Image Generation,571
P07036,S07205,Research,583
P07037,S00560,Research,652
P07038,S00972,Learning,345
P07039,S00306,Business,555
P07040,S02565,Learning,475
P07041,S07186,Learning,181
P07042,S07224,Coding,497
P07043,S01620,Research,470
P07044,S03153,Business,302
P07045,S00400,Image Generation,549
P07046,S07054,Business,79
P07047,S04950,Learning,721
P07048,S02263,Business,548
P07049,S02350,Research,553
P07050,S00412,Writing,624
P07051,S06752,Learning,332
P07052,S06675,Business,460
P07053,S01569,Writing,674
P07054,S03436,Learning,446
P07055,S02261,Business,66
P07056,S03063,Learning,600
P07057,S00468,Image Generation,450
P07058,S06379,Writing,279
P07059,S00173,Business,137
P07060,S04890,Learning,166
P07061,S05005,Image Generation,791
P07062,S05234,Research,740
P07063,S04091,Learning,525
P07064,S07440,Coding,450
P07065,S06718,Research,365
P07066,S01350,Learning,658
P07067,S03890,Business,719
P07068,S04453,Business,69
P07069,S00350,Research,659
P07070,S03195,Business,471
P07071,S01199,Writing,327
P07072,S00275,Learning,675
P07073,S06483,Writing,422
P07074,S04869,Image Generation,51
P07075,S00883,Research,458
P07076,S02707,Learning,528
P07077,S06729,Image Generation,677
P07078,S03468,Learning,401
P07079,S01272,Business,506
P07080,S04549,Business,403
P07081,S05057,Business,156
P07082,S02009,Writing,542
P07083,S05963,Business,404
P07084,S03295,Learning,740
P07085,S06092,Research,204
P07086,S02150,Image Generation,529
P07087,S00926,Learning,454
P07088,S02545,Coding,535
P07089,S02925,Writing,570
P07090,S07295,Writing,199
P07091,S06332,Coding,352
P07092,S00967,Writing,92
P07093,S00237,Research,649
P07094,S04167,Learning,95
P07095,S04515,Business,722
P07096,S00181,Business,102
P07097,S02893,Image Generation,622
P07098,S05076,Learning,513
P07099,S04623,Learning,725
P07100,S04322,Writing,657
P07101,S04080,Learning,232
P07102,S06611,Research,52
P07103,S06860,Research,137
P07104,S06019,Learning,782
P07105,S04174,Learning,81
P07106,S04872,Image Generation,580
P07107,S02091,Image Generation,247
P07108,S01133,Image Generation,88
P07109,S04464,Writing,334
P07110,S02118,Image Generation,582
P07111,S00311,Image Generation,248
P07112,S00623,Learning,353
P07113,S02377,Research,512
P07114,S05032,Writing,128
P07115,S07458,Image Generation,785
P07116,S03404,Learning,703
P07117,S07219,Writing,52
P07118,S00931,Coding,508
P07119,S02348,Research,240
P07120,S05643,Learning,736
P07121,S01272,Image Generation,159
P07122,S04407,Business,783
P07123,S01453,Learning,368
P07124,S05410,Coding,487
P07125,S02666,Business,80
P07126,S05283,Research,671
P07127,S07407,Business,788
P07128,S06488,Coding,685
P07129,S03257,Business,146
P07130,S01873,Coding,555
P07131,S00634,Research,659
P07132,S00354,Research,613
P07133,S04974,Research,494
P07134,S05263,Business,611
P07135,S02286,Research,758
P07136,S06766,Learning,672
P07137,S05911,Business,291
P07138,S00861,Writing,566
P07139,S04708,Coding,643
P07140,S04095,Research,745
P07141,S05201,Writing,285
P07142,S02117,Writing,790
P07143,S04678,Coding,341
P07144,S04754,Writing,195
P07145,S04091,Writing,721
P07146,S01182,Business,227
P07147,S03863,Learning,724
P07148,S04903,Image Generation,293
P07149,S01480,Image Generation,726
P07150,S04491,Learning,435
P07151,S02338,Business,397
P07152,S07034,Coding,662
P07153,S07249,Business,263
P07154,S01643,Business,437
P07155,S05035,Business,163
P07156,S00664,Business,615
P07157,S00329,Learning,95
P07158,S04869,Writing,608
P07159,S02733,Learning,557
P07160,S01529,Research,408
P07161,S04174,Learning,336
P07162,S01869,Writing,200
P07163,S07094,Image Generation,415
P07164,S04375,Research,333
P07165,S05487,Research,298
P07166,S05610,Learning,279
P07167,S01610,Business,614
P07168,S03664,Business,344
P07169,S00838,Image Generation,714
P07170,S02009,Coding,353
P07171,S00100,Business,186
P07172,S04415,Learning,667
P07173,S06113,Research,588
P07174,S05294,Image Generation,486
P07175,S01105,Image Generation,51
P07176,S02229,Research,238
P07177,S06089,Image Generation,264
P07178,S05657,Learning,667
P07179,S00653,Research,254
P07180,S06511,Learning,493
P07181,S02777,Business,705
P07182,S00394,Research,64
P07183,S07359,Coding,95
P07184,S03499,Research,783
P07185,S06979,Learning,92
P07186,S01109,Coding,62
P07187,S02565,Coding,428
P07188,S03703,Business,157
P07189,S04541,Learning,253
P07190,S04810,Learning,188
P07191,S06826,Writing,503
P07192,S01959,Research,649
P07193,S01241,Learning,237
P07194,S02448,Coding,529
P07195,S06301,Learning,736
P07196,S02177,Research,538
P07197,S07375,Research,748
P07198,S01888,Image Generation,592
P07199,S02362,Coding,187
P07200,S05089,Business,525
P07201,S02993,Research,768
P07202,S04750,Coding,697
P07203,S05275,Coding,748
P07204,S02405,Research,610
P07205,S05693,Business,349
P07206,S03749,Image Generation,546
P07207,S00120,Image Generation,127
P07208,S03603,Coding,723
P07209,S05421,Business,120
P07210,S02388,Learning,534
P07211,S05668,Business,127
P07212,S02868,Writing,714
P07213,S00927,Coding,486
P07214,S02450,Writing,452
P07215,S05690,Research,436
P07216,S00571,Image Generation,251
P07217,S01680,Learning,365
P07218,S01707,Coding,725
P07219,S04800,Image Generation,645
P07220,S02426,Learning,344
P07221,S01740,Research,736
P07222,S04473,Coding,192
P07223,S06955,Learning,551
P07224,S04857,Coding,753
P07225,S02029,Coding,771
P07226,S03477,Learning,540
P07227,S05688,Image Generation,420
P07228,S07295,Coding,101
P07229,S06362,Business,597
P07230,S01548,Research,699
P07231,S00070,Writing,365
P07232,S06178,Coding,377
P07233,S00771,Research,475
P07234,S02891,Learning,454
P07235,S07092,Image Generation,544
P07236,S05017,Writing,326
P07237,S03967,Image Generation,653
P07238,S06964,Image Generation,712
P07239,S07201,Research,593
P07240,S02105,Learning,767
P07241,S05296,Coding,511
P07242,S00735,Learning,244
P07243,S01325,Research,701
P07244,S00825,Writing,390
P07245,S02519,Writing,150
P07246,S05869,Learning,723
P07247,S00557,Research,319
P07248,S05348,Learning,386
P07249,S03877,Image Generation,137
P07250,S02689,Coding,389
P07251,S01148,Research,407
P07252,S07191,Coding,311
P07253,S02837,Learning,629
P07254,S06123,Writing,558
P07255,S01853,Learning,372
P07256,S07439,Research,127
P07257,S02685,Coding,598
P07258,S01995,Research,77
P07259,S07477,Image Generation,521
P07260,S07385,Learning,119
P07261,S04835,Writing,664
P07262,S02019,Business,411
P07263,S06934,Learning,452
P07264,S04892,Image Generation,642
P07265,S00353,Image Generation,417
P07266,S06563,Research,159
P07267,S00414,Coding,613
P07268,S02037,Research,299
P07269,S00571,Image Generation,596
P07270,S02952,Coding,309
P07271,S05650,Writing,572
P07272,S02101,Research,313
P07273,S03939,Business,641
P07274,S01058,Image Generation,145
P07275,S05896,Research,438
P07276,S05691,Business,88
P07277,S01819,Learning,365
P07278,S03584,Learning,89
P07279,S07432,Coding,509
P07280,S04524,Writing,540
P07281,S01798,Learning,144
P07282,S04723,Learning,718
P07283,S00395,Writing,653
P07284,S00219,Learning,393
P07285,S04373,Writing,413
P07286,S06024,Business,374
P07287,S07469,Research,136
P07288,S00502,Business,175
P07289,S06599,Business,340
P07290,S02414,Business,169
P07291,S03132,Research,140
P07292,S00427,Business,576
P07293,S02171,Business,254
P07294,S01154,Business,721
P07295,S00747,Writing,189
P07296,S00452,Image Generation,111
P07297,S06154,Image Generation,82
P07298,S04741,Writing,605
P07299,S07480,Writing,376
P07300,S03945,Coding,764
P07301,S00373,Research,435
P07302,S06207,Business,89
P07303,S06724,Writing,159
P07304,S00473,Business,201
P07305,S02347,Image Generation,562
P07306,S05902,Writing,797
P07307,S03719,Writing,342
P07308,S06360,Learning,564
P07309,S03299,Image Generation,90
P07310,S06056,Writing,407
P07311,S02108,Writing,774
P07312,S03918,Business,257
P07313,S06024,Business,370
P07314,S02143,Coding,100
P07315,S05503,Research,408
P07316,S05525,Research,372
P07317,S00039,Business,124
P07318,S01002,Business,556
P07319,S03382,Research,664
P07320,S01803,Research,247
P07321,S01637,Business,262
P07322,S06524,Image Generation,353
P07323,S04679,Research,112
P07324,S04322,Image Generation,110
P07325,S05013,Image Generation,778
P07326,S05813,Business,577
P07327,S07152,Learning,564
P07328,S03003,Learning,736
P07329,S07186,Writing,129
P07330,S00242,Coding,469
P07331,S01392,Business,217
P07332,S00198,Business,537
P07333,S00243,Writing,548
P07334,S07093,Coding,759
P07335,S00627,Research,257
P07336,S00022,Image Generation,704
P07337,S05427,Business,243
P07338,S06957,Coding,692
P07339,S00866,Image Generation,204
P07340,S05566,Image Generation,587
P07341,S02961,Business,796
P07342,S04202,Writing,536
P07343,S00276,Image Generation,791
P07344,S03629,Image Generation,275
P07345,S07396,Research,217
P07346,S06714,Writing,635
P07347,S01610,Coding,229
P07348,S05103,Learning,359
P07349,S06910,Image Generation,522
P07350,S05384,Coding,532
P07351,S06491,Image Generation,635
P07352,S00968,Research,513
P07353,S00908,Business,782
P07354,S07333,Coding,66
P07355,S02341,Coding,270
P07356,S00400,Image Generation,306
P07357,S04855,Business,691
P07358,S01646,Learning,221
P07359,S04966,Image Generation,796
P07360,S05063,Coding,269
P07361,S06574,Business,579
P07362,S00638,Research,174
P07363,S01778,Learning,196
P07364,S06370,Coding,161
P07365,S03557,Image Generation,311
P07366,S02794,Coding,340
P07367,S05762,Coding,571
P07368,S07072,Image Generation,699
P07369,S06312,Research,613
P07370,S05309,Learning,308
P07371,S06585,Writing,308
P07372,S00598,Coding,465
P07373,S00547,Coding,655
P07374,S02686,Writing,586
P07375,S02796,Image Generation,281
P07376,S04498,Coding,123
P07377,S05229,Coding,578
P07378,S05545,Research,772
P07379,S02397,Learning,584
P07380,S05402,Research,223
P07381,S03662,Business,345
P07382,S07089,Image Generation,405
P07383,S00207,Business,399
P07384,S03392,Research,310
P07385,S03892,Research,240
P07386,S06725,Learning,257
P07387,S01986,Learning,151
P07388,S05803,Learning,647
P07389,S02497,Coding,647
P07390,S05136,Writing,53
P07391,S06231,Research,763
P07392,S07335,Image Generation,569
P07393,S05449,Learning,175
P07394,S02210,Coding,623
P07395,S02572,Coding,793
P07396,S00193,Learning,704
P07397,S06707,Research,359
P07398,S01315,Coding,55
P07399,S01897,Learning,311
P07400,S07466,Business,617
P07401,S03222,Business,311
P07402,S04866,Business,677
P07403,S04078,Coding,386
P07404,S02576,Image Generation,204
P07405,S06512,Image Generation,208
P07406,S01580,Image Generation,89
P07407,S06526,Writing,630
P07408,S00288,Business,485
P07409,S01497,Business,539
P07410,S06867,Coding,631
P07411,S04604,Research,412
P07412,S02376,Writing,391
P07413,S02262,Coding,529
P07414,S07148,Learning,280
P07415,S04211,Writing,679
P07416,S06794,Learning,379
P07417,S05238,Learning,494
P07418,S03960,Business,195
P07419,S04687,Research,750
P07420,S02680,Learning,274
P07421,S02394,Image Generation,661
P07422,S07481,Coding,642
P07423,S02941,Research,531
P07424,S07482,Learning,570
P07425,S00934,Research,249
P07426,S07378,Coding,86
P07427,S04916,Research,261
P07428,S01892,Coding,380
P07429,S06337,Business,785
P07430,S06527,Business,114
P07431,S01660,Business,596
P07432,S03783,Learning,300
P07433,S00699,Writing,110
P07434,S06351,Research,555
P07435,S03573,Business,123
P07436,S04004,Learning,147
P07437,S05070,Image Generation,743
P07438,S01824,Learning,316
P07439,S04574,Coding,315
P07440,S02053,Business,238
P07441,S01647,Coding,505
P07442,S01260,Coding,160
P07443,S05015,Learning,323
P07444,S00935,Learning,502
P07445,S03285,Coding,343
P07446,S06761,Coding,418
P07447,S06352,Image Generation,353
P07448,S02711,Writing,71
P07449,S04148,Coding,360
P07450,S02414,Research,672
P07451,S06560,Coding,245
P07452,S02454,Learning,132
P07453,S00740,Business,109
P07454,S06779,Business,168
P07455,S06111,Coding,769
P07456,S01655,Research,495
P07457,S04295,Learning,67
P07458,S00262,Coding,216
P07459,S03079,Learning,273
P07460,S02695,Learning,52
P07461,S02875,Writing,119
P07462,S07029,Coding,475
P07463,S01709,Learning,554
P07464,S03390,Image Generation,583
P07465,S07171,Research,498
P07466,S06248,Coding,159
P07467,S04968,Research,154
P07468,S05793,Learning,490
P07469,S03744,Image Generation,235
P07470,S02538,Business,710
P07471,S03960,Image Generation,795
P07472,S02388,Research,451
P07473,S05392,Writing,278
P07474,S00529,Writing,104
P07475,S00211,Writing,401
P07476,S01754,Image Generation,346
P07477,S01517,Research,289
P07478,S03069,Coding,388
P07479,S02171,Coding,800
P07480,S06836,Coding,378
P07481,S06255,Writing,741
P07482,S03504,Learning,249
P07483,S02445,Research,313
P07484,S03875,Coding,332
P07485,S05899,Writing,498
P07486,S05306,Image Generation,190
P07487,S04909,Learning,503
P07488,S01673,Image Generation,730
P07489,S05716,Business,343
P07490,S04219,Image Generation,556
P07491,S01931,Image Generation,251
P07492,S03377,Learning,411
P07493,S07487,Coding,102
P07494,S07459,Research,187
P07495,S06541,Writing,640
P07496,S02769,Coding,648
P07497,S00255,Research,164
P07498,S02110,Coding,290
P07499,S07193,Writing,555
P07500,S01485,Coding,729
P07501,S04437,Coding,388
P07502,S01621,Writing,350
P07503,S02912,Learning,294
P07504,S00026,Research,459
P07505,S01105,Learning,103
P07506,S01569,Image Generation,335
P07507,S05173,Image Generation,516
P07508,S05762,Writing,631
P07509,S02641,Writing,182
P07510,S05887,Learning,506
P07511,S03220,Business,635
P07512,S01399,Coding,121
P07513,S02574,Learning,415
P07514,S01949,Business,129
P07515,S06347,Image Generation,82
P07516,S00725,Writing,390
P07517,S06818,Coding,240
P07518,S01658,Image Generation,749
P07519,S07211,Learning,616
P07520,S01019,Image Generation,784
P07521,S07360,Image Generation,590
P07522,S01308,Business,506
P07523,S01380,Business,168
P07524,S06211,Writing,233
P07525,S04529,Image Generation,353
P07526,S03172,Research,450
P07527,S04549,Learning,383
P07528,S02702,Image Generation,264
P07529,S03084,Learning,338
P07530,S03444,Business,321
P07531,S01619,Coding,65
P07532,S04193,Image Generation,89
P07533,S05076,Research,433
P07534,S02869,Research,764
P07535,S05067,Learning,615
P07536,S07351,Business,272
P07537,S01964,Research,381
P07538,S00354,Learning,728
P07539,S00347,Research,549
P07540,S01196,Research,287
P07541,S05628,Business,475
P07542,S05366,Writing,412
P07543,S07336,Learning,192
P07544,S00205,Research,306
P07545,S00380,Research,641
P07546,S00938,Research,757
P07547,S04664,Coding,147
P07548,S01490,Image Generation,465
P07549,S05350,Learning,775
P07550,S04577,Coding,240
P07551,S00754,Learning,274
P07552,S01319,Image Generation,718
P07553,S01180,Learning,393
P07554,S01867,Research,753
P07555,S04694,Image Generation,438
P07556,S07443,Image Generation,135
P07557,S05906,Learning,264
P07558,S01867,Research,680
P07559,S01678,Writing,631
P07560,S04811,Image Generation,367
P07561,S02837,Research,408
P07562,S05772,Writing,59
P07563,S02443,Coding,103
P07564,S01249,Research,571
P07565,S02465,Business,639
P07566,S01005,Learning,650
P07567,S00073,Research,464
P07568,S01907,Research,533
P07569,S00381,Business,679
P07570,S06741,Coding,362
P07571,S00476,Coding,374
P07572,S00139,Business,594
P07573,S03505,Image Generation,435
P07574,S05289,Writing,261
P07575,S01035,Coding,770
P07576,S04390,Research,642
P07577,S01785,Business,202
P07578,S03720,Image Generation,778
P07579,S06152,Writing,509
P07580,S07012,Business,134
P07581,S05030,Business,784
P07582,S07378,Coding,136
P07583,S06984,Writing,706
P07584,S04751,Business,739
P07585,S03289,Coding,303
P07586,S02110,Business,190
P07587,S01908,Coding,341
P07588,S00608,Coding,688
P07589,S00305,Learning,440
P07590,S06464,Learning,91
P07591,S05578,Business,131
P07592,S02020,Image Generation,298
P07593,S05279,Research,292
P07594,S04369,Coding,274
P07595,S04526,Learning,334
P07596,S02020,Image Generation,549
P07597,S01396,Image Generation,470
P07598,S01707,Writing,486
P07599,S03126,Image Generation,182
P07600,S02779,Learning,289
P07601,S05982,Business,95
P07602,S05460,Writing,50
P07603,S02300,Business,418
P07604,S01912,Research,604
P07605,S00693,Writing,378
P07606,S02928,Business,704
P07607,S01549,Business,438
P07608,S01896,Research,545
P07609,S02807,Business,592
P07610,S00517,Business,800
P07611,S00575,Writing,589
P07612,S04580,Business,313
P07613,S04984,Image Generation,292
P07614,S03436,Research,157
P07615,S07012,Learning,191
P07616,S02029,Research,499
P07617,S00816,Business,688
P07618,S01092,Business,617
P07619,S04745,Writing,82
P07620,S06955,Learning,643
P07621,S00431,Writing,528
P07622,S02984,Business,724
P07623,S06941,Learning,237
P07624,S05914,Writing,781
P07625,S04517,Learning,337
P07626,S00792,Learning,535
P07627,S06940,Learning,688
P07628,S04947,Learning,592
P07629,S05682,Writing,347
P07630,S06644,Coding,757
P07631,S00402,Learning,602
P07632,S04283,Business,339
P07633,S04110,Research,774
P07634,S00469,Writing,159
P07635,S03294,Coding,245
P07636,S02578,Research,418
P07637,S01770,Writing,736
P07638,S02656,Business,469
P07639,S01782,Learning,78
P07640,S05287,Business,123
P07641,S03474,Learning,264
P07642,S03397,Writing,226
P07643,S03404,Image Generation,614
P07644,S04373,Business,776
P07645,S00564,Business,616
P07646,S00061,Coding,377
P07647,S02892,Writing,208
P07648,S04630,Coding,349
P07649,S05150,Writing,58
P07650,S04654,Research,482
P07651,S06239,Learning,669
P07652,S04396,Learning,677
P07653,S05672,Research,387
P07654,S02450,Learning,301
P07655,S03021,Coding,668
P07656,S04086,Research,237
P07657,S04059,Image Generation,439
P07658,S02275,Business,332
P07659,S01876,Research,186
P07660,S01755,Coding,379
P07661,S01619,Writing,672
P07662,S01148,Learning,163
P07663,S00042,Business,254
P07664,S03543,Research,456
P07665,S04531,Coding,512
P07666,S06314,Learning,394
P07667,S02695,Coding,765
P07668,S07150,Learning,497
P07669,S05324,Learning,223
P07670,S00025,Business,113
P07671,S04183,Writing,156
P07672,S01033,Business,494
P07673,S03909,Writing,422
P07674,S06766,Image Generation,575
P07675,S00800,Learning,594
P07676,S05445,Coding,654
P07677,S06451,Image Generation,264
P07678,S04597,Learning,491
P07679,S06107,Business,195
P07680,S03553,Learning,364
P07681,S07092,Learning,533
P07682,S02760,Learning,723
P07683,S02976,Coding,139
P07684,S00750,Coding,110
P07685,S00203,Research,484
P07686,S01919,Coding,358
P07687,S03384,Learning,742
P07688,S06895,Writing,322
P07689,S00982,Business,584
P07690,S01584,Writing,338
P07691,S06725,Learning,247
P07692,S05900,Image Generation,266
P07693,S07319,Research,287
P07694,S03392,Writing,229
P07695,S03803,Business,348
P07696,S06581,Learning,340
P07697,S04358,Research,422
P07698,S04627,Image Generation,685
P07699,S03283,Research,286
P07700,S00649,Writing,725
P07701,S01747,Research,375
P07702,S06293,Research,791
P07703,S06168,Business,636
P07704,S04647,Business,357
P07705,S02571,Coding,157
P07706,S01944,Coding,720
P07707,S03315,Writing,758
P07708,S00442,Learning,451
P07709,S07402,Research,230
P07710,S05048,Business,578
P07711,S07403,Image Generation,426
P07712,S00096,Coding,443
P07713,S00966,Image Generation,684
P07714,S07433,Learning,162
P07715,S02826,Coding,129
P07716,S00864,Business,771
P07717,S06453,Learning,711
P07718,S06567,Image Generation,480
P07719,S03134,Learning,631
P07720,S03491,Research,773
P07721,S04804,Business,604
P07722,S05123,Image Generation,346
P07723,S05803,Coding,708
P07724,S02348,Writing,285
P07725,S05093,Research,569
P07726,S01247,Coding,582
P07727,S04875,Business,767
P07728,S05554,Writing,82
P07729,S04946,Image Generation,663
P07730,S06022,Image Generation,216
P07731,S03722,Image Generation,742
P07732,S07015,Learning,691
P07733,S01254,Image Generation,316
P07734,S03043,Image Generation,467
P07735,S02557,Image Generation,133
P07736,S02324,Business,481
P07737,S04741,Coding,131
P07738,S01790,Business,275
P07739,S07499,Coding,156
P07740,S05207,Research,585
P07741,S01883,Research,583
P07742,S04763,Business,225
P07743,S05096,Image Generation,251
P07744,S06862,Business,525
P07745,S03403,Writing,436
P07746,S03290,Writing,473
P07747,S05974,Image Generation,419
P07748,S01300,Coding,686
P07749,S05043,Image Generation,749
P07750,S06918,Research,548
P07751,S04888,Learning,322
P07752,S00337,Writing,233
P07753,S00942,Learning,89
P07754,S06729,Business,778
P07755,S04118,Business,162
P07756,S04300,Image Generation,652
P07757,S06268,Image Generation,370
P07758,S04876,Coding,117
P07759,S05691,Coding,713
P07760,S00809,Writing,544
P07761,S00160,Writing,333
P07762,S03686,Research,328
P07763,S04869,Writing,788
P07764,S00200,Coding,180
P07765,S03402,Research,357
P07766,S01874,Image Generation,244
P07767,S05497,Business,412
P07768,S02148,Coding,449
P07769,S02652,Business,389
P07770,S07484,Image Generation,437
P07771,S05917,Business,118
P07772,S01379,Learning,359
P07773,S07001,Writing,213
P07774,S00914,Image Generation,528
P07775,S02329,Learning,757
P07776,S05975,Learning,449
P07777,S00905,Business,688
P07778,S02439,Writing,627
P07779,S07001,Learning,692
P07780,S01440,Writing,549
P07781,S03466,Learning,245
P07782,S03518,Research,658
P07783,S06156,Writing,656
P07784,S04981,Writing,81
P07785,S02969,Image Generation,259
P07786,S02897,Business,399
P07787,S00874,Business,727
P07788,S07379,Business,254
P07789,S06080,Writing,326
P07790,S02567,Research,263
P07791,S01219,Image Generation,548
P07792,S07187,Coding,205
P07793,S01592,Writing,123
P07794,S05752,Research,416
P07795,S06020,Business,458
P07796,S00077,Research,719
P07797,S02936,Research,750
P07798,S01241,Coding,632
P07799,S00267,Coding,468
P07800,S05833,Image Generation,296
P07801,S00169,Image Generation,741
P07802,S07038,Writing,674
P07803,S03093,Writing,279
P07804,S06724,Business,613
P07805,S03136,Learning,448
P07806,S03956,Image Generation,125
P07807,S05858,Learning,739
P07808,S03668,Coding,297
P07809,S07077,Image Generation,491
P07810,S00756,Business,522
P07811,S00710,Learning,286
P07812,S02419,Image Generation,287
P07813,S03566,Writing,490
P07814,S00138,Image Generation,539
P07815,S02619,Image Generation,710
P07816,S03399,Writing,407
P07817,S02530,Image Generation,85
P07818,S06713,Image Generation,425
P07819,S06888,Business,64
P07820,S06932,Coding,181
P07821,S07150,Learning,464
P07822,S02812,Image Generation,309
P07823,S06043,Learning,477
P07824,S06025,Image Generation,657
P07825,S01756,Learning,675
P07826,S06964,Research,286
P07827,S02665,Research,542
P07828,S02889,Learning,207
P07829,S03412,Business,553
P07830,S04201,Image Generation,127
P07831,S07364,Research,619
P07832,S05005,Business,209
P07833,S01516,Writing,280
P07834,S02528,Learning,100
P07835,S06049,Writing,307
P07836,S02156,Coding,639
P07837,S04262,Coding,67
P07838,S00900,Research,703
P07839,S04033,Business,325
P07840,S06300,Learning,516
P07841,S03289,Learning,633
P07842,S03761,Research,609
P07843,S04649,Image Generation,691
P07844,S00980,Learning,307
P07845,S02905,Business,557
P07846,S05217,Business,526
P07847,S05215,Coding,207
P07848,S05496,Research,625
P07849,S01643,Business,145
P07850,S07350,Business,718
P07851,S01567,Business,594
P07852,S00880,Business,788
P07853,S00545,Business,728
P07854,S02261,Coding,226
P07855,S05800,Coding,672
P07856,S02948,Research,754
P07857,S00444,Business,175
P07858,S00272,Business,181
P07859,S02716,Business,601
P07860,S02639,Learning,712
P07861,S02921,Research,173
P07862,S01401,Learning,249
P07863,S00737,Coding,479
P07864,S04079,Business,799
P07865,S03922,Research,239
P07866,S03131,Writing,510
P07867,S07062,Research,241
P07868,S03392,Research,536
P07869,S02267,Coding,575
P07870,S03334,Research,72
P07871,S04935,Writing,481
P07872,S06417,Learning,233
P07873,S01725,Coding,508
P07874,S03332,Writing,164
P07875,S00061,Writing,633
P07876,S03294,Writing,180
P07877,S01613,Coding,84
P07878,S00666,Learning,575
P07879,S05191,Business,514
P07880,S04393,Coding,632
P07881,S05521,Writing,201
P07882,S00461,Writing,613
P07883,S03252,Learning,358
P07884,S00669,Business,514
P07885,S03862,Research,54
P07886,S05945,Image Generation,278
P07887,S03795,Image Generation,351
P07888,S02539,Business,543
P07889,S05077,Image Generation,150
P07890,S05471,Research,769
P07891,S06861,Business,400
P07892,S02761,Learning,280
P07893,S00648,Image Generation,462
P07894,S07240,Learning,652
P07895,S02220,Research,236
P07896,S05830,Coding,788
P07897,S03923,Learning,514
P07898,S00532,Coding,291
P07899,S02871,Coding,114
P07900,S01511,Learning,220
P07901,S03532,Research,607
P07902,S05080,Writing,302
P07903,S02656,Learning,124
P07904,S01877,Research,758
P07905,S04596,Research,423
P07906,S05223,Coding,239
P07907,S02083,Coding,598
P07908,S03557,Image Generation,326
P07909,S07305,Coding,740
P07910,S06352,Coding,474
P07911,S06663,Research,430
P07912,S03059,Writing,396
P07913,S02697,Writing,765
P07914,S00774,Image Generation,724
P07915,S04569,Business,105
P07916,S03203,Research,549
P07917,S04236,Research,399
P07918,S04404,Coding,679
P07919,S06264,Learning,315
P07920,S03299,Writing,491
P07921,S04873,Research,70
P07922,S02943,Image Generation,215
P07923,S03989,Business,225
P07924,S02779,Writing,551
P07925,S05719,Writing,524
P07926,S02351,Writing,557
P07927,S07107,Coding,199
P07928,S00274,Learning,268
P07929,S01036,Image Generation,496
P07930,S04013,Coding,748
P07931,S06720,Image Generation,481
P07932,S01492,Business,106
P07933,S05324,Business,642
P07934,S03089,Coding,770
P07935,S06510,Research,333
P07936,S03071,Coding,642
P07937,S02061,Learning,645
P07938,S04609,Business,194
P07939,S05771,Business,467
P07940,S03432,Writing,115
P07941,S06263,Learning,494
P07942,S01837,Learning,406
P07943,S01440,Coding,444
P07944,S02849,Image Generation,594
P07945,S05117,Research,51
P07946,S00002,Learning,793
P07947,S03977,Learning,272
P07948,S01522,Coding,358
P07949,S03559,Business,275
P07950,S01313,Research,54
P07951,S00062,Research,782
P07952,S07007,Writing,576
P07953,S04388,Learning,283
P07954,S02002,Learning,472
P07955,S01187,Learning,557
P07956,S04123,Image Generation,263
P07957,S04570,Research,469
P07958,S04475,Writing,324
P07959,S05264,Coding,708
P07960,S07377,Image Generation,781
P07961,S02884,Image Generation,261
P07962,S01134,Writing,706
P07963,S05519,Business,353
P07964,S00840,Image Generation,137
P07965,S00746,Coding,783
P07966,S01087,Coding,788
P07967,S03213,Learning,398
P07968,S05611,Writing,291
P07969,S04804,Research,766
P07970,S02087,Image Generation,468
P07971,S00179,Business,213
P07972,S04129,Writing,661
P07973,S00007,Image Generation,267
P07974,S03929,Image Generation,531
P07975,S03153,Research,235
P07976,S05452,Research,77
P07977,S00022,Image Generation,322
P07978,S02724,Learning,329
P07979,S04535,Learning,780
P07980,S02302,Writing,777
P07981,S03969,Business,416
P07982,S04395,Coding,283
P07983,S02884,Coding,157
P07984,S04775,Learning,730
P07985,S07482,Image Generation,214
P07986,S07029,Learning,691
P07987,S01300,Learning,95
P07988,S03195,Image Generation,220
P07989,S02268,Research,75
P07990,S03946,Coding,627
P07991,S05616,Image Generation,117
P07992,S06523,Research,707
P07993,S05078,Coding,733
P07994,S05623,Coding,497
P07995,S04012,Learning,658
P07996,S01483,Image Generation,237
P07997,S05896,Business,555
P07998,S05802,Learning,318
P07999,S07256,Learning,522
P08000,S05975,Business,568
P08001,S03564,Learning,494
P08002,S05934,Research,280
P08003,S03929,Image Generation,792
P08004,S00199,Research,65
P08005,S03156,Image Generation,597
P08006,S04864,Image Generation,354
P08007,S04712,Writing,291
P08008,S01248,Coding,714
P08009,S07133,Coding,79
P08010,S02338,Research,546
P08011,S03379,Business,534
P08012,S06002,Research,433
P08013,S02714,Learning,196
P08014,S07132,Coding,618
P08015,S00143,Learning,323
P08016,S01337,Writing,542
P08017,S01184,Image Generation,480
P08018,S05625,Learning,532
P08019,S07193,Coding,112
P08020,S05746,Coding,459
P08021,S02296,Coding,667
P08022,S04116,Learning,307
P08023,S04130,Research,189
P08024,S04652,Business,503
P08025,S01456,Coding,477
P08026,S00717,Coding,468
P08027,S06461,Business,200
P08028,S01869,Coding,305
P08029,S05172,Writing,54
P08030,S02929,Image Generation,684
P08031,S04544,Writing,213
P08032,S03781,Learning,488
P08033,S00634,Coding,346
P08034,S04613,Writing,424
P08035,S00392,Research,294
P08036,S06277,Image Generation,240
P08037,S03135,Coding,454
P08038,S02950,Research,490
P08039,S00194,Learning,575
P08040,S06063,Learning,205
P08041,S02505,Business,448
P08042,S05600,Image Generation,81
P08043,S04851,Writing,644
P08044,S02048,Learning,738
P08045,S02527,Coding,765
P08046,S03925,Writing,615
P08047,S02697,Writing,128
P08048,S07386,Learning,65
P08049,S04053,Image Generation,81
P08050,S03643,Learning,558
P08051,S01085,Business,228
P08052,S01046,Research,724
P08053,S06859,Writing,633
P08054,S05182,Learning,756
P08055,S03479,Image Generation,657
P08056,S04617,Image Generation,171
P08057,S04276,Coding,591
P08058,S03540,Research,284
P08059,S00967,Research,423
P08060,S02498,Coding,588
P08061,S01539,Coding,734
P08062,S03158,Learning,642
P08063,S03089,Business,244
P08064,S06658,Coding,177
P08065,S01654,Image Generation,675
P08066,S07251,Business,371
P08067,S02795,Image Generation,98
P08068,S03788,Business,128
P08069,S02664,Research,393
P08070,S02184,Research,420
P08071,S03317,Image Generation,214
P08072,S04706,Image Generation,257
P08073,S06513,Image Generation,78
P08074,S06041,Image Generation,584
P08075,S04764,Image Generation,718
P08076,S02014,Research,309
P08077,S02126,Business,214
P08078,S02337,Writing,669
P08079,S02062,Writing,302
P08080,S04268,Image Generation,503
P08081,S00375,Learning,505
P08082,S06801,Writing,422
P08083,S05759,Image Generation,162
P08084,S06612,Writing,766
P08085,S04452,Learning,560
P08086,S04955,Business,671
P08087,S03890,Writing,278
P08088,S02900,Research,321
P08089,S04416,Business,299
P08090,S00893,Learning,515
P08091,S03102,Learning,657
P08092,S02585,Image Generation,367
P08093,S00191,Business,563
P08094,S07143,Research,291
P08095,S00720,Business,156
P08096,S00524,Coding,622
P08097,S00692,Image Generation,429
P08098,S04059,Research,780
P08099,S05965,Coding,677
P08100,S03618,Coding,148
P08101,S04465,Learning,131
P08102,S03496,Image Generation,410
P08103,S04041,Learning,99
P08104,S02065,Image Generation,434
P08105,S03054,Image Generation,96
P08106,S06330,Research,633
P08107,S07214,Image Generation,149
P08108,S07252,Research,588
P08109,S02380,Learning,392
P08110,S06891,Business,106
P08111,S00247,Image Generation,315
P08112,S05967,Coding,186
P08113,S02638,Coding,565
P08114,S00138,Learning,791
P08115,S03723,Writing,491
P08116,S05666,Learning,474
P08117,S07439,Image Generation,107
P08118,S00778,Writing,620
P08119,S05021,Learning,149
P08120,S03260,Writing,258
P08121,S02006,Writing,202
P08122,S01318,Image Generation,594
P08123,S07373,Image Generation,67
P08124,S02638,Coding,131
P08125,S02673,Learning,94
P08126,S02605,Research,132
P08127,S04061,Writing,243
P08128,S01109,Research,445
P08129,S06190,Learning,244
P08130,S03554,Coding,212
P08131,S05246,Writing,511
P08132,S01139,Image Generation,270
P08133,S07025,Coding,109
P08134,S04201,Writing,747
P08135,S02604,Business,532
P08136,S07028,Image Generation,227
P08137,S03528,Learning,787
P08138,S02312,Research,726
P08139,S04577,Business,578
P08140,S02838,Business,624
P08141,S07323,Writing,302
P08142,S00525,Learning,171
P08143,S02672,Writing,249
P08144,S02486,Learning,503
P08145,S01135,Writing,290
P08146,S03035,Business,394
P08147,S02633,Business,798
P08148,S01242,Writing,338
P08149,S04375,Writing,773
P08150,S05336,Research,214
P08151,S02348,Coding,387
P08152,S03059,Image Generation,595
P08153,S02235,Coding,791
P08154,S06883,Coding,453
P08155,S03226,Business,654
P08156,S05268,Learning,181
P08157,S04464,Research,488
P08158,S04457,Business,749
P08159,S02274,Image Generation,364
P08160,S04122,Image Generation,526
P08161,S03065,Business,392
P08162,S05782,Writing,79
P08163,S03367,Image Generation,119
P08164,S02154,Image Generation,153
P08165,S04194,Image Generation,465
P08166,S01920,Research,214
P08167,S02228,Research,349
P08168,S07061,Research,800
P08169,S00583,Image Generation,501
P08170,S04260,Coding,231
P08171,S06736,Image Generation,742
P08172,S05308,Business,707
P08173,S02184,Learning,148
P08174,S02938,Learning,157
P08175,S05867,Image Generation,696
P08176,S02740,Image Generation,327
P08177,S05539,Business,546
P08178,S00274,Image Generation,479
P08179,S04481,Learning,650
P08180,S00497,Image Generation,556
P08181,S06338,Research,93
P08182,S06564,Writing,235
P08183,S03156,Writing,214
P08184,S06767,Business,167
P08185,S02490,Research,768
P08186,S04929,Writing,317
P08187,S04649,Learning,108
P08188,S05938,Research,280
P08189,S05612,Research,55
P08190,S00354,Coding,751
P08191,S02797,Business,137
P08192,S01180,Research,149
P08193,S07320,Image Generation,795
P08194,S02392,Learning,440
P08195,S05562,Learning,770
P08196,S05299,Coding,343
P08197,S01353,Image Generation,232
P08198,S05197,Coding,197
P08199,S00947,Research,634
P08200,S01989,Writing,707
P08201,S01982,Business,605
P08202,S01168,Image Generation,234
P08203,S06778,Business,54
P08204,S02454,Writing,495
P08205,S04077,Research,171
P08206,S02983,Learning,770
P08207,S02887,Coding,89
P08208,S05655,Business,625
P08209,S04118,Research,437
P08210,S02785,Writing,467
P08211,S05320,Learning,203
P08212,S02951,Business,470
P08213,S06494,Business,202
P08214,S01673,Image Generation,572
P08215,S06403,Coding,562
P08216,S04806,Research,490
P08217,S02278,Writing,392
P08218,S02318,Writing,585
P08219,S02481,Image Generation,549
P08220,S05825,Image Generation,201
P08221,S01338,Image Generation,205
P08222,S03173,Image Generation,677
P08223,S06915,Writing,317
P08224,S04706,Research,378
P08225,S04516,Coding,338
P08226,S04345,Writing,109
P08227,S06828,Research,283
P08228,S01265,Writing,381
P08229,S00662,Image Generation,782
P08230,S05535,Image Generation,759
P08231,S02570,Learning,56
P08232,S04761,Business,698
P08233,S02740,Writing,397
P08234,S06071,Image Generation,708
P08235,S05121,Coding,754
P08236,S00160,Image Generation,369
P08237,S03997,Coding,786
P08238,S00228,Learning,437
P08239,S07262,Research,370
P08240,S01497,Business,453
P08241,S06942,Writing,329
P08242,S05656,Research,661
P08243,S05609,Image Generation,347
P08244,S06051,Writing,398
P08245,S01151,Learning,569
P08246,S02302,Research,730
P08247,S05399,Business,238
P08248,S05105,Writing,128
P08249,S03925,Business,723
P08250,S07264,Research,786
P08251,S02038,Learning,195
P08252,S01969,Writing,789
P08253,S04325,Coding,564
P08254,S00972,Coding,358
P08255,S00592,Writing,700
P08256,S01174,Research,571
P08257,S00121,Research,547
P08258,S01509,Research,497
P08259,S00773,Business,87
P08260,S05170,Image Generation,331
P08261,S07038,Writing,101
P08262,S02399,Coding,624
P08263,S06813,Image Generation,426
P08264,S02711,Writing,765
P08265,S06854,Learning,794
P08266,S06574,Research,704
P08267,S05668,Business,571
P08268,S04715,Research,52
P08269,S01020,Coding,619
P08270,S07048,Research,158
P08271,S06369,Coding,491
P08272,S03742,Image Generation,234
P08273,S00728,Research,591
P08274,S03287,Writing,131
P08275,S01646,Learning,382
P08276,S02824,Learning,543
P08277,S04031,Business,785
P08278,S00284,Learning,176
P08279,S03916,Learning,129
P08280,S02609,Coding,285
P08281,S03183,Coding,173
P08282,S00086,Research,210
P08283,S01672,Image Generation,350
P08284,S05259,Image Generation,233
P08285,S04845,Writing,111
P08286,S06292,Learning,277
P08287,S03886,Image Generation,201
P08288,S07277,Writing,77
P08289,S00222,Business,497
P08290,S00174,Coding,112
P08291,S03714,Research,433
P08292,S03621,Research,655
P08293,S05335,Business,643
P08294,S06244,Business,560
P08295,S01608,Writing,651
P08296,S00128,Image Generation,305
P08297,S04391,Business,301
P08298,S03399,Coding,182
P08299,S00667,Coding,532
P08300,S02686,Business,502
P08301,S07496,Coding,159
P08302,S00275,Research,89
P08303,S01185,Coding,349
P08304,S07250,Coding,628
P08305,S05471,Research,224
P08306,S05733,Business,551
P08307,S03063,Image Generation,119
P08308,S03319,Research,72
P08309,S04784,Research,613
P08310,S05239,Business,232
P08311,S00844,Research,80
P08312,S04703,Business,177
P08313,S01138,Coding,661
P08314,S05798,Business,502
P08315,S00924,Image Generation,143
P08316,S03445,Image Generation,584
P08317,S06911,Coding,484
P08318,S03263,Coding,73
P08319,S06159,Research,543
P08320,S01023,Learning,753
P08321,S03300,Learning,757
P08322,S07275,Research,563
P08323,S03460,Image Generation,731
P08324,S05290,Coding,56
P08325,S06805,Coding,341
P08326,S04454,Coding,425
P08327,S02050,Writing,567
P08328,S03121,Coding,171
P08329,S07442,Research,260
P08330,S07500,Writing,430
P08331,S07147,Image Generation,579
P08332,S00011,Coding,335
P08333,S00006,Writing,201
P08334,S04054,Business,534
P08335,S01824,Coding,75
P08336,S01162,Writing,326
P08337,S05994,Research,311
P08338,S02722,Learning,571
P08339,S01177,Research,705
P08340,S06439,Coding,68
P08341,S04274,Coding,519
P08342,S06459,Business,800
P08343,S03082,Business,187
P08344,S01240,Learning,156
P08345,S01142,Writing,81
P08346,S03897,Writing,261
P08347,S04644,Writing,664
P08348,S00760,Research,761
P08349,S01335,Writing,63
P08350,S06361,Writing,547
P08351,S00939,Image Generation,616
P08352,S05659,Image Generation,80
P08353,S03845,Business,479
P08354,S00152,Writing,368
P08355,S03646,Writing,687
P08356,S06676,Coding,83
P08357,S06952,Business,340
P08358,S05281,Learning,476
P08359,S01277,Research,216
P08360,S05064,Research,367
P08361,S00391,Writing,259
P08362,S01486,Coding,539
P08363,S03366,Writing,447
P08364,S05404,Research,649
P08365,S05551,Writing,240
P08366,S01071,Learning,220
P08367,S02003,Writing,257
P08368,S00355,Writing,273
P08369,S00310,Coding,194
P08370,S03808,Business,727
P08371,S00848,Writing,627
P08372,S05517,Research,632
P08373,S04937,Image Generation,352
P08374,S05096,Business,133
P08375,S05253,Learning,165
P08376,S01325,Writing,157
P08377,S03840,Coding,351
P08378,S00371,Coding,542
P08379,S02290,Learning,402
P08380,S05768,Research,686
P08381,S07114,Writing,679
P08382,S06904,Business,448
P08383,S01480,Research,180
P08384,S04601,Writing,439
P08385,S03494,Writing,634
P08386,S03751,Image Generation,271
P08387,S04893,Learning,591
P08388,S06811,Image Generation,783
P08389,S01523,Research,728
P08390,S03804,Business,572
P08391,S07351,Learning,631
P08392,S04812,Coding,778
P08393,S00510,Learning,772
P08394,S05052,Image Generation,375
P08395,S00706,Learning,790
P08396,S05919,Coding,455
P08397,S00458,Learning,595
P08398,S01766,Business,687
P08399,S06739,Learning,267
P08400,S04964,Coding,304
P08401,S02882,Learning,676
P08402,S07467,Writing,315
P08403,S05312,Writing,574
P08404,S01850,Business,631
P08405,S07167,Writing,704
P08406,S05788,Image Generation,536
P08407,S03089,Coding,760
P08408,S04795,Learning,223
P08409,S06575,Business,436
P08410,S03303,Learning,687
P08411,S01716,Coding,747
P08412,S04631,Image Generation,503
P08413,S05968,Research,55
P08414,S00444,Image Generation,122
P08415,S02537,Writing,172
P08416,S02174,Coding,625
P08417,S04089,Business,519
P08418,S00210,Image Generation,74
P08419,S05492,Image Generation,642
P08420,S04831,Research,776
P08421,S05204,Coding,710
P08422,S05793,Research,542
P08423,S03760,Research,474
P08424,S04585,Image Generation,205
P08425,S00060,Image Generation,579
P08426,S06237,Business,64
P08427,S07047,Image Generation,52
P08428,S03197,Image Generation,691
P08429,S00659,Image Generation,210
P08430,S00093,Writing,685
P08431,S05627,Research,389
P08432,S03821,Learning,61
P08433,S04564,Coding,269
P08434,S00055,Learning,336
P08435,S00672,Writing,282
P08436,S02965,Business,210
P08437,S01093,Learning,222
P08438,S03877,Writing,254
P08439,S03376,Research,161
P08440,S00863,Learning,674
P08441,S00067,Image Generation,783
P08442,S00532,Business,738
P08443,S02040,Coding,522
P08444,S05102,Coding,85
P08445,S03681,Coding,480
P08446,S02225,Research,681
P08447,S05857,Image Generation,521
P08448,S05428,Business,170
P08449,S01288,Writing,694
P08450,S02822,Research,607
P08451,S01744,Coding,518
P08452,S02625,Image Generation,268
P08453,S00470,Learning,518
P08454,S04608,Learning,198
P08455,S00216,Learning,451
P08456,S00269,Coding,407
P08457,S03443,Writing,142
P08458,S02453,Coding,159
P08459,S05180,Writing,73
P08460,S02816,Learning,682
P08461,S02619,Coding,417
P08462,S04083,Coding,89
P08463,S05369,Research,220
P08464,S02636,Research,491
P08465,S07093,Writing,428
P08466,S05752,Writing,340
P08467,S05489,Learning,494
P08468,S00966,Coding,735
P08469,S04381,Coding,395
P08470,S00242,Coding,450
P08471,S02586,Writing,507
P08472,S06401,Learning,410
P08473,S07129,Business,441
P08474,S01495,Coding,368
P08475,S03643,Coding,522
P08476,S05647,Image Generation,174
P08477,S06731,Learning,652
P08478,S01162,Image Generation,608
P08479,S00524,Image Generation,477
P08480,S07146,Business,200
P08481,S06434,Writing,773
P08482,S06657,Learning,251
P08483,S01708,Research,644
P08484,S00885,Image Generation,776
P08485,S01200,Learning,382
P08486,S06140,Research,396
P08487,S06928,Coding,702
P08488,S04691,Writing,752
P08489,S02573,Image Generation,321
P08490,S03641,Writing,551
P08491,S04455,Research,312
P08492,S00742,Image Generation,763
P08493,S02222,Writing,79
P08494,S04234,Research,622
P08495,S00115,Writing,177
P08496,S02101,Writing,128
P08497,S02104,Image Generation,532
P08498,S07416,Coding,460
P08499,S04264,Image Generation,576
P08500,S01639,Research,536
P08501,S00921,Writing,636
P08502,S01398,Business,732
P08503,S03148,Image Generation,790
P08504,S04529,Business,384
P08505,S03078,Learning,723
P08506,S07049,Writing,345
P08507,S00470,Business,581
P08508,S01761,Business,454
P08509,S03036,Research,511
P08510,S06778,Image Generation,694
P08511,S05960,Writing,320
P08512,S04915,Writing,150
P08513,S00088,Research,642
P08514,S00552,Image Generation,102
P08515,S01278,Research,490
P08516,S03585,Coding,584
P08517,S02071,Writing,331
P08518,S03072,Business,772
P08519,S06491,Image Generation,104
P08520,S03063,Image Generation,113
P08521,S06914,Image Generation,182
P08522,S00280,Image Generation,478
P08523,S06718,Business,569
P08524,S01728,Coding,640
P08525,S06604,Business,658
P08526,S01829,Image Generation,512
P08527,S04586,Business,136
P08528,S04421,Image Generation,569
P08529,S02833,Research,288
P08530,S01667,Coding,309
P08531,S03964,Research,122
P08532,S06239,Learning,556
P08533,S01215,Business,777
P08534,S06685,Coding,394
P08535,S04822,Research,231
P08536,S01015,Writing,484
P08537,S01000,Business,774
P08538,S03374,Research,368
P08539,S02137,Image Generation,447
P08540,S06037,Business,389
P08541,S00893,Research,409
P08542,S05379,Research,355
P08543,S04754,Learning,479
P08544,S04279,Business,356
P08545,S05689,Research,295
P08546,S05653,Research,64
P08547,S07328,Writing,560
P08548,S05357,Image Generation,210
P08549,S06518,Learning,658
P08550,S05940,Image Generation,386
P08551,S06469,Writing,632
P08552,S02991,Business,747
P08553,S03963,Image Generation,237
P08554,S03714,Business,726
P08555,S03448,Image Generation,165
P08556,S06493,Learning,107
P08557,S04006,Coding,557
P08558,S02994,Learning,90
P08559,S05772,Image Generation,648
P08560,S00814,Coding,415
P08561,S06124,Image Generation,359
P08562,S03477,Image Generation,441
P08563,S03753,Research,523
P08564,S02988,Business,758
P08565,S02547,Business,532
P08566,S01132,Research,487
P08567,S01213,Learning,639
P08568,S06512,Research,509
P08569,S06840,Business,725
P08570,S02421,Learning,770
P08571,S06599,Learning,56
P08572,S01626,Business,442
P08573,S07463,Research,153
P08574,S03485,Coding,510
P08575,S02079,Business,572
P08576,S05606,Learning,708
P08577,S05662,Image Generation,219
P08578,S01136,Writing,348
P08579,S04224,Research,329
P08580,S03584,Image Generation,83
P08581,S03380,Writing,613
P08582,S05437,Writing,64
P08583,S06039,Research,339
P08584,S07198,Research,453
P08585,S01531,Research,165
P08586,S04726,Business,707
P08587,S03005,Learning,280
P08588,S06086,Business,67
P08589,S06781,Business,475
P08590,S05935,Writing,427
P08591,S06667,Research,242
P08592,S00758,Image Generation,73
P08593,S01299,Business,593
P08594,S00187,Image Generation,793
P08595,S01970,Coding,620
P08596,S01424,Business,768
P08597,S02439,Writing,292
P08598,S01768,Writing,354
P08599,S01776,Research,63
P08600,S03219,Image Generation,564
P08601,S02629,Coding,621
P08602,S01820,Writing,728
P08603,S02220,Coding,272
P08604,S06933,Research,741
P08605,S04005,Business,316
P08606,S03210,Learning,142
P08607,S00712,Learning,334
P08608,S01923,Writing,345
P08609,S02956,Learning,154
P08610,S05145,Learning,789
P08611,S03169,Learning,148
P08612,S03025,Writing,348
P08613,S05985,Business,71
P08614,S01308,Research,565
P08615,S06333,Research,466
P08616,S00208,Learning,220
P08617,S00286,Business,633
P08618,S01054,Writing,561
P08619,S07214,Research,487
P08620,S06597,Business,486
P08621,S05445,Writing,245
P08622,S06375,Business,407
P08623,S01921,Business,794
P08624,S03374,Learning,730
P08625,S01922,Learning,71
P08626,S04651,Coding,104
P08627,S07043,Image Generation,625
P08628,S04293,Research,98
P08629,S03475,Coding,745
P08630,S06300,Writing,407
P08631,S01401,Learning,436
P08632,S07199,Business,570
P08633,S01130,Image Generation,368
P08634,S07226,Business,515
P08635,S04656,Research,275
P08636,S02992,Research,625
P08637,S03731,Image Generation,389
P08638,S06448,Writing,332
P08639,S01293,Image Generation,235
P08640,S07040,Writing,585
P08641,S04817,Research,105
P08642,S01287,Coding,161
P08643,S04342,Writing,236
P08644,S04670,Writing,70
P08645,S02432,Writing,364
P08646,S02665,Image Generation,622
P08647,S03830,Learning,666
P08648,S02481,Image Generation,236
P08649,S03037,Learning,393
P08650,S02682,Coding,108
P08651,S01079,Image Generation,632
P08652,S03023,Image Generation,587
P08653,S01731,Image Generation,273
P08654,S01571,Business,71
P08655,S05324,Coding,751
P08656,S04190,Research,518
P08657,S05712,Research,390
P08658,S04013,Writing,625
P08659,S01958,Coding,315
P08660,S02433,Coding,104
P08661,S06439,Coding,577
P08662,S06626,Learning,591
P08663,S02633,Business,256
P08664,S07349,Research,186
P08665,S00274,Coding,121
P08666,S06111,Business,750
P08667,S04307,Image Generation,519
P08668,S03993,Coding,59
P08669,S03287,Image Generation,779
P08670,S00954,Business,102
P08671,S06084,Business,681
P08672,S06506,Writing,743
P08673,S04315,Coding,72
P08674,S04421,Writing,551
P08675,S01150,Image Generation,529
P08676,S05013,Research,426
P08677,S06597,Business,59
P08678,S02171,Business,641
P08679,S01707,Image Generation,417
P08680,S02519,Image Generation,799
P08681,S01529,Writing,463
P08682,S05962,Coding,578
P08683,S02288,Research,732
P08684,S03747,Coding,106
P08685,S05088,Image Generation,401
P08686,S03541,Writing,166
P08687,S06579,Business,331
P08688,S04493,Coding,131
P08689,S07277,Image Generation,207
P08690,S00512,Research,745
P08691,S04082,Writing,461
P08692,S06240,Coding,129
P08693,S05916,Learning,460
P08694,S03480,Learning,573
P08695,S04841,Research,725
P08696,S00003,Learning,422
P08697,S02860,Research,421
P08698,S05226,Writing,539
P08699,S02924,Research,681
P08700,S05623,Image Generation,679
P08701,S02777,Business,84
P08702,S05352,Research,74
P08703,S05756,Business,512
P08704,S07331,Business,310
P08705,S04067,Business,725
P08706,S00894,Writing,75
P08707,S05329,Image Generation,697
P08708,S06544,Image Generation,692
P08709,S03494,Writing,555
P08710,S00829,Coding,501
P08711,S07497,Writing,660
P08712,S00011,Learning,230
P08713,S01934,Learning,223
P08714,S07198,Writing,722
P08715,S00734,Image Generation,547
P08716,S06504,Research,545
P08717,S04963,Writing,170
P08718,S01980,Writing,791
P08719,S07342,Business,774
P08720,S01494,Research,721
P08721,S06345,Learning,312
P08722,S05610,Research,437
P08723,S02429,Image Generation,532
P08724,S03847,Writing,631
P08725,S06630,Learning,557
P08726,S03148,Image Generation,799
P08727,S01916,Image Generation,545
P08728,S05320,Business,257
P08729,S07401,Business,513
P08730,S01682,Coding,647
P08731,S04570,Writing,679
P08732,S04257,Business,561
P08733,S00170,Research,339
P08734,S02349,Writing,183
P08735,S05535,Business,497
P08736,S07443,Learning,565
P08737,S00747,Research,711
P08738,S05172,Writing,475
P08739,S00418,Research,438
P08740,S01892,Writing,339
P08741,S00962,Image Generation,109
P08742,S06976,Writing,772
P08743,S02647,Image Generation,223
P08744,S06380,Image Generation,217
P08745,S04902,Coding,69
P08746,S03055,Business,97
P08747,S05937,Image Generation,64
P08748,S04525,Research,411
P08749,S01569,Writing,551
P08750,S02994,Business,799
P08751,S01380,Writing,690
P08752,S00398,Image Generation,640
P08753,S01754,Research,137
P08754,S05276,Research,790
P08755,S04146,Image Generation,166
P08756,S03841,Coding,260
P08757,S00345,Research,443
P08758,S01980,Business,70
P08759,S06354,Coding,130
P08760,S02400,Learning,123
P08761,S02555,Research,561
P08762,S04711,Coding,177
P08763,S04031,Business,58
P08764,S06687,Image Generation,378
P08765,S04777,Learning,404
P08766,S03472,Image Generation,699
P08767,S00053,Business,99
P08768,S01637,Learning,328
P08769,S06334,Learning,444
P08770,S06665,Learning,207
P08771,S05660,Learning,490
P08772,S02161,Learning,646
P08773,S03842,Learning,703
P08774,S03122,Image Generation,624
P08775,S05896,Learning,396
P08776,S02162,Business,620
P08777,S04756,Writing,99
P08778,S00658,Business,361
P08779,S04082,Image Generation,689
P08780,S06261,Learning,375
P08781,S01481,Image Generation,453
P08782,S01539,Coding,249
P08783,S04801,Writing,376
P08784,S06099,Coding,375
P08785,S03992,Business,143
P08786,S07202,Research,567
P08787,S02501,Image Generation,766
P08788,S06495,Coding,255
P08789,S06236,Learning,687
P08790,S01589,Writing,764
P08791,S06500,Image Generation,231
P08792,S05209,Coding,670
P08793,S05052,Writing,540
P08794,S05799,Learning,328
P08795,S03803,Writing,790
P08796,S03451,Business,74
P08797,S05204,Research,187
P08798,S02883,Image Generation,677
P08799,S05358,Learning,751
P08800,S04874,Learning,628
P08801,S00504,Learning,221
P08802,S00734,Business,202
P08803,S05538,Research,227
P08804,S01168,Research,737
P08805,S05588,Business,386
P08806,S01477,Coding,264
P08807,S00278,Image Generation,111
P08808,S05764,Research,471
P08809,S00648,Learning,793
P08810,S05740,Research,582
P08811,S06422,Writing,363
P08812,S04539,Business,76
P08813,S03055,Image Generation,152
P08814,S03897,Writing,659
P08815,S06404,Research,624
P08816,S01227,Research,212
P08817,S00270,Image Generation,501
P08818,S05692,Writing,249
P08819,S03606,Coding,794
P08820,S03984,Research,757
P08821,S00749,Business,213
P08822,S01793,Writing,504
P08823,S00922,Coding,634
P08824,S02431,Learning,413
P08825,S07424,Coding,429
P08826,S05692,Image Generation,654
P08827,S03837,Writing,77
P08828,S05978,Learning,479
P08829,S06259,Learning,780
P08830,S03919,Research,613
P08831,S05931,Learning,166
P08832,S03919,Coding,355
P08833,S03315,Coding,577
P08834,S06074,Image Generation,203
P08835,S03476,Image Generation,579
P08836,S04368,Coding,129
P08837,S04647,Research,105
P08838,S06263,Business,139
P08839,S00503,Writing,348
P08840,S01937,Research,683
P08841,S02834,Research,83
P08842,S06958,Learning,301
P08843,S05627,Business,376
P08844,S03135,Coding,541
P08845,S01145,Image Generation,419
P08846,S04172,Writing,771
P08847,S04373,Research,443
P08848,S00832,Writing,175
P08849,S02672,Business,761
P08850,S06405,Learning,486
P08851,S02058,Writing,444
P08852,S02809,Writing,556
P08853,S00056,Business,730
P08854,S02098,Learning,113
P08855,S00006,Research,63
P08856,S02075,Learning,228
P08857,S06823,Coding,429
P08858,S04666,Writing,141
P08859,S03916,Image Generation,538
P08860,S04391,Coding,323
P08861,S05551,Business,67
P08862,S00074,Learning,251
P08863,S01701,Image Generation,536
P08864,S02288,Learning,136
P08865,S02556,Research,112
P08866,S07023,Business,481
P08867,S01271,Research,127
P08868,S05807,Coding,314
P08869,S03857,Research,403
P08870,S04542,Research,267
P08871,S01160,Image Generation,627
P08872,S01773,Learning,563
P08873,S03858,Coding,516
P08874,S02083,Image Generation,712
P08875,S04280,Business,274
P08876,S05665,Research,152
P08877,S01158,Image Generation,369
P08878,S01637,Coding,208
P08879,S00634,Coding,459
P08880,S05791,Writing,138
P08881,S03847,Research,713
P08882,S03785,Business,500
P08883,S05420,Coding,418
P08884,S06130,Coding,387
P08885,S02069,Writing,441
P08886,S00905,Coding,396
P08887,S03491,Image Generation,303
P08888,S03846,Coding,650
P08889,S05080,Business,462
P08890,S06004,Writing,583
P08891,S07222,Research,435
P08892,S01337,Writing,676
P08893,S05886,Writing,503
P08894,S04514,Coding,132
P08895,S04547,Learning,258
P08896,S03788,Coding,425
P08897,S03338,Learning,793
P08898,S07261,Learning,559
P08899,S07237,Business,537
P08900,S03721,Coding,365
P08901,S05603,Coding,346
P08902,S07394,Research,111
P08903,S05932,Coding,123
P08904,S01285,Writing,392
P08905,S02297,Image Generation,759
P08906,S02480,Learning,498
P08907,S04354,Research,798
P08908,S06869,Writing,476
P08909,S06717,Image Generation,769
P08910,S07402,Coding,96
P08911,S02272,Learning,193
P08912,S00974,Research,615
P08913,S01769,Business,283
P08914,S01808,Coding,704
P08915,S03742,Coding,291
P08916,S04821,Business,214
P08917,S06809,Business,55
P08918,S04208,Coding,303
P08919,S01261,Learning,185
P08920,S00696,Research,55
P08921,S01134,Business,84
P08922,S06648,Business,740
P08923,S03464,Image Generation,691
P08924,S03796,Research,429
P08925,S07081,Coding,136
P08926,S02690,Image Generation,223
P08927,S04409,Image Generation,772
P08928,S00194,Writing,535
P08929,S02766,Image Generation,655
P08930,S04738,Research,597
P08931,S01099,Image Generation,501
P08932,S03514,Learning,210
P08933,S02768,Research,110
P08934,S03610,Business,658
P08935,S05592,Coding,708
P08936,S07179,Writing,703
P08937,S03900,Writing,398
P08938,S05850,Business,629
P08939,S01143,Image Generation,135
P08940,S05081,Writing,144
P08941,S06004,Business,179
P08942,S00173,Learning,515
P08943,S01071,Learning,535
P08944,S04039,Image Generation,542
P08945,S06274,Research,487
P08946,S01603,Writing,270
P08947,S06443,Coding,368
P08948,S05623,Research,639
P08949,S00769,Coding,135
P08950,S03844,Coding,792
P08951,S02927,Writing,74
P08952,S01675,Business,328
P08953,S01072,Learning,781
P08954,S03610,Research,480
P08955,S02575,Business,677
P08956,S05015,Image Generation,795
P08957,S00060,Research,144
P08958,S02070,Coding,617
P08959,S02696,Business,57
P08960,S00211,Research,441
P08961,S00878,Coding,701
P08962,S05639,Research,280
P08963,S05193,Coding,315
P08964,S05886,Learning,754
P08965,S05376,Learning,365
P08966,S00450,Business,401
P08967,S02644,Image Generation,220
P08968,S04353,Coding,398
P08969,S02203,Research,56
P08970,S06639,Coding,609
P08971,S04578,Business,789
P08972,S01326,Learning,277
P08973,S01267,Learning,468
P08974,S02038,Business,212
P08975,S04210,Image Generation,668
P08976,S00827,Business,579
P08977,S04823,Research,697
P08978,S04352,Writing,308
P08979,S00509,Coding,684
P08980,S03176,Coding,639
P08981,S01295,Business,776
P08982,S01456,Learning,105
P08983,S01600,Business,519
P08984,S03316,Writing,460
P08985,S03332,Image Generation,357
P08986,S04398,Business,228
P08987,S05209,Research,138
P08988,S07274,Writing,81
P08989,S00704,Image Generation,567
P08990,S05876,Writing,788
P08991,S03998,Research,772
P08992,S03042,Business,56
P08993,S02032,Learning,673
P08994,S00217,Business,526
P08995,S04553,Learning,280
P08996,S00567,Research,591
P08997,S02158,Research,760
P08998,S00381,Image Generation,300
P08999,S01870,Research,261
P09000,S03078,Image Generation,133
P09001,S05316,Research,478
P09002,S05645,Business,521
P09003,S06356,Image Generation,737
P09004,S04408,Image Generation,598
P09005,S04935,Writing,256
P09006,S07264,Learning,601
P09007,S00875,Business,545
P09008,S05999,Image Generation,635
P09009,S05879,Image Generation,771
P09010,S04537,Image Generation,171
P09011,S03197,Writing,351
P09012,S00930,Image Generation,99
P09013,S04518,Business,703
P09014,S02797,Learning,344
P09015,S03413,Writing,731
P09016,S00174,Business,499
P09017,S07298,Writing,664
P09018,S02244,Coding,553
P09019,S03737,Business,633
P09020,S04178,Business,293
P09021,S03965,Writing,794
P09022,S06785,Image Generation,60
P09023,S07171,Learning,653
P09024,S06022,Image Generation,155
P09025,S00699,Image Generation,276
P09026,S00135,Learning,610
P09027,S00703,Writing,709
P09028,S00850,Writing,708
P09029,S00473,Coding,316
P09030,S04688,Research,449
P09031,S04406,Image Generation,601
P09032,S02943,Learning,291
P09033,S03271,Writing,301
P09034,S02040,Coding,364
P09035,S02510,Learning,328
P09036,S05972,Writing,480
P09037,S02207,Research,102
P09038,S03440,Business,429
P09039,S05767,Coding,354
P09040,S05980,Research,485
P09041,S05643,Business,486
P09042,S03310,Business,757
P09043,S06999,Learning,632
P09044,S06133,Writing,129
P09045,S05113,Business,630
P09046,S03162,Business,129
P09047,S02313,Writing,297
P09048,S05064,Writing,512
P09049,S04376,Learning,799
P09050,S06121,Learning,646
P09051,S01661,Coding,685
P09052,S04907,Research,215
P09053,S02042,Image Generation,57
P09054,S02400,Learning,460
P09055,S00985,Writing,620
P09056,S05569,Research,509
P09057,S02099,Writing,548
P09058,S06272,Image Generation,388
P09059,S02656,Research,769
P09060,S03172,Writing,127
P09061,S03772,Writing,245
P09062,S03473,Coding,253
P09063,S06370,Image Generation,567
P09064,S03866,Business,748
P09065,S04231,Image Generation,131
P09066,S00606,Image Generation,287
P09067,S00238,Research,170
P09068,S02412,Research,555
P09069,S07411,Image Generation,110
P09070,S02426,Research,590
P09071,S01688,Coding,413
P09072,S00459,Image Generation,742
P09073,S04472,Business,788
P09074,S04532,Business,147
P09075,S06767,Research,424
P09076,S02069,Writing,621
P09077,S03215,Coding,122
P09078,S01349,Coding,209
P09079,S05173,Research,735
P09080,S01038,Research,80
P09081,S06471,Business,207
P09082,S03422,Business,483
P09083,S02335,Image Generation,570
P09084,S06353,Research,433
P09085,S00106,Learning,202
P09086,S05337,Business,680
P09087,S00482,Coding,367
P09088,S00443,Image Generation,719
P09089,S05187,Coding,363
P09090,S01506,Research,717
P09091,S05086,Business,334
P09092,S02930,Learning,486
P09093,S07411,Writing,575
P09094,S05121,Coding,91
P09095,S04577,Image Generation,405
P09096,S00234,Learning,74
P09097,S06725,Image Generation,323
P09098,S03178,Research,584
P09099,S05344,Business,90
P09100,S05574,Learning,415
P09101,S01178,Writing,740
P09102,S02706,Coding,722
P09103,S06841,Writing,244
P09104,S07310,Research,294
P09105,S05200,Learning,261
P09106,S06429,Learning,326
P09107,S00114,Learning,788
P09108,S03703,Business,559
P09109,S07317,Writing,767
P09110,S00268,Learning,174
P09111,S04469,Business,790
P09112,S02868,Writing,417
P09113,S01967,Coding,653
P09114,S03388,Writing,490
P09115,S03830,Business,193
P09116,S05945,Business,729
P09117,S02146,Research,516
P09118,S03549,Image Generation,509
P09119,S05950,Learning,764
P09120,S04867,Learning,104
P09121,S05043,Writing,798
P09122,S02682,Writing,694
P09123,S00703,Coding,249
P09124,S02977,Image Generation,379
P09125,S02879,Writing,413
P09126,S06593,Learning,196
P09127,S01751,Image Generation,459
P09128,S07050,Research,199
P09129,S00709,Coding,416
P09130,S04175,Writing,273
P09131,S06166,Learning,643
P09132,S04699,Image Generation,267
P09133,S03798,Research,148
P09134,S05441,Research,522
P09135,S05844,Coding,181
P09136,S02379,Learning,491
P09137,S06728,Image Generation,152
P09138,S04314,Research,635
P09139,S00221,Coding,629
P09140,S06633,Writing,418
P09141,S02887,Writing,767
P09142,S01183,Image Generation,52
P09143,S05351,Learning,800
P09144,S06744,Coding,115
P09145,S04246,Writing,577
P09146,S00321,Writing,205
P09147,S04809,Image Generation,321
P09148,S06637,Business,559
P09149,S05391,Learning,508
P09150,S01621,Business,671
P09151,S00511,Learning,376
P09152,S03900,Coding,343
P09153,S00910,Learning,109
P09154,S04086,Business,392
P09155,S02625,Learning,494
P09156,S02855,Research,677
P09157,S02143,Business,582
P09158,S03313,Learning,506
P09159,S02478,Coding,743
P09160,S03538,Learning,383
P09161,S06573,Writing,368
P09162,S04057,Coding,99
P09163,S04871,Image Generation,796
P09164,S05128,Learning,114
P09165,S00866,Research,149
P09166,S02237,Learning,264
P09167,S06417,Learning,212
P09168,S03816,Business,79
P09169,S04659,Writing,392
P09170,S00067,Coding,223
P09171,S07297,Coding,458
P09172,S00415,Coding,793
P09173,S01145,Research,166
P09174,S05986,Image Generation,67
P09175,S00701,Business,199
P09176,S07097,Business,456
P09177,S00760,Business,490
P09178,S02564,Coding,615
P09179,S02322,Coding,573
P09180,S05200,Image Generation,422
P09181,S03332,Image Generation,103
P09182,S04463,Research,408
P09183,S05061,Learning,316
P09184,S03961,Coding,105
P09185,S01313,Image Generation,347
P09186,S07085,Research,461
P09187,S00621,Image Generation,517
P09188,S07387,Coding,378
P09189,S00611,Image Generation,150
P09190,S07346,Research,400
P09191,S06903,Writing,202
P09192,S03568,Business,151
P09193,S01852,Coding,658
P09194,S05753,Coding,329
P09195,S06657,Image Generation,263
P09196,S03797,Writing,404
P09197,S05137,Coding,546
P09198,S00606,Business,587
P09199,S04831,Learning,116
P09200,S04817,Writing,709
P09201,S03124,Coding,303
P09202,S01358,Coding,684
P09203,S02108,Image Generation,50
P09204,S02287,Image Generation,403
P09205,S06756,Learning,564
P09206,S02052,Image Generation,664
P09207,S02619,Coding,353
P09208,S03295,Image Generation,560
P09209,S05526,Research,527
P09210,S00249,Writing,663
P09211,S03317,Business,338
P09212,S00468,Learning,784
P09213,S04294,Writing,249
P09214,S03645,Business,526
P09215,S01208,Business,522
P09216,S02760,Learning,783
P09217,S03386,Writing,488
P09218,S01191,Image Generation,647
P09219,S04905,Business,210
P09220,S00054,Image Generation,170
P09221,S01008,Image Generation,705
P09222,S04152,Coding,563
P09223,S00913,Business,390
P09224,S06337,Learning,751
P09225,S06170,Writing,791
P09226,S01374,Research,442
P09227,S05524,Coding,191
P09228,S07020,Coding,272
P09229,S00545,Coding,249
P09230,S03202,Business,595
P09231,S03878,Coding,52
P09232,S03645,Coding,380
P09233,S01811,Learning,740
P09234,S03832,Research,761
P09235,S06068,Coding,177
P09236,S06084,Research,669
P09237,S01213,Business,610
P09238,S06026,Coding,378
P09239,S07438,Learning,571
P09240,S02802,Coding,259
P09241,S06710,Coding,586
P09242,S04867,Research,253
P09243,S00791,Coding,523
P09244,S03969,Image Generation,366
P09245,S04704,Research,788
P09246,S03161,Learning,246
P09247,S04212,Image Generation,368
P09248,S03622,Writing,176
P09249,S02412,Coding,791
P09250,S07192,Image Generation,683
P09251,S02722,Learning,302
P09252,S00121,Image Generation,178
P09253,S06753,Coding,500
P09254,S00300,Business,432
P09255,S03511,Research,435
P09256,S01106,Image Generation,663
P09257,S00296,Learning,624
P09258,S00579,Learning,167
P09259,S05050,Learning,546
P09260,S06266,Learning,393
P09261,S06833,Research,207
P09262,S01558,Writing,591
P09263,S01170,Business,622
P09264,S05922,Business,779
P09265,S05147,Writing,336
P09266,S06183,Research,105
P09267,S06577,Writing,446
P09268,S04413,Image Generation,354
P09269,S02556,Image Generation,238
P09270,S03066,Learning,459
P09271,S05459,Writing,626
P09272,S05776,Writing,481
P09273,S01258,Writing,588
P09274,S07215,Coding,297
P09275,S02930,Coding,246
P09276,S07370,Coding,285
P09277,S00366,Research,271
P09278,S07215,Writing,464
P09279,S02667,Research,605
P09280,S05432,Learning,726
P09281,S02613,Image Generation,466
P09282,S01730,Learning,575
P09283,S02259,Learning,675
P09284,S07434,Image Generation,328
P09285,S00336,Research,205
P09286,S03512,Image Generation,62
P09287,S04138,Writing,687
P09288,S06364,Writing,516
P09289,S00118,Image Generation,722
P09290,S00108,Image Generation,121
P09291,S05704,Learning,336
P09292,S02177,Image Generation,757
P09293,S02240,Image Generation,83
P09294,S02289,Writing,263
P09295,S00490,Research,63
P09296,S02612,Business,716
P09297,S03901,Coding,689
P09298,S04854,Research,404
P09299,S00385,Image Generation,691
P09300,S01219,Research,516
P09301,S06773,Writing,187
P09302,S02322,Coding,299
P09303,S05123,Research,643
P09304,S04781,Writing,226
P09305,S05778,Writing,691
P09306,S07134,Writing,637
P09307,S02062,Image Generation,506
P09308,S04012,Writing,238
P09309,S00865,Writing,452
P09310,S02979,Image Generation,537
P09311,S06956,Business,496
P09312,S01963,Learning,589
P09313,S02586,Writing,446
P09314,S05084,Coding,514
P09315,S03873,Coding,701
P09316,S02658,Writing,125
P09317,S06187,Image Generation,781
P09318,S02064,Writing,535
P09319,S00773,Business,584
P09320,S03196,Learning,449
P09321,S01350,Image Generation,704
P09322,S04953,Image Generation,764
P09323,S01690,Research,268
P09324,S03127,Writing,665
P09325,S01620,Learning,189
P09326,S02643,Image Generation,577
P09327,S03736,Research,126
P09328,S07242,Image Generation,750
P09329,S07140,Image Generation,577
P09330,S05146,Research,416
P09331,S06350,Image Generation,394
P09332,S00891,Business,666
P09333,S04339,Image Generation,561
P09334,S03425,Coding,433
P09335,S01271,Business,179
P09336,S05742,Coding,645
P09337,S06117,Business,87
P09338,S04913,Writing,573
P09339,S04616,Coding,405
P09340,S06006,Image Generation,640
P09341,S05700,Research,198
P09342,S00902,Research,272
P09343,S06689,Image Generation,411
P09344,S03252,Business,108
P09345,S04526,Image Generation,648
P09346,S06750,Image Generation,339
P09347,S05746,Image Generation,338
P09348,S05977,Business,59
P09349,S02279,Coding,689
P09350,S00449,Image Generation,292
P09351,S02068,Business,388
P09352,S01630,Learning,220
P09353,S02309,Business,136
P09354,S02358,Coding,713
P09355,S02258,Research,219
P09356,S05424,Coding,323
P09357,S05803,Research,290
P09358,S07058,Image Generation,166
P09359,S00332,Learning,587
P09360,S03125,Business,58
P09361,S00311,Writing,522
P09362,S03205,Business,492
P09363,S01136,Image Generation,318
P09364,S02918,Image Generation,763
P09365,S01156,Writing,96
P09366,S01335,Research,445
P09367,S03825,Learning,572
P09368,S02844,Business,727
P09369,S06111,Research,147
P09370,S05312,Coding,124
P09371,S00249,Coding,301
P09372,S07191,Business,688
P09373,S04040,Image Generation,791
P09374,S07006,Learning,660
P09375,S01057,Image Generation,385
P09376,S00520,Learning,298
P09377,S05082,Business,668
P09378,S05393,Coding,791
P09379,S03120,Image Generation,342
P09380,S03617,Writing,204
P09381,S00720,Business,620
P09382,S04917,Image Generation,235
P09383,S04757,Image Generation,797
P09384,S00075,Coding,507
P09385,S00147,Writing,793
P09386,S00951,Image Generation,669
P09387,S01427,Business,645
P09388,S06342,Coding,753
P09389,S03135,Research,145
P09390,S00913,Research,525
P09391,S02175,Business,487
P09392,S01808,Business,573
P09393,S03653,Learning,335
P09394,S02288,Writing,396
P09395,S01402,Writing,583
P09396,S07029,Writing,89
P09397,S05970,Business,255
P09398,S07388,Business,87
P09399,S00910,Coding,195
P09400,S03907,Writing,146
P09401,S01934,Image Generation,723
P09402,S04584,Business,90
P09403,S00483,Business,647
P09404,S07049,Research,759
P09405,S06105,Research,797
P09406,S00317,Learning,167
P09407,S00072,Image Generation,472
P09408,S05417,Image Generation,642
P09409,S05595,Image Generation,506
P09410,S03820,Image Generation,597
P09411,S01352,Research,681
P09412,S03565,Coding,384
P09413,S00561,Image Generation,767
P09414,S00502,Image Generation,111
P09415,S04859,Research,427
P09416,S06566,Writing,771
P09417,S07050,Coding,636
P09418,S02088,Coding,763
P09419,S01449,Business,81
P09420,S04697,Business,273
P09421,S06499,Learning,699
P09422,S07427,Learning,544
P09423,S03106,Research,706
P09424,S03194,Image Generation,772
P09425,S03831,Business,299
P09426,S00799,Writing,664
P09427,S01275,Business,194
P09428,S01157,Writing,219
P09429,S05025,Writing,534
P09430,S02323,Learning,340
P09431,S05479,Research,800
P09432,S06713,Writing,781
P09433,S06998,Learning,178
P09434,S04590,Business,664
P09435,S06048,Research,689
P09436,S01785,Image Generation,345
P09437,S00118,Research,780
P09438,S04935,Coding,497
P09439,S06257,Research,281
P09440,S06052,Coding,458
P09441,S06072,Writing,720
P09442,S06180,Business,654
P09443,S01943,Business,735
P09444,S04821,Writing,56
P09445,S04902,Writing,92
P09446,S03615,Research,722
P09447,S02627,Writing,216
P09448,S03173,Writing,377
P09449,S04055,Writing,549
P09450,S07158,Learning,215
P09451,S07028,Coding,484
P09452,S01338,Coding,725
P09453,S07283,Image Generation,128
P09454,S03149,Writing,377
P09455,S03166,Writing,560
P09456,S04951,Business,393
P09457,S07322,Business,460
P09458,S00381,Business,275
P09459,S07481,Research,672
P09460,S02548,Coding,127
P09461,S05627,Image Generation,651
P09462,S04169,Writing,320
P09463,S06474,Writing,190
P09464,S05528,Coding,534
P09465,S06296,Writing,130
P09466,S02047,Learning,187
P09467,S02905,Writing,115
P09468,S07348,Learning,406
P09469,S01589,Learning,88
P09470,S02510,Learning,502
P09471,S02813,Writing,296
P09472,S07493,Learning,325
P09473,S07243,Writing,738
P09474,S03485,Coding,113
P09475,S03451,Learning,229
P09476,S07131,Learning,554
P09477,S00832,Learning,437
P09478,S03063,Business,144
P09479,S00683,Business,125
P09480,S06446,Coding,288
P09481,S04654,Business,101
P09482,S05407,Business,464
P09483,S04067,Research,567
P09484,S05540,Image Generation,170
P09485,S07070,Writing,64
P09486,S04429,Image Generation,488
P09487,S03901,Research,547
P09488,S01319,Business,695
P09489,S06900,Writing,632
P09490,S01254,Research,366
P09491,S04126,Writing,690
P09492,S05281,Learning,634
P09493,S00844,Research,81
P09494,S06591,Research,634
P09495,S02091,Image Generation,294
P09496,S05236,Image Generation,702
P09497,S03473,Image Generation,127
P09498,S07439,Research,307
P09499,S07429,Image Generation,783
P09500,S07009,Coding,470
P09501,S03784,Writing,437
P09502,S01535,Writing,712
P09503,S05348,Image Generation,470
P09504,S07434,Writing,67
P09505,S02445,Learning,403
P09506,S01935,Image Generation,466
P09507,S02263,Writing,657
P09508,S02599,Writing,706
P09509,S00422,Research,126
P09510,S05160,Image Generation,499
P09511,S00011,Learning,503
P09512,S07090,Image Generation,239
P09513,S01590,Research,431
P09514,S04753,Business,470
P09515,S07281,Coding,390
P09516,S06035,Learning,599
P09517,S03241,Writing,338
P09518,S02617,Writing,209
P09519,S00729,Image Generation,249
P09520,S06317,Writing,472
P09521,S04961,Business,137
P09522,S03420,Learning,623
P09523,S01755,Research,78
P09524,S03555,Business,567
P09525,S07172,Coding,334
P09526,S04884,Coding,378
P09527,S01273,Writing,160
P09528,S03510,Business,692
P09529,S04592,Image Generation,784
P09530,S06532,Learning,327
P09531,S04872,Coding,303
P09532,S02047,Learning,228
P09533,S02549,Coding,235
P09534,S05397,Coding,792
P09535,S06353,Research,770
P09536,S00762,Research,384
P09537,S05699,Coding,462
P09538,S01244,Learning,435
P09539,S03187,Learning,91
P09540,S04560,Coding,427
P09541,S05545,Learning,518
P09542,S00900,Image Generation,360
P09543,S02295,Business,293
P09544,S05838,Research,486
P09545,S06305,Writing,148
P09546,S06027,Coding,796
P09547,S06297,Image Generation,206
P09548,S04404,Learning,429
P09549,S04405,Image Generation,563
P09550,S05269,Coding,664
P09551,S04141,Research,58
P09552,S00898,Learning,359
P09553,S06972,Learning,217
P09554,S06011,Learning,288
P09555,S00541,Research,792
P09556,S00807,Learning,383
P09557,S01627,Coding,750
P09558,S00177,Business,210
P09559,S01326,Coding,437
P09560,S00510,Research,288
P09561,S02679,Coding,84
P09562,S01614,Business,378
P09563,S05545,Learning,294
P09564,S07303,Research,249
P09565,S04871,Research,565
P09566,S03104,Coding,575
P09567,S02754,Research,283
P09568,S00598,Image Generation,207
P09569,S06884,Coding,414
P09570,S05493,Research,786
P09571,S05258,Coding,651
P09572,S02436,Coding,211
P09573,S05973,Image Generation,522
P09574,S01172,Research,777
P09575,S05834,Learning,479
P09576,S04544,Writing,121
P09577,S01529,Learning,468
P09578,S06923,Research,193
P09579,S05702,Research,71
P09580,S03942,Research,436
P09581,S03513,Image Generation,107
P09582,S03161,Writing,432
P09583,S00724,Research,434
P09584,S00669,Research,747
P09585,S06767,Learning,243
P09586,S07123,Learning,791
P09587,S01492,Writing,108
P09588,S03367,Business,666
P09589,S01881,Image Generation,660
P09590,S03468,Writing,741
P09591,S01403,Writing,121
P09592,S02689,Research,535
P09593,S06437,Business,371
P09594,S05581,Writing,101
P09595,S05922,Writing,485
P09596,S03211,Image Generation,167
P09597,S01623,Coding,335
P09598,S06854,Coding,603
P09599,S02199,Learning,418
P09600,S02767,Research,610
P09601,S01650,Business,657
P09602,S06697,Writing,570
P09603,S05556,Image Generation,302
P09604,S04299,Business,193
P09605,S01817,Business,407
P09606,S03764,Business,420
P09607,S02558,Writing,355
P09608,S07077,Business,615
P09609,S04804,Research,570
P09610,S04302,Business,592
P09611,S06283,Image Generation,261
P09612,S04505,Research,80
P09613,S00719,Learning,649
P09614,S03649,Learning,253
P09615,S04110,Coding,399
P09616,S03817,Writing,768
P09617,S04475,Writing,222
P09618,S01708,Research,631
P09619,S04401,Writing,699
P09620,S04484,Learning,325
P09621,S04319,Writing,465
P09622,S02490,Image Generation,336
P09623,S04494,Business,218
P09624,S02189,Research,234
P09625,S03424,Image Generation,597
P09626,S03196,Business,278
P09627,S05058,Coding,725
P09628,S03975,Coding,605
P09629,S05219,Writing,544
P09630,S05989,Business,424
P09631,S00741,Research,245
P09632,S07331,Business,413
P09633,S00005,Coding,783
P09634,S00152,Coding,587
P09635,S01202,Business,615
P09636,S01699,Learning,110
P09637,S05150,Writing,301
P09638,S00193,Business,520
P09639,S03319,Learning,690
P09640,S03454,Learning,261
P09641,S04877,Research,432
P09642,S06732,Research,67
P09643,S03511,Business,595
P09644,S00273,Image Generation,771
P09645,S03933,Writing,229
P09646,S07291,Image Generation,206
P09647,S00775,Coding,196
P09648,S00632,Image Generation,663
P09649,S01355,Image Generation,359
P09650,S02280,Learning,141
P09651,S04591,Business,779
P09652,S07450,Learning,241
P09653,S06929,Image Generation,688
P09654,S03719,Coding,753
P09655,S01950,Learning,425
P09656,S02040,Learning,128
P09657,S02125,Coding,501
P09658,S01371,Image Generation,624
P09659,S04512,Learning,349
P09660,S03494,Business,596
P09661,S02412,Coding,519
P09662,S03869,Image Generation,650
P09663,S02009,Coding,661
P09664,S04231,Coding,251
P09665,S02646,Research,76
P09666,S04174,Learning,601
P09667,S05380,Image Generation,212
P09668,S06349,Research,374
P09669,S06570,Writing,494
P09670,S03787,Image Generation,615
P09671,S07239,Learning,428
P09672,S03640,Writing,241
P09673,S01826,Writing,136
P09674,S03985,Learning,429
P09675,S00468,Coding,773
P09676,S00545,Coding,390
P09677,S00792,Business,304
P09678,S01073,Research,59
P09679,S01679,Image Generation,490
P09680,S07240,Learning,564
P09681,S05224,Image Generation,70
P09682,S00791,Writing,275
P09683,S04741,Writing,95
P09684,S06724,Learning,131
P09685,S06823,Research,795
P09686,S05175,Image Generation,622
P09687,S04830,Research,589
P09688,S01263,Image Generation,171
P09689,S02878,Business,722
P09690,S06969,Coding,493
P09691,S02578,Coding,298
P09692,S00404,Coding,276
P09693,S04897,Research,704
P09694,S01147,Image Generation,71
P09695,S04140,Business,301
P09696,S00365,Research,163
P09697,S02489,Image Generation,739
P09698,S02108,Coding,752
P09699,S06888,Image Generation,681
P09700,S02309,Business,192
P09701,S00981,Coding,423
P09702,S05204,Business,93
P09703,S01001,Coding,248
P09704,S04907,Business,652
P09705,S02222,Business,753
P09706,S02571,Coding,306
P09707,S04151,Business,165
P09708,S07178,Learning,606
P09709,S03862,Image Generation,378
P09710,S05929,Learning,428
P09711,S01511,Research,671
P09712,S04647,Learning,508
P09713,S04202,Image Generation,54
P09714,S04473,Learning,695
P09715,S02638,Writing,306
P09716,S03315,Research,125
P09717,S00566,Learning,211
P09718,S05967,Image Generation,573
P09719,S04118,Business,382
P09720,S02553,Image Generation,115
P09721,S05258,Research,174
P09722,S03921,Coding,479
P09723,S02954,Coding,252
P09724,S05907,Learning,313
P09725,S04217,Research,727
P09726,S03142,Research,262
P09727,S03559,Image Generation,569
P09728,S01201,Image Generation,206
P09729,S01631,Writing,412
P09730,S03148,Research,611
P09731,S05137,Research,782
P09732,S00146,Writing,382
P09733,S03581,Business,611
P09734,S01449,Research,524
P09735,S00245,Learning,619
P09736,S00812,Business,657
P09737,S00861,Business,550
P09738,S07141,Image Generation,235
P09739,S01414,Business,768
P09740,S01016,Learning,628
P09741,S03472,Image Generation,610
P09742,S00303,Research,539
P09743,S01382,Business,399
P09744,S06076,Research,745
P09745,S00873,Coding,112
P09746,S06958,Research,513
P09747,S04233,Coding,454
P09748,S05633,Learning,447
P09749,S03490,Writing,286
P09750,S05003,Coding,611
P09751,S06998,Research,539
P09752,S04802,Research,296
P09753,S00978,Business,165
P09754,S02892,Research,70
P09755,S00614,Writing,449
P09756,S01852,Business,199
P09757,S06466,Business,123
P09758,S01930,Coding,125
P09759,S06128,Business,703
P09760,S01226,Writing,492
P09761,S07060,Business,79
P09762,S05423,Learning,84
P09763,S03772,Learning,409
P09764,S02187,Coding,129
P09765,S06236,Research,307
P09766,S07117,Learning,750
P09767,S03042,Business,727
P09768,S07480,Coding,254
P09769,S01990,Image Generation,493
P09770,S04787,Coding,255
P09771,S05464,Business,506
P09772,S06631,Writing,300
P09773,S05672,Research,242
P09774,S00913,Research,382
P09775,S06385,Research,474
P09776,S01672,Business,440
P09777,S01529,Image Generation,421
P09778,S01544,Writing,647
P09779,S05704,Research,78
P09780,S01339,Learning,299
P09781,S00745,Coding,529
P09782,S00600,Writing,507
P09783,S00033,Coding,407
P09784,S04442,Business,355
P09785,S06146,Learning,284
P09786,S02000,Learning,605
P09787,S00385,Writing,237
P09788,S06844,Image Generation,763
P09789,S00629,Business,556
P09790,S05781,Coding,360
P09791,S02854,Research,383
P09792,S02131,Image Generation,327
P09793,S02779,Business,682
P09794,S07418,Research,130
P09795,S05261,Writing,546
P09796,S04179,Research,420
P09797,S03790,Writing,783
P09798,S07406,Research,725
P09799,S01249,Learning,509
P09800,S03355,Business,205
P09801,S00879,Learning,64
P09802,S04744,Learning,766
P09803,S00410,Business,241
P09804,S05867,Learning,315
P09805,S00724,Research,599
P09806,S00698,Business,186
P09807,S00398,Writing,690
P09808,S03944,Writing,394
P09809,S01752,Learning,179
P09810,S03444,Writing,450
P09811,S02484,Business,766
P09812,S03604,Research,140
P09813,S02017,Learning,150
P09814,S05580,Coding,604
P09815,S00233,Business,697
P09816,S01334,Coding,187
P09817,S06920,Image Generation,487
P09818,S01061,Business,376
P09819,S07183,Learning,437
P09820,S03761,Learning,252
P09821,S06228,Business,187
P09822,S00010,Research,760
P09823,S00455,Learning,485
P09824,S07026,Writing,122
P09825,S02034,Image Generation,706
P09826,S02797,Image Generation,451
P09827,S02455,Business,256
P09828,S01221,Coding,561
P09829,S07315,Coding,699
P09830,S04979,Learning,101
P09831,S02754,Coding,664
P09832,S06301,Coding,296
P09833,S00876,Business,405
P09834,S05035,Research,171
P09835,S00905,Writing,538
P09836,S07378,Business,547
P09837,S00809,Research,262
P09838,S03609,Coding,437
P09839,S03024,Learning,621
P09840,S04139,Image Generation,471
P09841,S02674,Image Generation,413
P09842,S01566,Coding,208
P09843,S04058,Research,280
P09844,S02001,Research,517
P09845,S01432,Business,91
P09846,S06132,Learning,783
P09847,S01591,Coding,603
P09848,S07121,Writing,323
P09849,S06541,Business,624
P09850,S03751,Writing,384
P09851,S01250,Image Generation,399
P09852,S05122,Business,499
P09853,S04067,Writing,244
P09854,S04126,Writing,148
P09855,S02792,Writing,697
P09856,S00408,Learning,645
P09857,S03641,Business,192
P09858,S03437,Business,482
P09859,S03550,Business,374
P09860,S06908,Learning,65
P09861,S02957,Writing,453
P09862,S02539,Coding,138
P09863,S02640,Coding,403
P09864,S05897,Coding,484
P09865,S05258,Research,197
P09866,S02987,Image Generation,641
P09867,S05810,Learning,254
P09868,S04584,Research,740
P09869,S04098,Learning,265
P09870,S04475,Research,70
P09871,S03508,Coding,525
P09872,S02117,Coding,205
P09873,S02660,Research,746
P09874,S03637,Writing,637
P09875,S07064,Image Generation,506
P09876,S04392,Coding,102
P09877,S06544,Writing,346
P09878,S05739,Business,620
P09879,S04267,Research,794
P09880,S06268,Research,482
P09881,S04561,Learning,299
P09882,S01692,Writing,705
P09883,S06127,Writing,433
P09884,S07279,Writing,259
P09885,S01425,Learning,423
P09886,S01864,Coding,754
P09887,S06911,Research,449
P09888,S01139,Business,619
P09889,S00883,Business,320
P09890,S02873,Writing,172
P09891,S05564,Business,314
P09892,S02637,Writing,175
P09893,S07050,Image Generation,742
P09894,S02572,Writing,789
P09895,S03193,Learning,165
P09896,S01073,Research,413
P09897,S02283,Coding,325
P09898,S03865,Image Generation,675
P09899,S03361,Image Generation,270
P09900,S02275,Coding,60
P09901,S02525,Coding,326
P09902,S02672,Learning,327
P09903,S03563,Research,530
P09904,S00380,Image Generation,509
P09905,S05464,Image Generation,252
P09906,S02252,Learning,669
P09907,S00588,Research,651
P09908,S03040,Image Generation,251
P09909,S03066,Writing,127
P09910,S01561,Writing,697
P09911,S01156,Learning,115
P09912,S03256,Image Generation,786
P09913,S02828,Business,323
P09914,S00587,Learning,145
P09915,S06230,Writing,274
P09916,S04123,Business,461
P09917,S04597,Research,480
P09918,S06519,Research,354
P09919,S02219,Writing,518
P09920,S02367,Image Generation,429
P09921,S02204,Learning,309
P09922,S00775,Business,104
P09923,S05418,Business,427
P09924,S03050,Learning,313
P09925,S00122,Coding,374
P09926,S01620,Research,198
P09927,S00292,Coding,667
P09928,S05185,Writing,206
P09929,S06357,Research,513
P09930,S07371,Business,442
P09931,S01867,Image Generation,366
P09932,S02298,Business,97
P09933,S04930,Image Generation,495
P09934,S02229,Business,555
P09935,S07134,Learning,177
P09936,S01430,Research,600
P09937,S04659,Image Generation,668
P09938,S00605,Image Generation,65
P09939,S00406,Writing,56
P09940,S05686,Research,453
P09941,S07002,Research,469
P09942,S05065,Business,369
P09943,S02279,Writing,574
P09944,S00295,Image Generation,457
P09945,S02320,Business,423
P09946,S03129,Writing,402
P09947,S06626,Image Generation,561
P09948,S00953,Research,569
P09949,S04215,Coding,376
P09950,S03615,Research,96
P09951,S02773,Image Generation,310
P09952,S04451,Business,615
P09953,S06839,Business,307
P09954,S05241,Business,452
P09955,S06143,Business,163
P09956,S01681,Business,341
P09957,S04033,Research,479
P09958,S01826,Image Generation,323
P09959,S01459,Image Generation,328
P09960,S02804,Research,745
P09961,S07201,Research,194
P09962,S02671,Research,693
P09963,S02002,Learning,200
P09964,S04440,Coding,222
P09965,S03606,Business,224
P09966,S01696,Coding,172
P09967,S01225,Writing,133
P09968,S05376,Writing,558
P09969,S07469,Image Generation,402
P09970,S04650,Coding,761
P09971,S00829,Coding,178
P09972,S02798,Image Generation,52
P09973,S04045,Business,459
P09974,S05992,Coding,304
P09975,S04301,Business,553
P09976,S04877,Coding,327
P09977,S06383,Writing,642
P09978,S03133,Image Generation,313
P09979,S06304,Coding,482
P09980,S03843,Coding,328
P09981,S00780,Coding,346
P09982,S05785,Coding,588
P09983,S06970,Research,340
P09984,S02172,Business,734
P09985,S06171,Image Generation,447
P09986,S07145,Image Generation,268
P09987,S01222,Business,378
P09988,S01360,Business,465
P09989,S06055,Image Generation,53
P09990,S01942,Learning,488
P09991,S06275,Coding,588
P09992,S02485,Image Generation,355
P09993,S02298,Learning,399
P09994,S00909,Learning,732
P09995,S05207,Research,341
P09996,S05704,Writing,415
P09997,S03378,Business,659
P09998,S01514,Business,688
P09999,S07500,Coding,69
P10000,S03699,Image Generation,50
P10001,S05667,Research,711
P10002,S02164,Business,732
P10003,S02235,Image Generation,672
P10004,S00293,Research,404
P10005,S04571,Writing,83
P10006,S03164,Coding,259
P10007,S01764,Learning,492
P10008,S04893,Learning,165
P10009,S03463,Writing,320
P10010,S02217,Business,491
P10011,S02199,Image Generation,142
P10012,S01214,Research,138
P10013,S03925,Research,652
P10014,S07095,Research,519
P10015,S04514,Business,328
P10016,S02329,Writing,697
P10017,S01281,Learning,402
P10018,S03215,Writing,388
P10019,S06259,Coding,580
P10020,S06543,Learning,222
P10021,S03264,Business,78
P10022,S07236,Writing,382
P10023,S00595,Image Generation,744
P10024,S02526,Research,218
P10025,S01359,Coding,691
P10026,S00582,Image Generation,704
P10027,S04623,Writing,575
P10028,S05177,Writing,347
P10029,S05233,Research,254
P10030,S01209,Coding,795
P10031,S00927,Learning,390
P10032,S03390,Learning,652
P10033,S03083,Business,74
P10034,S04934,Research,337
P10035,S06244,Writing,113
P10036,S00600,Business,640
P10037,S05151,Learning,155
P10038,S01620,Research,466
P10039,S04593,Writing,458
P10040,S04099,Business,374
P10041,S03797,Coding,684
P10042,S02317,Writing,531
P10043,S02235,Coding,374
P10044,S00030,Learning,428
P10045,S00447,Image Generation,778
P10046,S03094,Image Generation,772
P10047,S04204,Image Generation,691
P10048,S04288,Writing,186
P10049,S02898,Coding,593
P10050,S00727,Writing,206
P10051,S03475,Research,527
P10052,S02750,Writing,361
P10053,S05496,Business,408
P10054,S00974,Coding,59
P10055,S02493,Writing,800
P10056,S01693,Writing,511
P10057,S00362,Business,212
P10058,S07475,Learning,199
P10059,S06693,Image Generation,620
P10060,S01021,Research,629
P10061,S00105,Writing,104
P10062,S01821,Business,544
P10063,S03547,Coding,634
P10064,S04220,Coding,389
P10065,S05588,Research,338
P10066,S05568,Learning,213
P10067,S00819,Business,373
P10068,S06485,Research,293
P10069,S00639,Coding,419
P10070,S03794,Learning,265
P10071,S02573,Writing,214
P10072,S00211,Writing,782
P10073,S05540,Writing,800
P10074,S06017,Research,678
P10075,S06107,Image Generation,87
P10076,S02731,Business,483
P10077,S03984,Coding,554
P10078,S06358,Business,684
P10079,S05786,Writing,688
P10080,S01999,Image Generation,585
P10081,S00777,Image Generation,84
P10082,S07108,Learning,465
P10083,S07083,Research,655
P10084,S01512,Image Generation,458
P10085,S03352,Image Generation,355
P10086,S06497,Research,476
P10087,S03530,Image Generation,620
P10088,S03746,Business,346
P10089,S05652,Writing,94
P10090,S01081,Research,463
P10091,S02695,Writing,246
P10092,S04335,Research,424
P10093,S01385,Writing,660
P10094,S01657,Business,291
P10095,S00796,Business,406
P10096,S01434,Learning,411
P10097,S06061,Learning,249
P10098,S06562,Image Generation,203
P10099,S05908,Research,699
P10100,S05452,Business,260
P10101,S05296,Learning,679
P10102,S01675,Coding,761
P10103,S07215,Business,726
P10104,S02695,Coding,121
P10105,S02193,Image Generation,252
P10106,S04534,Image Generation,184
P10107,S01746,Image Generation,569
P10108,S01463,Research,670
P10109,S01925,Writing,463
P10110,S02018,Business,172
P10111,S07449,Research,477
P10112,S02605,Learning,438
P10113,S06589,Business,668
P10114,S02387,Coding,59
P10115,S07074,Research,377
P10116,S02339,Image Generation,129
P10117,S01829,Writing,141
P10118,S01866,Image Generation,407
P10119,S07427,Image Generation,381
P10120,S00942,Writing,301
P10121,S07240,Writing,320
P10122,S06092,Coding,658
P10123,S06572,Research,376
P10124,S01630,Image Generation,453
P10125,S04894,Writing,133
P10126,S04308,Business,638
P10127,S06915,Writing,496
P10128,S04423,Image Generation,193
P10129,S04645,Writing,328
P10130,S01672,Writing,248
P10131,S04575,Coding,545
P10132,S01357,Writing,659
P10133,S05500,Image Generation,325
P10134,S03030,Writing,450
P10135,S07047,Image Generation,552
P10136,S03217,Research,428
P10137,S02770,Research,547
P10138,S06013,Coding,174
P10139,S06624,Learning,444
P10140,S07353,Research,547
P10141,S04440,Learning,323
P10142,S06868,Writing,699
P10143,S06709,Business,670
P10144,S01509,Learning,140
P10145,S03660,Writing,448
P10146,S00259,Image Generation,309
P10147,S01764,Coding,217
P10148,S04858,Image Generation,241
P10149,S04211,Writing,418
P10150,S00864,Business,449
P10151,S07301,Learning,107
P10152,S06957,Learning,595
P10153,S03826,Research,294
P10154,S01014,Image Generation,195
P10155,S03388,Writing,576
P10156,S02045,Research,708
P10157,S05566,Learning,781
P10158,S03390,Learning,259
P10159,S02222,Image Generation,666
P10160,S04337,Business,372
P10161,S02760,Research,232
P10162,S03267,Learning,240
P10163,S05901,Coding,550
P10164,S06173,Research,192
P10165,S05570,Research,675
P10166,S00860,Coding,263
P10167,S07461,Writing,537
P10168,S07278,Coding,682
P10169,S06526,Image Generation,603
P10170,S01418,Business,742
P10171,S01594,Research,129
P10172,S06094,Writing,717
P10173,S07379,Coding,590
P10174,S03842,Research,454
P10175,S05295,Learning,746
P10176,S06086,Learning,774
P10177,S03800,Coding,463
P10178,S00287,Learning,588
P10179,S06366,Research,373
P10180,S03454,Learning,284
P10181,S07020,Learning,571
P10182,S07040,Image Generation,412
P10183,S02099,Writing,733
P10184,S02369,Research,168
P10185,S05754,Learning,292
P10186,S07373,Business,444
P10187,S00795,Coding,519
P10188,S05786,Research,318
P10189,S00956,Research,782
P10190,S06920,Learning,498
P10191,S00061,Image Generation,302
P10192,S06121,Business,423
P10193,S02061,Research,399
P10194,S07129,Image Generation,594
P10195,S03292,Learning,683
P10196,S01481,Business,480
P10197,S04477,Coding,288
P10198,S03725,Writing,716
P10199,S02684,Research,83
P10200,S05437,Image Generation,139
P10201,S05742,Writing,483
P10202,S04617,Research,526
P10203,S07401,Coding,358
P10204,S02502,Coding,335
P10205,S00267,Image Generation,787
P10206,S05397,Coding,193
P10207,S06209,Learning,485
P10208,S05333,Learning,518
P10209,S03958,Image Generation,178
P10210,S06504,Business,565
P10211,S06486,Research,376
P10212,S01875,Writing,283
P10213,S06669,Writing,301
P10214,S03589,Writing,267
P10215,S01940,Business,682
P10216,S03368,Learning,733
P10217,S06791,Writing,369
P10218,S06971,Business,108
P10219,S06278,Learning,146
P10220,S00620,Learning,632
P10221,S06271,Learning,78
P10222,S06893,Research,172
P10223,S06719,Image Generation,247
P10224,S05698,Image Generation,84
P10225,S01128,Writing,169
P10226,S00015,Coding,464
P10227,S02214,Coding,466
P10228,S06906,Coding,473
P10229,S04924,Business,691
P10230,S02716,Writing,614
P10231,S00317,Writing,669
P10232,S01083,Coding,774
P10233,S07189,Learning,731
P10234,S05920,Business,81
P10235,S06911,Business,363
P10236,S06131,Learning,210
P10237,S07102,Learning,482
P10238,S01847,Writing,789
P10239,S06488,Learning,379
P10240,S05873,Learning,455
P10241,S06323,Writing,434
P10242,S04616,Coding,65
P10243,S00882,Research,380
P10244,S06682,Image Generation,795
P10245,S03679,Learning,312
P10246,S06977,Coding,620
P10247,S04219,Writing,144
P10248,S04055,Business,544
P10249,S06058,Learning,409
P10250,S05505,Learning,452
P10251,S00302,Coding,334
P10252,S06140,Coding,648
P10253,S06358,Learning,353
P10254,S01599,Coding,330
P10255,S05114,Learning,478
P10256,S03603,Business,324
P10257,S05694,Writing,603
P10258,S03847,Writing,536
P10259,S03036,Writing,522
P10260,S03329,Coding,319
P10261,S06831,Writing,645
P10262,S03831,Image Generation,753
P10263,S05251,Writing,184
P10264,S02279,Coding,350
P10265,S06717,Coding,585
P10266,S00913,Coding,381
P10267,S03388,Image Generation,462
P10268,S05741,Learning,460
P10269,S01338,Business,274
P10270,S06735,Learning,393
P10271,S03289,Learning,447
P10272,S02900,Image Generation,156
P10273,S06729,Coding,141
P10274,S06330,Business,576
P10275,S01307,Business,425
P10276,S05583,Business,111
P10277,S06475,Learning,517
P10278,S02509,Writing,50
P10279,S02844,Business,323
P10280,S04065,Learning,602
P10281,S06087,Learning,59
P10282,S05005,Writing,377
P10283,S06076,Business,719
P10284,S05777,Coding,176
P10285,S04660,Writing,683
P10286,S00423,Writing,696
P10287,S06377,Business,447
P10288,S02996,Business,233
P10289,S01147,Coding,390
P10290,S05523,Coding,289
P10291,S06202,Writing,362
P10292,S03887,Business,491
P10293,S03761,Writing,490
P10294,S05714,Research,672
P10295,S00084,Writing,494
P10296,S06010,Writing,654
P10297,S05355,Learning,64
P10298,S04435,Business,639
P10299,S06460,Research,768
P10300,S00560,Image Generation,458
P10301,S02215,Image Generation,217
P10302,S03565,Business,582
P10303,S03599,Research,363
P10304,S00123,Image Generation,210
P10305,S00993,Image Generation,484
P10306,S03044,Image Generation,196
P10307,S02405,Research,699
P10308,S04790,Learning,223
P10309,S05033,Writing,773
P10310,S04289,Writing,184
P10311,S01284,Research,764
P10312,S01523,Learning,357
P10313,S06261,Learning,197
P10314,S02442,Coding,707
P10315,S04770,Writing,97
P10316,S03275,Research,616
P10317,S07139,Research,141
P10318,S02455,Learning,462
P10319,S02283,Business,255
P10320,S01653,Writing,491
P10321,S03001,Image Generation,512
P10322,S02743,Research,151
P10323,S01226,Business,497
P10324,S07455,Learning,646
P10325,S05958,Business,455
P10326,S03997,Research,250
P10327,S03796,Business,258
P10328,S02528,Writing,281
P10329,S05515,Learning,634
P10330,S05275,Coding,637
P10331,S04245,Learning,601
P10332,S03054,Image Generation,181
P10333,S05066,Writing,620
P10334,S00813,Learning,383
P10335,S05114,Image Generation,545
P10336,S05099,Research,173
P10337,S02858,Business,93
P10338,S05844,Business,72
P10339,S04996,Writing,661
P10340,S06264,Learning,54
P10341,S05033,Coding,534
P10342,S07332,Business,448
P10343,S00094,Business,421
P10344,S05509,Writing,430
P10345,S05777,Learning,481
P10346,S00592,Writing,465
P10347,S01295,Learning,479
P10348,S00390,Coding,541
P10349,S07118,Image Generation,480
P10350,S06159,Business,242
P10351,S06301,Writing,299
P10352,S02602,Image Generation,218
P10353,S03534,Writing,587
P10354,S04101,Learning,531
P10355,S03797,Learning,426
P10356,S02550,Research,257
P10357,S04473,Writing,558
P10358,S01644,Business,492
P10359,S03888,Business,546
P10360,S01903,Research,759
P10361,S06233,Writing,201
P10362,S06502,Research,117
P10363,S03081,Research,179
P10364,S06273,Business,283
P10365,S01437,Coding,382
P10366,S00631,Image Generation,735
P10367,S01305,Learning,312
P10368,S01527,Research,578
P10369,S07105,Learning,403
P10370,S04347,Business,763
P10371,S00041,Image Generation,250
P10372,S05855,Business,391
P10373,S06289,Business,557
P10374,S00904,Writing,645
P10375,S02540,Business,197
P10376,S04915,Image Generation,299
P10377,S00964,Research,799
P10378,S02391,Writing,586
P10379,S01093,Research,131
P10380,S02127,Image Generation,210
P10381,S03840,Business,64
P10382,S02218,Learning,553
P10383,S01701,Coding,659
P10384,S03380,Business,115
P10385,S03729,Coding,454
P10386,S06131,Writing,257
P10387,S02652,Research,604
P10388,S06340,Image Generation,246
P10389,S06678,Learning,635
P10390,S04735,Writing,311
P10391,S06337,Learning,57
P10392,S01683,Coding,435
P10393,S06229,Writing,684
P10394,S07242,Business,411
P10395,S00141,Research,467
P10396,S02503,Image Generation,654
P10397,S03697,Research,309
P10398,S02064,Business,546
P10399,S06074,Business,363
P10400,S00666,Learning,197
P10401,S05504,Image Generation,203
P10402,S03622,Learning,64
P10403,S02697,Research,208
P10404,S04138,Learning,57
P10405,S00178,Coding,571
P10406,S03957,Business,66
P10407,S04090,Business,144
P10408,S02723,Writing,537
P10409,S04135,Image Generation,460
P10410,S01702,Research,183
P10411,S01912,Image Generation,269
P10412,S03119,Writing,115
P10413,S06754,Research,228
P10414,S07172,Writing,215
P10415,S01591,Writing,271
P10416,S06470,Coding,540
P10417,S07266,Image Generation,569
P10418,S04414,Research,635
P10419,S01354,Learning,146
P10420,S01419,Coding,199
P10421,S01561,Image Generation,270
P10422,S05438,Research,165
P10423,S06979,Learning,456
P10424,S05077,Business,762
P10425,S06461,Image Generation,277
P10426,S07169,Image Generation,653
P10427,S00348,Writing,235
P10428,S00301,Coding,103
P10429,S01866,Coding,756
P10430,S04560,Learning,533
P10431,S00829,Writing,645
P10432,S02254,Coding,93
P10433,S00163,Image Generation,523
P10434,S01364,Business,280
P10435,S07193,Image Generation,366
P10436,S06805,Writing,166
P10437,S07458,Image Generation,523
P10438,S02083,Image Generation,512
P10439,S05833,Learning,277
P10440,S02438,Business,619
P10441,S05144,Image Generation,443
P10442,S06277,Business,440
P10443,S03971,Image Generation,644
P10444,S06724,Learning,723
P10445,S00001,Learning,293
P10446,S04910,Learning,152
P10447,S00049,Writing,379
P10448,S06798,Research,447
P10449,S05139,Coding,489
P10450,S01249,Learning,524
P10451,S06443,Image Generation,108
P10452,S06675,Learning,122
P10453,S00002,Business,513
P10454,S02527,Writing,472
P10455,S01545,Learning,485
P10456,S01066,Learning,467
P10457,S00591,Business,465
P10458,S02352,Coding,693
P10459,S00046,Writing,298
P10460,S04810,Learning,437
P10461,S05566,Learning,70
P10462,S02515,Image Generation,390
P10463,S06832,Learning,570
P10464,S03014,Image Generation,411
P10465,S01968,Business,593
P10466,S03207,Writing,762
P10467,S05069,Learning,57
P10468,S04699,Image Generation,386
P10469,S04064,Research,51
P10470,S00040,Research,745
P10471,S04434,Business,573
P10472,S03765,Business,297
P10473,S04821,Image Generation,223
P10474,S05872,Coding,520
P10475,S05196,Business,763
P10476,S07030,Writing,254
P10477,S04189,Research,714
P10478,S01701,Coding,314
P10479,S04810,Image Generation,243
P10480,S04509,Coding,51
P10481,S00600,Learning,428
P10482,S06228,Coding,498
P10483,S02735,Learning,250
P10484,S05393,Writing,299
P10485,S03982,Coding,193
P10486,S05315,Business,422
P10487,S00299,Image Generation,155
P10488,S07038,Learning,179
P10489,S05323,Coding,766
P10490,S02292,Coding,161
P10491,S03480,Research,435
P10492,S03089,Learning,51
P10493,S05704,Learning,304
P10494,S02463,Learning,86
P10495,S06087,Writing,102
P10496,S05396,Business,565
P10497,S01693,Research,604
P10498,S05153,Learning,138
P10499,S02714,Learning,419
P10500,S02362,Coding,479
P10501,S04297,Coding,84
P10502,S07050,Writing,420
P10503,S01066,Image Generation,672
P10504,S02413,Image Generation,502
P10505,S02661,Business,591
P10506,S07351,Image Generation,144
P10507,S07457,Image Generation,796
P10508,S07180,Learning,392
P10509,S01734,Business,314
P10510,S02747,Image Generation,77
P10511,S00255,Writing,710
P10512,S05530,Image Generation,433
P10513,S04613,Research,433
P10514,S06358,Writing,464
P10515,S03466,Business,468
P10516,S03957,Coding,437
P10517,S04903,Learning,354
P10518,S01192,Business,473
P10519,S06766,Coding,193
P10520,S06617,Coding,360
P10521,S02301,Writing,83
P10522,S06447,Business,273
P10523,S02291,Research,111
P10524,S03128,Learning,273
P10525,S01490,Business,517
P10526,S03085,Business,151
P10527,S07016,Image Generation,80
P10528,S06863,Business,269
P10529,S05423,Learning,648
P10530,S04830,Image Generation,165
P10531,S01947,Writing,453
P10532,S02478,Research,538
P10533,S07109,Image Generation,392
P10534,S05018,Learning,631
P10535,S00725,Learning,486
P10536,S07381,Image Generation,322
P10537,S02752,Image Generation,537
P10538,S01963,Coding,493
P10539,S05565,Image Generation,793
P10540,S07259,Learning,426
P10541,S02806,Coding,351
P10542,S03499,Writing,317
P10543,S05989,Research,159
P10544,S05836,Coding,253
P10545,S01857,Research,762
P10546,S02568,Business,226
P10547,S03955,Coding,83
P10548,S00599,Coding,428
P10549,S04215,Research,609
P10550,S06210,Image Generation,58
P10551,S05733,Learning,661
P10552,S00075,Business,433
P10553,S05939,Image Generation,112
P10554,S07144,Coding,428
P10555,S01638,Business,259
P10556,S05013,Coding,466
P10557,S01186,Learning,233
P10558,S05126,Business,416
P10559,S05172,Coding,249
P10560,S01210,Coding,174
P10561,S02280,Writing,131
P10562,S04049,Research,628
P10563,S00765,Business,107
P10564,S06513,Image Generation,788
P10565,S03058,Coding,86
P10566,S03895,Writing,335
P10567,S01415,Coding,221
P10568,S01102,Image Generation,530
P10569,S05573,Coding,217
P10570,S05689,Image Generation,561
P10571,S05469,Research,283
P10572,S01746,Business,113
P10573,S04014,Coding,170
P10574,S03282,Writing,578
P10575,S04006,Image Generation,316
P10576,S01419,Learning,557
P10577,S07272,Coding,280
P10578,S01702,Coding,398
P10579,S07444,Research,219
P10580,S03970,Research,148
P10581,S05875,Research,498
P10582,S05842,Image Generation,266
P10583,S07410,Writing,683
P10584,S03017,Learning,170
P10585,S02267,Business,750
P10586,S01441,Image Generation,308
P10587,S02387,Research,52
P10588,S07160,Writing,475
P10589,S06502,Writing,297
P10590,S06054,Research,763
P10591,S02282,Business,522
P10592,S04170,Coding,289
P10593,S00883,Business,331
P10594,S04883,Learning,685
P10595,S06766,Writing,484
P10596,S02908,Research,257
P10597,S04443,Writing,384
P10598,S01393,Writing,199
P10599,S07445,Coding,706
P10600,S06737,Learning,542
P10601,S00488,Business,743
P10602,S05264,Coding,572
P10603,S01046,Research,490
P10604,S04488,Writing,701
P10605,S06151,Business,84
P10606,S05816,Research,584
P10607,S03437,Learning,485
P10608,S05879,Coding,701
P10609,S00225,Coding,215
P10610,S00691,Business,132
P10611,S05052,Image Generation,740
P10612,S07289,Image Generation,584
P10613,S04132,Research,663
P10614,S02734,Research,362
P10615,S04697,Coding,551
P10616,S05874,Learning,166
P10617,S06986,Image Generation,565
P10618,S05919,Writing,732
P10619,S05495,Coding,270
P10620,S06503,Image Generation,144
P10621,S04171,Writing,123
P10622,S05446,Research,500
P10623,S04881,Coding,93
P10624,S01567,Research,191
P10625,S02420,Business,791
P10626,S06785,Research,456
P10627,S01890,Writing,145
P10628,S06678,Research,422
P10629,S02335,Image Generation,297
P10630,S04830,Business,638
P10631,S04756,Research,57
P10632,S06243,Coding,720
P10633,S03980,Coding,641
P10634,S02969,Writing,95
P10635,S07167,Learning,605
P10636,S05429,Business,217
P10637,S04674,Research,231
P10638,S03428,Writing,335
P10639,S00425,Learning,529
P10640,S04353,Coding,359
P10641,S00319,Coding,785
P10642,S01795,Research,124
P10643,S04053,Image Generation,622
P10644,S02624,Business,656
P10645,S03411,Image Generation,630
P10646,S04909,Writing,340
P10647,S04336,Coding,735
P10648,S06686,Business,534
P10649,S05310,Image Generation,686
P10650,S07401,Writing,726
P10651,S05940,Business,625
P10652,S02449,Research,90
P10653,S06233,Writing,347
P10654,S05830,Business,161
P10655,S04259,Image Generation,775
P10656,S06482,Learning,84
P10657,S03009,Writing,450
P10658,S06883,Writing,774
P10659,S03781,Writing,714
P10660,S03902,Writing,366
P10661,S06941,Research,263
P10662,S07274,Learning,762
P10663,S06782,Business,503
P10664,S03732,Learning,578
P10665,S04818,Research,143
P10666,S06923,Image Generation,239
P10667,S03006,Research,406
P10668,S06509,Research,60
P10669,S05700,Writing,286
P10670,S03306,Writing,146
P10671,S03102,Research,151
P10672,S06262,Research,223
P10673,S00698,Learning,150
P10674,S01150,Business,348
P10675,S05799,Learning,616
P10676,S06601,Image Generation,382
P10677,S01983,Research,415
P10678,S01350,Business,568
P10679,S05211,Image Generation,750
P10680,S02759,Research,326
P10681,S06052,Learning,59
P10682,S07450,Writing,451
P10683,S02035,Image Generation,461
P10684,S06919,Business,476
P10685,S06191,Coding,118
P10686,S06178,Coding,563
P10687,S06438,Coding,644
P10688,S02920,Coding,765
P10689,S01772,Image Generation,66
P10690,S00969,Writing,779
P10691,S04908,Coding,506
P10692,S02910,Coding,507
P10693,S01475,Coding,250
P10694,S06682,Writing,710
P10695,S00186,Image Generation,656
P10696,S03423,Learning,153
P10697,S00709,Writing,249
P10698,S03465,Writing,543
P10699,S01839,Learning,629
P10700,S02899,Coding,503
P10701,S05728,Business,563
P10702,S03025,Image Generation,193
P10703,S00147,Learning,563
P10704,S00257,Writing,354
P10705,S00731,Business,129
P10706,S05567,Writing,436
P10707,S01745,Research,753
P10708,S05278,Learning,740
P10709,S04086,Business,438
P10710,S06821,Coding,797
P10711,S07279,Learning,244
P10712,S06263,Image Generation,282
P10713,S03865,Writing,480
P10714,S04095,Learning,525
P10715,S01978,Business,574
P10716,S05019,Image Generation,660
P10717,S06398,Image Generation,601
P10718,S03447,Coding,61
P10719,S00560,Coding,161
P10720,S03565,Research,563
P10721,S01971,Writing,146
P10722,S03679,Image Generation,523
P10723,S00326,Learning,725
P10724,S01271,Business,240
P10725,S04480,Business,102
P10726,S05678,Coding,131
P10727,S05237,Business,676
P10728,S03333,Coding,139
P10729,S01571,Research,691
P10730,S06002,Image Generation,354
P10731,S02231,Writing,325
P10732,S02842,Coding,468
P10733,S01086,Learning,545
P10734,S00573,Research,465
P10735,S03116,Learning,218
P10736,S04719,Image Generation,555
P10737,S03240,Learning,514
P10738,S01720,Image Generation,543
P10739,S04873,Research,291
P10740,S02241,Research,397
P10741,S06457,Research,208
P10742,S00211,Writing,563
P10743,S02750,Research,135
P10744,S03449,Coding,231
P10745,S00476,Business,677
P10746,S04710,Learning,68
P10747,S03028,Business,456
P10748,S03642,Coding,70
P10749,S04562,Coding,458
P10750,S04416,Learning,421
P10751,S00574,Writing,486
P10752,S02321,Learning,57
P10753,S07118,Learning,131
P10754,S04680,Coding,104
P10755,S03800,Learning,496
P10756,S06254,Writing,749
P10757,S00521,Business,110
P10758,S06685,Image Generation,786
P10759,S03615,Research,355
P10760,S00378,Business,535
P10761,S01395,Research,347
P10762,S03486,Research,511
P10763,S01732,Research,415
P10764,S04033,Learning,409
P10765,S03222,Learning,680
P10766,S02360,Writing,593
P10767,S05484,Research,51
P10768,S07224,Research,724
P10769,S07431,Writing,425
P10770,S03801,Research,372
P10771,S07251,Research,329
P10772,S04973,Coding,130
P10773,S07264,Writing,545
P10774,S05544,Coding,97
P10775,S02022,Business,287
P10776,S05203,Research,540
P10777,S00793,Coding,252
P10778,S06184,Learning,177
P10779,S00701,Learning,358
P10780,S03836,Business,427
P10781,S03962,Writing,278
P10782,S02576,Business,402
P10783,S06132,Coding,468
P10784,S00513,Learning,241
P10785,S02793,Business,734
P10786,S06281,Research,154
P10787,S01719,Coding,138
P10788,S02587,Learning,673
P10789,S01313,Writing,316
P10790,S05242,Research,212
P10791,S01862,Learning,552
P10792,S02964,Writing,293
P10793,S01280,Research,213
P10794,S01002,Coding,567
P10795,S06410,Business,201
P10796,S01630,Business,208
P10797,S04487,Image Generation,595
P10798,S04125,Business,558
P10799,S06694,Business,207
P10800,S02121,Image Generation,609
P10801,S01335,Image Generation,581
P10802,S03679,Research,219
P10803,S06885,Coding,102
P10804,S05316,Learning,742
P10805,S03048,Image Generation,285
P10806,S04910,Coding,324
P10807,S00067,Learning,50
P10808,S02838,Coding,252
P10809,S03169,Research,252
P10810,S00086,Business,203
P10811,S00745,Research,672
P10812,S03660,Coding,407
P10813,S00463,Learning,566
P10814,S03027,Research,216
P10815,S01558,Business,655
P10816,S00413,Writing,631
P10817,S00036,Coding,723
P10818,S04482,Learning,441
P10819,S04642,Research,600
P10820,S06379,Image Generation,651
P10821,S00420,Image Generation,705
P10822,S06707,Learning,312
P10823,S04419,Image Generation,342
P10824,S03574,Coding,494
P10825,S04053,Writing,585
P10826,S06213,Business,613
P10827,S05480,Business,415
P10828,S06217,Image Generation,256
P10829,S02316,Coding,205
P10830,S05687,Research,742
P10831,S02895,Image Generation,384
P10832,S05685,Writing,409
P10833,S00039,Business,440
P10834,S07198,Business,457
P10835,S03991,Business,459
P10836,S04046,Image Generation,185
P10837,S01658,Image Generation,339
P10838,S04965,Coding,736
P10839,S05626,Coding,661
P10840,S01778,Image Generation,135
P10841,S02874,Coding,679
P10842,S02052,Learning,351
P10843,S03443,Writing,637
P10844,S05874,Writing,686
P10845,S05362,Image Generation,696
P10846,S03306,Learning,82
P10847,S00490,Image Generation,552
P10848,S03191,Coding,84
P10849,S02519,Business,744
P10850,S05757,Research,78
P10851,S02455,Writing,144
P10852,S05378,Research,758
P10853,S02585,Coding,735
P10854,S06126,Writing,379
P10855,S07356,Coding,652
P10856,S04748,Coding,219
P10857,S03271,Research,615
P10858,S02194,Learning,737
P10859,S00707,Learning,581
P10860,S03964,Coding,175
P10861,S04953,Research,784
P10862,S05129,Writing,58
P10863,S01301,Learning,219
P10864,S03441,Learning,578
P10865,S02843,Coding,375
P10866,S02386,Learning,221
P10867,S01531,Research,359
P10868,S06110,Business,317
P10869,S07289,Learning,163
P10870,S05167,Learning,708
P10871,S05829,Coding,224
P10872,S06576,Image Generation,72
P10873,S01875,Writing,297
P10874,S07430,Research,761
P10875,S05615,Coding,103
P10876,S06088,Coding,656
P10877,S05257,Research,751
P10878,S04620,Learning,755
P10879,S01552,Business,662
P10880,S03202,Writing,309
P10881,S02460,Writing,264
P10882,S03758,Writing,452
P10883,S02430,Image Generation,116
P10884,S03452,Coding,652
P10885,S00688,Image Generation,217
P10886,S03294,Research,450
P10887,S07033,Image Generation,705
P10888,S04164,Image Generation,285
P10889,S02423,Learning,669
P10890,S04435,Learning,498
P10891,S07206,Writing,684
P10892,S05356,Learning,575
P10893,S03563,Coding,512
P10894,S06534,Research,483
P10895,S01585,Research,410
P10896,S00789,Research,638
P10897,S02170,Learning,54
P10898,S02440,Research,281
P10899,S05934,Research,323
P10900,S03432,Research,257
P10901,S07404,Image Generation,587
P10902,S02790,Learning,616
P10903,S03705,Writing,258
P10904,S00201,Image Generation,317
P10905,S01276,Research,367
P10906,S03103,Research,779
P10907,S06478,Research,317
P10908,S02621,Coding,507
P10909,S02261,Coding,436
P10910,S05821,Research,590
P10911,S00225,Writing,327
P10912,S02675,Research,491
P10913,S06080,Image Generation,136
P10914,S03624,Research,793
P10915,S01672,Image Generation,362
P10916,S03315,Business,600
P10917,S02848,Business,518
P10918,S04446,Image Generation,286
P10919,S04911,Research,484
P10920,S07068,Writing,105
P10921,S01632,Business,468
P10922,S03750,Image Generation,184
P10923,S02119,Business,378
P10924,S04549,Business,627
P10925,S01349,Image Generation,276
P10926,S04091,Learning,350
P10927,S06055,Coding,437
P10928,S00243,Research,101
P10929,S06724,Research,197
P10930,S04633,Research,409
P10931,S04649,Learning,419
P10932,S03791,Business,429
P10933,S00434,Research,362
P10934,S00466,Image Generation,500
P10935,S04670,Image Generation,130
P10936,S03512,Image Generation,299
P10937,S02705,Writing,585
P10938,S02955,Writing,107
P10939,S00297,Business,234
P10940,S00249,Research,362
P10941,S00107,Business,238
P10942,S00090,Learning,571
P10943,S05794,Coding,791
P10944,S05563,Writing,348
P10945,S04271,Research,651
P10946,S06248,Image Generation,711
P10947,S05613,Business,646
P10948,S01147,Research,360
P10949,S01095,Learning,535
P10950,S01122,Writing,451
P10951,S05829,Research,280
P10952,S01922,Research,101
P10953,S07092,Learning,464
P10954,S06962,Research,449
P10955,S01336,Image Generation,318
P10956,S06352,Coding,141
P10957,S04564,Research,362
P10958,S02530,Learning,137
P10959,S03326,Coding,281
P10960,S03182,Research,518
P10961,S00461,Research,408
P10962,S04277,Writing,307
P10963,S05905,Business,324
P10964,S01297,Research,154
P10965,S00519,Coding,144
P10966,S04374,Learning,418
P10967,S07128,Research,543
P10968,S02950,Image Generation,423
P10969,S02803,Writing,494
P10970,S01542,Image Generation,346
P10971,S00295,Business,122
P10972,S02242,Coding,323
P10973,S03458,Business,243
P10974,S07013,Writing,228
P10975,S04163,Research,761
P10976,S00809,Learning,283
P10977,S06196,Coding,409
P10978,S00757,Writing,482
P10979,S01927,Coding,725
P10980,S03359,Writing,577
P10981,S00894,Research,195
P10982,S00166,Business,576
P10983,S06900,Writing,412
P10984,S06644,Learning,656
P10985,S00716,Coding,231
P10986,S01405,Business,730
P10987,S06796,Business,391
P10988,S01692,Learning,416
P10989,S00415,Business,486
P10990,S00706,Image Generation,424
P10991,S06988,Research,582
P10992,S00092,Research,236
P10993,S06860,Coding,397
P10994,S02640,Coding,600
P10995,S06304,Research,217
P10996,S05118,Learning,170
P10997,S03233,Research,133
P10998,S04579,Writing,79
P10999,S06335,Image Generation,291
P11000,S01517,Research,235
P11001,S04264,Image Generation,708
P11002,S04990,Writing,114
P11003,S04178,Coding,747
P11004,S03028,Business,64
P11005,S04651,Coding,586
P11006,S07132,Learning,213
P11007,S01609,Learning,140
P11008,S00841,Coding,59
P11009,S05645,Learning,385
P11010,S07001,Business,759
P11011,S03998,Writing,543
P11012,S02894,Research,642
P11013,S04374,Research,78
P11014,S06294,Research,179
P11015,S01449,Business,340
P11016,S05391,Learning,490
P11017,S05982,Writing,110
P11018,S05129,Business,305
P11019,S03798,Business,117
P11020,S03715,Writing,228
P11021,S05109,Writing,498
P11022,S01283,Writing,472
P11023,S07172,Learning,490
P11024,S03875,Learning,678
P11025,S06522,Research,449
P11026,S03031,Coding,190
P11027,S02016,Learning,221
P11028,S07463,Business,614
P11029,S02777,Research,237
P11030,S02025,Research,329
P11031,S03935,Learning,671
P11032,S02155,Learning,648
P11033,S00295,Image Generation,335
P11034,S06311,Business,783
P11035,S07338,Writing,250
P11036,S00188,Coding,67
P11037,S03223,Learning,615
P11038,S07124,Learning,535
P11039,S02282,Business,484
P11040,S01644,Learning,751
P11041,S01518,Writing,141
P11042,S05125,Coding,117
P11043,S01033,Writing,476
P11044,S05118,Writing,216
P11045,S07015,Image Generation,481
P11046,S07332,Image Generation,274
P11047,S03580,Research,700
P11048,S01728,Research,377
P11049,S01397,Business,209
P11050,S03679,Business,144
P11051,S00914,Research,668
P11052,S01240,Coding,395
P11053,S02017,Image Generation,357
P11054,S04697,Coding,388
P11055,S03387,Writing,762
P11056,S05329,Image Generation,225
P11057,S04188,Research,230
P11058,S07096,Coding,150
P11059,S00961,Writing,751
P11060,S06002,Learning,793
P11061,S07268,Coding,598
P11062,S06694,Learning,586
P11063,S00974,Research,107
P11064,S06205,Learning,408
P11065,S06349,Learning,589
P11066,S01029,Business,383
P11067,S00712,Writing,541
P11068,S02921,Writing,580
P11069,S02355,Coding,317
P11070,S05290,Image Generation,109
P11071,S02504,Image Generation,471
P11072,S00587,Image Generation,797
P11073,S00538,Coding,623
P11074,S06081,Learning,391
P11075,S01160,Writing,399
P11076,S04608,Writing,431
P11077,S05381,Business,331
P11078,S05916,Business,452
P11079,S03467,Research,435
P11080,S05796,Writing,597
P11081,S02884,Image Generation,139
P11082,S06893,Research,278
P11083,S06643,Coding,285
P11084,S05390,Learning,79
P11085,S02631,Learning,534
P11086,S03817,Image Generation,252
P11087,S06141,Coding,104
P11088,S06598,Coding,446
P11089,S00322,Business,401
P11090,S02520,Research,644
P11091,S05372,Coding,305
P11092,S05432,Coding,354
P11093,S03541,Learning,74
P11094,S03514,Learning,674
P11095,S03807,Business,476
P11096,S04105,Research,569
P11097,S05074,Learning,308
P11098,S04795,Writing,280
P11099,S00119,Image Generation,560
P11100,S03540,Learning,233
P11101,S04998,Writing,710
P11102,S07079,Learning,563
P11103,S01252,Business,374
P11104,S04206,Writing,495
P11105,S04064,Writing,401
P11106,S02715,Business,491
P11107,S01618,Image Generation,371
P11108,S00971,Research,356
P11109,S05192,Learning,433
P11110,S05972,Coding,684
P11111,S05308,Learning,417
P11112,S01255,Research,244
P11113,S00624,Business,294
P11114,S02124,Coding,80
P11115,S04018,Learning,329
P11116,S03110,Image Generation,289
P11117,S06053,Image Generation,545
P11118,S00260,Writing,632
P11119,S07093,Business,419
P11120,S04886,Image Generation,393
P11121,S00415,Writing,275
P11122,S01064,Image Generation,122
P11123,S05951,Image Generation,744
P11124,S02842,Writing,448
P11125,S06589,Image Generation,617
P11126,S03315,Learning,134
P11127,S03232,Learning,368
P11128,S06505,Research,539
P11129,S00795,Business,455
P11130,S05714,Business,194
P11131,S04668,Writing,622
P11132,S01551,Research,479
P11133,S06075,Learning,249
P11134,S00151,Business,529
P11135,S00051,Writing,406
P11136,S03037,Coding,60
P11137,S04649,Image Generation,450
P11138,S02343,Writing,696
P11139,S02816,Learning,670
P11140,S04191,Research,414
P11141,S05242,Coding,660
P11142,S04207,Image Generation,741
P11143,S05536,Business,678
P11144,S04327,Business,309
P11145,S02113,Learning,510
P11146,S01548,Learning,227
P11147,S01750,Learning,488
P11148,S02430,Image Generation,391
P11149,S06019,Coding,494
P11150,S05390,Research,208
P11151,S03853,Research,182
P11152,S06738,Research,521
P11153,S05933,Writing,519
P11154,S04511,Research,270
P11155,S00002,Image Generation,488
P11156,S05231,Writing,267
P11157,S06949,Research,730
P11158,S04256,Image Generation,664
P11159,S00436,Business,199
P11160,S02997,Writing,696
P11161,S01790,Research,767
P11162,S04511,Learning,425
P11163,S00058,Business,710
P11164,S03506,Learning,466
P11165,S03207,Research,603
P11166,S02961,Research,680
P11167,S01536,Business,679
P11168,S04251,Image Generation,644
P11169,S00032,Image Generation,393
P11170,S04814,Writing,176
P11171,S00391,Research,469
P11172,S01970,Learning,399
P11173,S03805,Image Generation,241
P11174,S02076,Image Generation,491
P11175,S06712,Research,469
P11176,S03440,Learning,131
P11177,S01300,Research,529
P11178,S04947,Image Generation,162
P11179,S06587,Writing,100
P11180,S04309,Business,623
P11181,S00461,Image Generation,710
P11182,S01783,Research,527
P11183,S04783,Image Generation,64
P11184,S06754,Business,57
P11185,S04027,Business,725
P11186,S03757,Coding,202
P11187,S02754,Writing,344
P11188,S05494,Research,433
P11189,S04932,Learning,462
P11190,S05816,Business,705
P11191,S06732,Coding,464
P11192,S04527,Coding,706
P11193,S03377,Coding,150
P11194,S04682,Research,217
P11195,S04646,Learning,784
P11196,S05463,Image Generation,659
P11197,S02118,Writing,218
P11198,S05376,Image Generation,448
P11199,S04416,Coding,286
P11200,S05224,Coding,464
P11201,S04343,Image Generation,445
P11202,S06988,Business,264
P11203,S01183,Learning,766
P11204,S06002,Writing,733
P11205,S01974,Learning,472
P11206,S06697,Research,390
P11207,S01446,Coding,179
P11208,S07371,Research,794
P11209,S00042,Writing,242
P11210,S05892,Learning,184
P11211,S02433,Coding,670
P11212,S03297,Learning,602
P11213,S05607,Coding,569
P11214,S05545,Research,795
P11215,S05446,Research,139
P11216,S02494,Learning,718
P11217,S01919,Business,478
P11218,S06443,Writing,641
P11219,S07061,Writing,431
P11220,S04306,Image Generation,486
P11221,S03010,Image Generation,149
P11222,S04081,Research,257
P11223,S06156,Coding,563
P11224,S04131,Business,295
P11225,S00811,Learning,345
P11226,S02790,Image Generation,414
P11227,S00073,Writing,283
P11228,S04857,Learning,651
P11229,S04233,Research,190
P11230,S06394,Research,185
P11231,S04538,Learning,374
P11232,S02343,Business,244
P11233,S05647,Research,182
P11234,S01330,Writing,93
P11235,S04607,Writing,690
P11236,S04636,Coding,745
P11237,S02518,Research,770
P11238,S05138,Writing,734
P11239,S05123,Research,95
P11240,S03855,Writing,489
P11241,S01793,Coding,91
P11242,S05027,Business,432
P11243,S03570,Research,685
P11244,S06369,Research,585
P11245,S02754,Image Generation,116
P11246,S02177,Business,672
P11247,S03135,Writing,589
P11248,S01892,Image Generation,721
P11249,S01511,Writing,107
P11250,S02103,Business,778
P11251,S04150,Research,311
P11252,S06890,Learning,181
P11253,S04318,Image Generation,77
P11254,S02391,Learning,609
P11255,S05540,Research,67
P11256,S04163,Coding,675
P11257,S00760,Business,400
P11258,S03699,Business,216
P11259,S05501,Research,627
P11260,S02228,Learning,691
P11261,S02222,Business,453
P11262,S05651,Image Generation,502
P11263,S07126,Business,443
P11264,S05856,Business,499
P11265,S07457,Learning,129
P11266,S00104,Writing,715
P11267,S03459,Learning,195
P11268,S00825,Coding,796
P11269,S01949,Learning,673
P11270,S03201,Writing,441
P11271,S06861,Coding,182
P11272,S00528,Writing,514
P11273,S06252,Image Generation,757
P11274,S04674,Learning,497
P11275,S03277,Research,787
P11276,S01195,Image Generation,533
P11277,S04509,Image Generation,683
P11278,S00166,Business,715
P11279,S04930,Research,435
P11280,S05212,Business,273
P11281,S07016,Image Generation,174
P11282,S07195,Coding,137
P11283,S01246,Writing,87
P11284,S06476,Research,210
P11285,S02840,Business,202
P11286,S06089,Writing,479
P11287,S03966,Research,437
P11288,S01285,Learning,625
P11289,S00363,Research,62
P11290,S07289,Business,696
P11291,S00734,Image Generation,93
P11292,S05883,Learning,518
P11293,S06008,Writing,463
P11294,S00003,Business,443
P11295,S01798,Learning,297
P11296,S02040,Writing,684
P11297,S07061,Business,357
P11298,S03518,Learning,656
P11299,S04025,Writing,367
P11300,S05798,Image Generation,467
P11301,S02043,Learning,706
P11302,S06072,Coding,519
P11303,S04977,Business,490
P11304,S03932,Image Generation,425
P11305,S00884,Research,779
P11306,S06612,Business,720
P11307,S06735,Coding,303
P11308,S04484,Research,296
P11309,S05735,Writing,422
P11310,S06862,Learning,159
P11311,S06424,Business,459
P11312,S04818,Learning,482
P11313,S00540,Business,70
P11314,S02315,Learning,210
P11315,S00849,Learning,64
P11316,S02283,Learning,429
P11317,S03905,Business,725
P11318,S06872,Research,158
P11319,S06907,Learning,786
P11320,S05951,Learning,526
P11321,S02461,Image Generation,282
P11322,S06977,Research,563
P11323,S07161,Research,258
P11324,S04535,Learning,56
P11325,S03193,Business,117
P11326,S03385,Research,111
P11327,S07213,Coding,504
P11328,S03316,Business,702
P11329,S00502,Writing,685
P11330,S01434,Business,658
P11331,S04283,Business,374
P11332,S04576,Learning,786
P11333,S05487,Learning,793
P11334,S04224,Research,233
P11335,S00460,Writing,737
P11336,S00487,Business,612
P11337,S02384,Image Generation,437
P11338,S06925,Learning,563
P11339,S07210,Writing,707
P11340,S01483,Image Generation,657
P11341,S02069,Writing,548
P11342,S01204,Image Generation,328
P11343,S02396,Learning,179
P11344,S04510,Image Generation,520
P11345,S04972,Writing,704
P11346,S01518,Image Generation,514
P11347,S04697,Research,68
P11348,S02725,Coding,771
P11349,S01735,Learning,726
P11350,S04333,Image Generation,727
P11351,S03982,Learning,629
P11352,S00815,Coding,244
P11353,S01966,Learning,230
P11354,S01849,Learning,197
P11355,S03525,Writing,74
P11356,S01270,Business,174
P11357,S07148,Business,149
P11358,S07015,Writing,140
P11359,S06947,Image Generation,524
P11360,S01406,Business,600
P11361,S02713,Learning,596
P11362,S00321,Research,664
P11363,S04776,Research,689
P11364,S00586,Writing,269
P11365,S03031,Business,651
P11366,S04542,Learning,611
P11367,S00134,Coding,392
P11368,S05967,Image Generation,618
P11369,S04214,Learning,490
P11370,S01070,Writing,650
P11371,S01408,Image Generation,406
P11372,S04779,Learning,415
P11373,S00692,Research,347
P11374,S02443,Learning,348
P11375,S03081,Business,487
P11376,S03461,Writing,301
P11377,S00158,Learning,648
P11378,S05835,Writing,304
P11379,S07048,Learning,120
P11380,S06100,Image Generation,192
P11381,S04907,Writing,369
P11382,S03486,Writing,390
P11383,S06051,Coding,619
P11384,S02496,Image Generation,128
P11385,S04640,Business,176
P11386,S04976,Business,489
P11387,S01612,Learning,741
P11388,S01245,Learning,152
P11389,S03395,Coding,90
P11390,S00153,Business,429
P11391,S02064,Writing,549
P11392,S02358,Learning,376
P11393,S04096,Coding,375
P11394,S06617,Image Generation,386
P11395,S00998,Research,359
P11396,S05428,Image Generation,74
P11397,S01340,Coding,515
P11398,S06530,Business,578
P11399,S02551,Image Generation,474
P11400,S07200,Coding,666
P11401,S04131,Image Generation,768
P11402,S04787,Coding,248
P11403,S05324,Image Generation,460
P11404,S01032,Writing,642
P11405,S05842,Research,218
P11406,S06892,Coding,181
P11407,S01665,Business,355
P11408,S06090,Business,446
P11409,S06573,Writing,221
P11410,S00654,Research,501
P11411,S02464,Coding,239
P11412,S06279,Business,511
P11413,S05683,Writing,319
P11414,S01623,Image Generation,751
P11415,S01117,Learning,654
P11416,S02314,Learning,434
P11417,S01613,Writing,587
P11418,S04488,Learning,647
P11419,S04212,Business,638
P11420,S07217,Image Generation,464
P11421,S01245,Research,232
P11422,S04952,Writing,588
P11423,S05373,Business,735
P11424,S03505,Writing,332
P11425,S00786,Business,85
P11426,S03220,Writing,73
P11427,S03868,Research,725
P11428,S05363,Writing,572
P11429,S03825,Research,629
P11430,S07333,Image Generation,712
P11431,S04935,Business,318
P11432,S06847,Business,395
P11433,S06834,Coding,648
P11434,S07033,Writing,519
P11435,S01195,Image Generation,452
P11436,S04809,Image Generation,193
P11437,S00170,Writing,368
P11438,S04797,Learning,237
P11439,S01706,Business,552
P11440,S06770,Coding,705
P11441,S07043,Business,788
P11442,S07235,Learning,558
P11443,S06408,Learning,175
P11444,S02424,Writing,718
P11445,S03199,Image Generation,617
P11446,S07390,Coding,464
P11447,S01765,Learning,789
P11448,S04830,Writing,351
P11449,S01746,Research,716
P11450,S06747,Learning,72
P11451,S04690,Writing,765
P11452,S01250,Coding,666
P11453,S07164,Research,794
P11454,S01682,Image Generation,104
P11455,S02015,Research,200
P11456,S03642,Learning,583
P11457,S06877,Business,246
P11458,S02624,Writing,288
P11459,S02325,Coding,308
P11460,S03998,Coding,297
P11461,S05610,Research,214
P11462,S03043,Coding,560
P11463,S04738,Coding,424
P11464,S05516,Image Generation,400
P11465,S07131,Research,708
P11466,S06128,Research,302
P11467,S03651,Business,170
P11468,S01361,Coding,63
P11469,S02965,Learning,282
P11470,S00969,Business,778
P11471,S03104,Research,798
P11472,S00298,Writing,287
P11473,S00893,Image Generation,234
P11474,S03547,Coding,756
P11475,S07084,Image Generation,735
P11476,S06744,Writing,271
P11477,S00747,Writing,423
P11478,S04701,Image Generation,290
P11479,S05967,Research,695
P11480,S04077,Learning,345
P11481,S00209,Coding,107
P11482,S00331,Business,464
P11483,S06966,Learning,781
P11484,S00305,Writing,262
P11485,S06547,Coding,763
P11486,S04324,Business,336
P11487,S02189,Coding,314
P11488,S01886,Learning,280
P11489,S01139,Business,631
P11490,S04042,Research,277
P11491,S03108,Learning,470
P11492,S07289,Research,727
P11493,S06884,Learning,128
P11494,S00187,Image Generation,247
P11495,S00014,Writing,194
P11496,S04311,Writing,782
P11497,S07106,Writing,701
P11498,S04956,Learning,565
P11499,S00397,Image Generation,385
P11500,S00204,Research,499
P11501,S00801,Writing,319
P11502,S00119,Coding,711
P11503,S00442,Business,353
P11504,S04407,Image Generation,717
P11505,S04632,Business,780
P11506,S04954,Coding,569
P11507,S07165,Coding,273
P11508,S01289,Learning,714
P11509,S00251,Coding,162
P11510,S03486,Learning,262
P11511,S03123,Coding,155
P11512,S06866,Writing,216
P11513,S05676,Research,224
P11514,S02096,Image Generation,317
P11515,S06298,Research,550
P11516,S02126,Learning,711
P11517,S03435,Business,192
P11518,S06820,Learning,627
P11519,S01556,Learning,421
P11520,S05460,Image Generation,528
P11521,S06791,Image Generation,769
P11522,S01045,Business,419
P11523,S04605,Coding,685
P11524,S05983,Research,281
P11525,S00282,Business,678
P11526,S04903,Business,690
P11527,S06950,Image Generation,706
P11528,S05439,Research,473
P11529,S06245,Business,495
P11530,S06808,Coding,140
P11531,S00777,Learning,465
P11532,S06380,Learning,262
P11533,S02900,Business,771
P11534,S00496,Learning,323
P11535,S01319,Business,733
P11536,S00072,Research,60
P11537,S01241,Coding,116
P11538,S05130,Image Generation,188
P11539,S02459,Learning,601
P11540,S01010,Writing,576
P11541,S00576,Learning,781
P11542,S07035,Business,596
P11543,S05457,Image Generation,626
P11544,S01040,Research,743
P11545,S00098,Coding,531
P11546,S03481,Business,613
P11547,S05004,Writing,523
P11548,S03685,Image Generation,342
P11549,S04634,Learning,517
P11550,S05436,Business,676
P11551,S03064,Learning,712
P11552,S01043,Image Generation,105
P11553,S06477,Research,644
P11554,S02732,Image Generation,225
P11555,S05999,Business,578
P11556,S05525,Image Generation,717
P11557,S03101,Research,800
P11558,S06817,Image Generation,595
P11559,S05387,Image Generation,349
P11560,S01276,Image Generation,176
P11561,S05479,Coding,243
P11562,S04338,Learning,383
P11563,S04092,Writing,724
P11564,S02458,Research,670
P11565,S02521,Learning,563
P11566,S00178,Research,457
P11567,S01433,Business,610
P11568,S01579,Learning,486
P11569,S01836,Business,242
P11570,S04614,Business,556
P11571,S04478,Learning,76
P11572,S00925,Coding,476
P11573,S00625,Image Generation,489
P11574,S01631,Learning,97
P11575,S02321,Learning,629
P11576,S01287,Coding,631
P11577,S00166,Image Generation,136
P11578,S02715,Business,142
P11579,S06923,Image Generation,396
P11580,S03114,Writing,108
P11581,S06278,Coding,634
P11582,S01398,Learning,751
P11583,S03565,Writing,398
P11584,S04217,Image Generation,468
P11585,S01458,Image Generation,233
P11586,S01797,Coding,579
P11587,S06542,Business,529
P11588,S01916,Learning,328
P11589,S06505,Business,407
P11590,S01427,Writing,763
P11591,S04057,Business,639
P11592,S00534,Coding,537
P11593,S00677,Coding,414
P11594,S00632,Writing,620
P11595,S02713,Writing,473
P11596,S04728,Coding,513
P11597,S04045,Writing,150
P11598,S07160,Research,457
P11599,S06610,Learning,316
P11600,S00813,Business,272
P11601,S05265,Research,580
P11602,S02183,Research,727
P11603,S04681,Coding,454
P11604,S06852,Learning,588
P11605,S03410,Learning,652
P11606,S06987,Image Generation,192
P11607,S00454,Business,615
P11608,S04604,Business,505
P11609,S06206,Business,447
P11610,S03828,Business,305
P11611,S03965,Writing,607
P11612,S04376,Research,589
P11613,S03064,Writing,385
P11614,S05423,Research,72
P11615,S02289,Writing,500
P11616,S00012,Research,637
P11617,S06758,Learning,463
P11618,S07373,Business,651
P11619,S05496,Writing,442
P11620,S03402,Coding,590
P11621,S04177,Image Generation,525
P11622,S00856,Writing,211
P11623,S05950,Learning,302
P11624,S07345,Writing,204
P11625,S03102,Writing,398
P11626,S04951,Learning,366
P11627,S03344,Research,479
P11628,S05458,Research,367
P11629,S02389,Image Generation,479
P11630,S01852,Learning,612
P11631,S04172,Writing,667
P11632,S06533,Image Generation,352
P11633,S05685,Learning,649
P11634,S01613,Business,413
P11635,S05483,Coding,198
P11636,S07105,Research,147
P11637,S05781,Research,205
P11638,S01736,Learning,275
P11639,S06524,Writing,549
P11640,S04923,Research,171
P11641,S04482,Coding,658
P11642,S03388,Business,430
P11643,S02630,Writing,704
P11644,S02214,Research,762
P11645,S04130,Business,414
P11646,S02954,Writing,708
P11647,S06029,Research,619
P11648,S01924,Research,500
P11649,S04800,Learning,190
P11650,S02632,Business,259
P11651,S01692,Coding,113
P11652,S04337,Writing,258
P11653,S01315,Research,532
P11654,S06840,Image Generation,775
P11655,S00204,Learning,266
P11656,S02094,Writing,724
P11657,S05483,Coding,632
P11658,S03676,Coding,651
P11659,S03053,Learning,77
P11660,S04460,Image Generation,394
P11661,S01593,Writing,525
P11662,S03763,Image Generation,451
P11663,S03483,Image Generation,415
P11664,S07392,Business,295
P11665,S01505,Image Generation,234
P11666,S02971,Research,237
P11667,S07279,Coding,120
P11668,S01558,Learning,234
P11669,S04044,Image Generation,749
P11670,S01483,Learning,297
P11671,S02764,Research,402
P11672,S02882,Writing,207
P11673,S01114,Business,781
P11674,S06786,Writing,794
P11675,S06121,Learning,608
P11676,S02305,Business,257
P11677,S00845,Learning,399
P11678,S04065,Writing,144
P11679,S07094,Coding,472
P11680,S05772,Image Generation,657
P11681,S02024,Image Generation,109
P11682,S04064,Business,532
P11683,S01849,Learning,607
P11684,S00683,Business,544
P11685,S00232,Business,300
P11686,S07136,Research,723
P11687,S00647,Learning,439
P11688,S02059,Learning,502
P11689,S02151,Writing,158
P11690,S02054,Coding,563
P11691,S01575,Image Generation,713
P11692,S02534,Learning,280
P11693,S01776,Writing,743
P11694,S00802,Learning,329
P11695,S02242,Writing,724
P11696,S02912,Business,469
P11697,S01039,Writing,123
P11698,S00135,Image Generation,768
P11699,S05482,Research,146
P11700,S07231,Learning,98
P11701,S01476,Business,453
P11702,S05977,Writing,637
P11703,S06610,Business,245
P11704,S00838,Coding,225
P11705,S02067,Image Generation,519
P11706,S03341,Learning,515
P11707,S02374,Image Generation,510
P11708,S00819,Research,659
P11709,S00864,Business,702
P11710,S01076,Coding,605
P11711,S05636,Image Generation,433
P11712,S01852,Learning,630
P11713,S04283,Learning,407
P11714,S06366,Image Generation,250
P11715,S06122,Image Generation,525
P11716,S01503,Learning,469
P11717,S04894,Image Generation,152
P11718,S05418,Research,198
P11719,S04433,Learning,144
P11720,S05853,Research,467
P11721,S04098,Learning,708
P11722,S05450,Image Generation,482
P11723,S06776,Research,513
P11724,S03240,Writing,724
P11725,S05473,Writing,333
P11726,S04579,Business,252
P11727,S01212,Coding,352
P11728,S05339,Learning,523
P11729,S05243,Coding,163
P11730,S01367,Business,514
P11731,S01523,Research,554
P11732,S07475,Coding,179
P11733,S06201,Business,722
P11734,S00905,Research,531
P11735,S02227,Coding,317
P11736,S07443,Image Generation,223
P11737,S03760,Image Generation,209
P11738,S00264,Writing,623
P11739,S04691,Image Generation,338
P11740,S01733,Research,530
P11741,S06327,Image Generation,292
P11742,S05435,Coding,420
P11743,S06845,Image Generation,708
P11744,S06469,Business,385
P11745,S06289,Business,334
P11746,S03898,Writing,301
P11747,S01007,Learning,433
P11748,S04648,Image Generation,80
P11749,S06579,Image Generation,432
P11750,S01600,Image Generation,59
P11751,S01000,Coding,771
P11752,S03052,Writing,725
P11753,S04925,Image Generation,157
P11754,S07486,Research,464
P11755,S07214,Research,553
P11756,S01353,Learning,616
P11757,S04177,Research,333
P11758,S07465,Coding,430
P11759,S07246,Business,50
P11760,S02293,Writing,259
P11761,S01590,Image Generation,125
P11762,S03051,Writing,409
P11763,S06580,Image Generation,149
P11764,S07499,Writing,544
P11765,S07135,Learning,586
P11766,S02580,Image Generation,334
P11767,S02438,Learning,640
P11768,S04569,Writing,105
P11769,S00529,Image Generation,124
P11770,S00655,Writing,246
P11771,S02207,Research,414
P11772,S03408,Learning,84
P11773,S00081,Coding,386
P11774,S02599,Image Generation,289
P11775,S01503,Research,146
P11776,S03101,Learning,393
P11777,S03767,Research,377
P11778,S02935,Image Generation,605
P11779,S04884,Writing,738
P11780,S03146,Coding,224
P11781,S05414,Writing,781
P11782,S03880,Image Generation,628
P11783,S02709,Writing,660
P11784,S05348,Coding,193
P11785,S03546,Research,158
P11786,S07464,Writing,372
P11787,S00732,Learning,72
P11788,S05261,Writing,589
P11789,S05028,Learning,510
P11790,S03019,Research,103
P11791,S03281,Business,472
P11792,S02987,Coding,658
P11793,S06441,Image Generation,568
P11794,S00811,Learning,432
P11795,S05337,Image Generation,682
P11796,S03890,Writing,411
P11797,S01319,Coding,748
P11798,S02823,Learning,599
P11799,S03571,Learning,726
P11800,S05997,Learning,643
P11801,S03250,Image Generation,622
P11802,S02884,Writing,230
P11803,S03466,Image Generation,354
P11804,S04377,Writing,772
P11805,S04772,Writing,263
P11806,S07100,Coding,579
P11807,S04647,Research,764
P11808,S03308,Image Generation,518
P11809,S01959,Learning,634
P11810,S03858,Research,136
P11811,S00276,Learning,760
P11812,S04524,Learning,694
P11813,S07403,Coding,241
P11814,S01371,Coding,559
P11815,S06502,Research,718
P11816,S00321,Business,639
P11817,S06331,Writing,770
P11818,S06202,Image Generation,307
P11819,S02730,Business,727
P11820,S03373,Image Generation,425
P11821,S00860,Coding,667
P11822,S03882,Learning,776
P11823,S06424,Writing,271
P11824,S06378,Coding,496
P11825,S03820,Learning,436
P11826,S07090,Image Generation,695
P11827,S01510,Research,547
P11828,S00115,Writing,523
P11829,S07225,Learning,502
P11830,S00254,Writing,52
P11831,S06625,Research,548
P11832,S00377,Image Generation,342
P11833,S06831,Learning,134
P11834,S01956,Coding,545
P11835,S07258,Coding,180
P11836,S03543,Image Generation,541
P11837,S07332,Business,265
P11838,S02658,Research,86
P11839,S01222,Image Generation,664
P11840,S04116,Business,775
P11841,S07170,Coding,480
P11842,S01940,Learning,677
P11843,S03011,Image Generation,92
P11844,S05827,Business,124
P11845,S02652,Learning,476
P11846,S02266,Business,638
P11847,S06390,Research,635
P11848,S05734,Research,716
P11849,S05219,Learning,150
P11850,S03017,Coding,361
P11851,S01169,Image Generation,304
P11852,S04096,Research,159
P11853,S02420,Writing,713
P11854,S07353,Research,349
P11855,S02849,Research,792
P11856,S05768,Research,54
P11857,S07188,Research,496
P11858,S02760,Business,527
P11859,S06180,Writing,478
P11860,S04051,Image Generation,429
P11861,S05267,Research,800
P11862,S02989,Business,295
P11863,S02993,Research,547
P11864,S00579,Research,161
P11865,S05618,Research,407
P11866,S03405,Coding,382
P11867,S05721,Coding,480
P11868,S06365,Business,656
P11869,S06308,Writing,361
P11870,S02375,Image Generation,262
P11871,S00737,Image Generation,568
P11872,S05273,Image Generation,595
P11873,S01891,Image Generation,703
P11874,S00709,Research,57
P11875,S00820,Business,261
P11876,S03636,Learning,134
P11877,S03420,Coding,337
P11878,S04795,Image Generation,660
P11879,S05775,Coding,428
P11880,S00933,Learning,386
P11881,S05939,Business,73
P11882,S05362,Research,269
P11883,S06705,Learning,327
P11884,S03580,Research,168
P11885,S04345,Business,251
P11886,S05256,Business,115
P11887,S00651,Coding,78
P11888,S05442,Learning,396
P11889,S00415,Learning,86
P11890,S01851,Coding,569
P11891,S02153,Image Generation,668
P11892,S02679,Research,134
P11893,S04787,Learning,519
P11894,S06046,Learning,390
P11895,S06432,Image Generation,105
P11896,S01426,Writing,725
P11897,S06465,Writing,273
P11898,S02985,Coding,337
P11899,S06571,Writing,505
P11900,S02701,Business,151
P11901,S06624,Writing,216
P11902,S01810,Business,644
P11903,S01157,Learning,747
P11904,S03834,Business,793
P11905,S04781,Coding,535
P11906,S00864,Image Generation,589
P11907,S05631,Learning,650
P11908,S05948,Coding,97
P11909,S06438,Image Generation,568
P11910,S04215,Business,222
P11911,S05151,Coding,259
P11912,S05729,Coding,314
P11913,S05068,Research,777
P11914,S01367,Research,433
P11915,S05452,Image Generation,703
P11916,S06527,Learning,173
P11917,S01229,Business,450
P11918,S02286,Business,273
P11919,S06552,Business,105
P11920,S04880,Image Generation,574
P11921,S01840,Business,704
P11922,S04561,Image Generation,366
P11923,S04954,Image Generation,464
P11924,S01345,Image Generation,423
P11925,S00631,Image Generation,652
P11926,S06357,Business,331
P11927,S05285,Writing,285
P11928,S02323,Research,298
P11929,S02671,Image Generation,313
P11930,S02700,Business,425
P11931,S01899,Business,74
P11932,S06114,Research,164
P11933,S06402,Business,672
P11934,S06870,Research,502
P11935,S03254,Writing,698
P11936,S06387,Image Generation,492
P11937,S07441,Image Generation,772
P11938,S04548,Research,124
P11939,S04926,Writing,144
P11940,S06169,Coding,238
P11941,S05505,Coding,756
P11942,S06149,Coding,703
P11943,S03474,Learning,251
P11944,S02843,Business,453
P11945,S06111,Learning,674
P11946,S04572,Learning,550
P11947,S01883,Business,794
P11948,S03729,Coding,224
P11949,S06307,Research,627
P11950,S05998,Coding,311
P11951,S05174,Research,469
P11952,S05847,Business,338
P11953,S04167,Learning,507
P11954,S06833,Business,448
P11955,S05956,Coding,499
P11956,S05902,Research,575
P11957,S03808,Learning,554
P11958,S05742,Writing,790
P11959,S02424,Business,350
P11960,S00130,Writing,147
P11961,S02333,Business,206
P11962,S03741,Business,676
P11963,S04096,Image Generation,719
P11964,S06143,Business,89
P11965,S01813,Coding,563
P11966,S01872,Research,163
P11967,S03682,Writing,326
P11968,S03510,Learning,326
P11969,S01136,Image Generation,351
P11970,S06208,Learning,668
P11971,S05053,Business,336
P11972,S05471,Coding,493
P11973,S03737,Research,490
P11974,S06689,Learning,645
P11975,S06631,Business,415
P11976,S03528,Coding,553
P11977,S00679,Image Generation,704
P11978,S03227,Research,730
P11979,S05340,Research,785
P11980,S05892,Image Generation,77
P11981,S06031,Learning,324
P11982,S07036,Business,80
P11983,S06858,Writing,737
P11984,S05005,Research,455
P11985,S07078,Coding,797
P11986,S01337,Coding,143
P11987,S02757,Research,473
P11988,S01015,Writing,572
P11989,S03325,Image Generation,275
P11990,S05371,Business,293
P11991,S05550,Image Generation,395
P11992,S02603,Writing,244
P11993,S00149,Writing,302
P11994,S01590,Business,397
P11995,S03900,Writing,148
P11996,S02606,Image Generation,619
P11997,S03968,Writing,275
P11998,S01341,Business,707
P11999,S03815,Image Generation,642
P12000,S01267,Research,716
P12001,S00499,Business,224
P12002,S03569,Writing,575
P12003,S07073,Research,589
P12004,S05565,Learning,706
P12005,S01735,Writing,104
P12006,S07326,Business,708
P12007,S05932,Coding,742
P12008,S01470,Writing,731
P12009,S07150,Image Generation,471
P12010,S04134,Writing,528
P12011,S06169,Research,430
P12012,S07216,Research,338
P12013,S00640,Image Generation,465
P12014,S00811,Image Generation,266
P12015,S07194,Image Generation,146
P12016,S05186,Business,711
P12017,S02926,Coding,69
P12018,S06512,Coding,400
P12019,S01246,Writing,541
P12020,S04282,Image Generation,640
P12021,S04429,Research,602
P12022,S03121,Coding,129
P12023,S04083,Research,214
P12024,S00819,Business,138
P12025,S00111,Research,109
P12026,S02845,Writing,661
P12027,S00212,Learning,793
P12028,S04316,Image Generation,544
P12029,S06788,Image Generation,644
P12030,S03167,Writing,383
P12031,S05876,Business,197
P12032,S00118,Business,483
P12033,S03582,Business,163
P12034,S04928,Writing,346
P12035,S02495,Writing,619
P12036,S04262,Writing,576
P12037,S03369,Research,339
P12038,S01577,Coding,353
P12039,S04074,Writing,422
P12040,S07367,Business,383
P12041,S05319,Learning,192
P12042,S01032,Business,80
P12043,S02681,Coding,50
P12044,S07063,Learning,476
P12045,S03712,Research,484
P12046,S03905,Business,701
P12047,S01673,Learning,150
P12048,S05576,Image Generation,491
P12049,S02112,Image Generation,703
P12050,S00803,Coding,589
P12051,S01920,Research,435
P12052,S05176,Business,120
P12053,S06996,Coding,549
P12054,S06410,Image Generation,402
P12055,S07334,Image Generation,333
P12056,S04105,Image Generation,526
P12057,S04029,Business,518
P12058,S05315,Business,413
P12059,S04744,Coding,626
P12060,S04049,Business,256
P12061,S04859,Coding,161
P12062,S05233,Research,296
P12063,S03478,Coding,306
P12064,S03747,Research,691
P12065,S00241,Research,350
P12066,S00288,Learning,299
P12067,S05666,Business,527
P12068,S00163,Business,171
P12069,S05925,Business,787
P12070,S05862,Image Generation,663
P12071,S05468,Learning,388
P12072,S04765,Coding,499
P12073,S04404,Business,359
P12074,S04892,Image Generation,588
P12075,S02918,Learning,786
P12076,S02297,Coding,170
P12077,S01960,Coding,139
P12078,S00418,Coding,424
P12079,S00050,Image Generation,312
P12080,S06320,Learning,79
P12081,S07379,Coding,415
P12082,S03405,Business,469
P12083,S05466,Image Generation,376
P12084,S01530,Image Generation,393
P12085,S00520,Research,296
P12086,S01930,Image Generation,274
P12087,S06347,Learning,400
P12088,S05337,Coding,363
P12089,S05255,Research,306
P12090,S00577,Learning,654
P12091,S00166,Learning,617
P12092,S04839,Learning,263
P12093,S05911,Research,360
P12094,S03492,Coding,496
P12095,S01401,Writing,275
P12096,S04898,Research,229
P12097,S02763,Research,156
P12098,S03702,Business,686
P12099,S04092,Learning,630
P12100,S03934,Learning,547
P12101,S00608,Research,389
P12102,S02986,Image Generation,516
P12103,S02672,Learning,161
P12104,S06118,Learning,102
P12105,S01530,Learning,97
P12106,S05881,Learning,720
P12107,S06667,Coding,590
P12108,S01650,Business,71
P12109,S03767,Learning,270
P12110,S04770,Image Generation,69
P12111,S06514,Image Generation,352
P12112,S04389,Writing,424
P12113,S06298,Writing,129
P12114,S03571,Writing,527
P12115,S04863,Business,739
P12116,S04355,Image Generation,52
P12117,S04941,Research,411
P12118,S03430,Research,663
P12119,S04821,Image Generation,359
P12120,S04134,Business,123
P12121,S05495,Writing,586
P12122,S02856,Writing,67
P12123,S00186,Writing,544
P12124,S02734,Image Generation,544
P12125,S02345,Coding,245
P12126,S06150,Writing,94
P12127,S06654,Research,523
P12128,S07398,Writing,240
P12129,S05947,Image Generation,667
P12130,S04537,Business,328
P12131,S02186,Coding,97
P12132,S06734,Writing,495
P12133,S05047,Image Generation,367
P12134,S06437,Image Generation,352
P12135,S03750,Learning,431
P12136,S05411,Image Generation,92
P12137,S04042,Writing,115
P12138,S00023,Business,659
P12139,S04946,Business,75
P12140,S04777,Business,320
P12141,S04679,Business,148
P12142,S06308,Research,771
P12143,S04537,Writing,595
P12144,S03097,Business,161
P12145,S00247,Learning,650
P12146,S07186,Writing,699
P12147,S06419,Image Generation,91
P12148,S02613,Coding,670
P12149,S02521,Business,782
P12150,S04972,Business,712
P12151,S00467,Research,703
P12152,S03341,Research,739
P12153,S00283,Writing,383
P12154,S05244,Business,440
P12155,S04788,Research,620
P12156,S00774,Research,575
P12157,S00161,Coding,564
P12158,S06298,Learning,54
P12159,S04631,Writing,282
P12160,S06336,Image Generation,495
P12161,S06351,Learning,396
P12162,S06282,Learning,711
P12163,S02086,Business,185
P12164,S00687,Coding,435
P12165,S07138,Business,671
P12166,S02922,Image Generation,772
P12167,S01220,Image Generation,649
P12168,S01921,Writing,339
P12169,S05192,Writing,668
P12170,S01572,Writing,397
P12171,S04854,Business,512
P12172,S05483,Coding,388
P12173,S01639,Learning,183
P12174,S04622,Writing,496
P12175,S00085,Learning,214
P12176,S00781,Research,190
P12177,S00302,Writing,174
P12178,S03734,Business,789
P12179,S05758,Writing,116
P12180,S05393,Research,242
P12181,S03717,Image Generation,584
P12182,S00239,Writing,594
P12183,S07320,Research,329
P12184,S06120,Learning,178
P12185,S06400,Research,614
P12186,S03727,Writing,494
P12187,S02100,Coding,325
P12188,S06651,Business,332
P12189,S01468,Image Generation,731
P12190,S06523,Learning,586
P12191,S04239,Learning,660
P12192,S02064,Business,579
P12193,S05038,Research,331
P12194,S03725,Image Generation,675
P12195,S07120,Research,677
P12196,S05932,Coding,323
P12197,S04544,Image Generation,244
P12198,S01716,Learning,507
P12199,S02010,Image Generation,150
P12200,S06660,Research,50
P12201,S01096,Coding,590
P12202,S03433,Coding,406
P12203,S00859,Coding,742
P12204,S05551,Learning,521
P12205,S03327,Coding,517
P12206,S04154,Business,240
P12207,S00302,Learning,236
P12208,S04879,Learning,623
P12209,S06634,Image Generation,114
P12210,S00550,Learning,257
P12211,S02896,Writing,319
P12212,S01099,Coding,519
P12213,S04609,Research,253
P12214,S04809,Writing,740
P12215,S00377,Research,274
P12216,S00714,Learning,545
P12217,S02122,Writing,657
P12218,S03745,Coding,690
P12219,S05014,Business,504
P12220,S02923,Learning,755
P12221,S07356,Coding,384
P12222,S05000,Research,307
P12223,S05658,Business,468
P12224,S04058,Business,627
P12225,S02559,Learning,76
P12226,S07143,Business,389
P12227,S04206,Business,489
P12228,S02996,Image Generation,305
P12229,S03928,Research,84
P12230,S00587,Business,576
P12231,S00052,Learning,745
P12232,S07287,Business,392
P12233,S01658,Learning,649
P12234,S02302,Business,770
P12235,S07363,Coding,733
P12236,S01212,Business,364
P12237,S02041,Research,406
P12238,S06488,Research,314
P12239,S01163,Business,782
P12240,S05739,Coding,61
P12241,S00144,Writing,68
P12242,S03293,Coding,645
P12243,S06020,Learning,552
P12244,S01395,Business,698
P12245,S04307,Writing,781
P12246,S07132,Coding,240
P12247,S04790,Business,516
P12248,S04348,Business,641
P12249,S04645,Coding,393
P12250,S05013,Image Generation,333
P12251,S04645,Image Generation,347
P12252,S01576,Business,214
P12253,S04701,Image Generation,740
P12254,S02274,Writing,228
P12255,S03103,Business,155
P12256,S04869,Research,498
P12257,S04960,Business,651
P12258,S00316,Business,365
P12259,S07365,Business,87
P12260,S02515,Business,390
P12261,S02502,Business,355
P12262,S03989,Image Generation,404
P12263,S05729,Coding,467
P12264,S06889,Coding,65
P12265,S00703,Learning,609
P12266,S03506,Learning,429
P12267,S00740,Research,663
P12268,S01188,Business,365
P12269,S03388,Image Generation,277
P12270,S04721,Learning,693
P12271,S02643,Writing,151
P12272,S00658,Research,590
P12273,S01088,Coding,91
P12274,S00318,Learning,95
P12275,S03675,Business,450
P12276,S01901,Business,151
P12277,S02898,Coding,315
P12278,S04064,Writing,578
P12279,S05187,Image Generation,331
P12280,S07187,Writing,437
P12281,S02516,Writing,296
P12282,S04416,Coding,61
P12283,S01833,Writing,213
P12284,S05065,Writing,64
P12285,S05085,Research,95
P12286,S07224,Writing,549
P12287,S03075,Business,713
P12288,S04450,Research,552
P12289,S04498,Learning,678
P12290,S05093,Learning,550
P12291,S06942,Coding,453
P12292,S05365,Coding,229
P12293,S06651,Coding,650
P12294,S03951,Writing,327
P12295,S04496,Research,644
P12296,S07011,Business,330
P12297,S01852,Image Generation,685
P12298,S00303,Business,381
P12299,S01701,Learning,264
P12300,S00545,Business,234
P12301,S00347,Coding,538
P12302,S06180,Image Generation,513
P12303,S00954,Research,82
P12304,S02566,Image Generation,69
P12305,S01026,Coding,432
P12306,S01499,Coding,210
P12307,S06123,Image Generation,709
P12308,S04963,Image Generation,582
P12309,S05253,Coding,271
P12310,S03203,Learning,585
P12311,S00579,Research,450
P12312,S07236,Coding,392
P12313,S06857,Writing,352
P12314,S05484,Coding,405
P12315,S00438,Image Generation,586
P12316,S00600,Writing,599
P12317,S06499,Business,215
P12318,S04401,Learning,535
P12319,S05041,Research,601
P12320,S01995,Research,553
P12321,S02890,Research,609
P12322,S03704,Coding,634
P12323,S01948,Business,428
P12324,S01978,Writing,646
P12325,S04609,Business,728
P12326,S06395,Business,551
P12327,S02427,Image Generation,198
P12328,S01758,Learning,155
P12329,S02698,Writing,510
P12330,S00340,Research,284
P12331,S02850,Learning,195
P12332,S00468,Research,639
P12333,S06576,Learning,737
P12334,S06144,Business,418
P12335,S03751,Research,143
P12336,S06901,Learning,753
P12337,S05321,Writing,751
P12338,S02104,Coding,140
P12339,S03625,Business,640
P12340,S06193,Image Generation,562
P12341,S01748,Coding,568
P12342,S06173,Coding,550
P12343,S02203,Image Generation,357
P12344,S01453,Learning,656
P12345,S04556,Writing,474
P12346,S01711,Learning,693
P12347,S04518,Image Generation,211
P12348,S01652,Image Generation,616
P12349,S06753,Research,105
P12350,S04791,Learning,781
P12351,S06322,Coding,268
P12352,S07462,Coding,521
P12353,S05667,Business,782
P12354,S06174,Learning,348
P12355,S04975,Business,765
P12356,S05421,Research,556
P12357,S05466,Writing,472
P12358,S00881,Business,516
P12359,S00378,Research,487
P12360,S00126,Business,614
P12361,S05539,Image Generation,274
P12362,S07474,Learning,619
P12363,S02862,Research,693
P12364,S02712,Writing,703
P12365,S02630,Writing,163
P12366,S07385,Image Generation,699
P12367,S01028,Learning,572
P12368,S06433,Learning,323
P12369,S04320,Business,533
P12370,S01288,Research,543
P12371,S02784,Learning,683
P12372,S03532,Business,641
P12373,S04348,Coding,158
P12374,S06746,Learning,126
P12375,S02328,Image Generation,452
P12376,S06327,Business,444
P12377,S06526,Learning,283
P12378,S05245,Research,469
P12379,S02047,Business,373
P12380,S04120,Writing,762
P12381,S03706,Business,569
P12382,S02841,Coding,369
P12383,S06280,Research,444
P12384,S01209,Business,236
P12385,S06827,Image Generation,753
P12386,S03751,Business,147
P12387,S00249,Business,610
P12388,S07064,Business,359
P12389,S04631,Coding,536
P12390,S04761,Writing,405
P12391,S06417,Business,105
P12392,S00156,Coding,680
P12393,S05023,Research,583
P12394,S05130,Business,275
P12395,S02008,Writing,231
P12396,S04307,Image Generation,479
P12397,S03983,Coding,380
P12398,S06721,Image Generation,770
P12399,S02648,Research,651
P12400,S07078,Business,241
P12401,S00745,Research,609
P12402,S00483,Coding,680
P12403,S03533,Writing,777
P12404,S00837,Business,473
P12405,S04939,Writing,75
P12406,S06114,Research,772
P12407,S02320,Writing,584
P12408,S00219,Image Generation,54
P12409,S03139,Coding,99
P12410,S06058,Research,354
P12411,S07273,Coding,746
P12412,S01749,Coding,646
P12413,S00709,Coding,429
P12414,S05479,Writing,299
P12415,S02339,Research,130
P12416,S02697,Learning,155
P12417,S04527,Coding,130
P12418,S06214,Coding,600
P12419,S06124,Image Generation,506
P12420,S02471,Research,64
P12421,S04310,Coding,540
P12422,S03786,Writing,320
P12423,S05425,Research,322
P12424,S00088,Research,434
P12425,S03183,Writing,471
P12426,S00832,Coding,103
P12427,S00830,Coding,767
P12428,S06010,Coding,329
P12429,S07278,Coding,109
P12430,S00078,Image Generation,446
P12431,S01779,Coding,315
P12432,S03986,Writing,256
P12433,S04632,Learning,459
P12434,S01949,Image Generation,613
P12435,S07431,Coding,576
P12436,S06915,Image Generation,423
P12437,S04794,Research,221
P12438,S00217,Learning,248
P12439,S05526,Coding,78
P12440,S05271,Learning,141
P12441,S00348,Learning,521
P12442,S04778,Image Generation,261
P12443,S06144,Image Generation,273
P12444,S03228,Learning,709
P12445,S05657,Business,403
P12446,S00521,Business,186
P12447,S02931,Research,734
P12448,S01647,Learning,602
P12449,S03335,Learning,556
P12450,S03378,Image Generation,796
P12451,S02504,Business,207
P12452,S04875,Business,681
P12453,S04566,Writing,422
P12454,S03232,Learning,106
P12455,S04875,Coding,698
P12456,S03826,Image Generation,604
P12457,S06366,Coding,81
P12458,S05776,Research,622
P12459,S02702,Image Generation,678
P12460,S01189,Business,356
P12461,S01156,Coding,290
P12462,S02752,Business,547
P12463,S01255,Writing,539
P12464,S00673,Business,116
P12465,S00843,Business,280
P12466,S02362,Writing,186
P12467,S05535,Coding,278
P12468,S04746,Writing,697
P12469,S03751,Business,747
P12470,S05488,Learning,733
P12471,S00325,Image Generation,554
P12472,S04587,Image Generation,700
P12473,S05668,Writing,335
P12474,S06485,Coding,424
P12475,S00801,Writing,322
P12476,S01556,Coding,755
P12477,S01793,Research,298
P12478,S03109,Learning,186
P12479,S02485,Image Generation,641
P12480,S07345,Image Generation,546
P12481,S00744,Research,674
P12482,S00810,Image Generation,407
P12483,S03338,Business,123
P12484,S03394,Image Generation,699
P12485,S06053,Research,506
P12486,S06853,Business,167
P12487,S07183,Coding,404
P12488,S00397,Learning,174
P12489,S05108,Research,236
P12490,S03976,Business,97
P12491,S00790,Learning,648
P12492,S03224,Image Generation,457
P12493,S04926,Research,624
P12494,S06595,Learning,87
P12495,S05710,Learning,461
P12496,S01598,Writing,621
P12497,S05775,Coding,225
P12498,S03112,Business,284
P12499,S07250,Image Generation,221
P12500,S06733,Coding,436
P12501,S01210,Research,190
P12502,S02477,Business,457
P12503,S05412,Business,606
P12504,S03543,Coding,658
P12505,S02889,Business,311
P12506,S06168,Image Generation,621
P12507,S06138,Coding,519
P12508,S05777,Research,141
P12509,S03601,Image Generation,705
P12510,S04662,Business,367
P12511,S01297,Learning,321
P12512,S03782,Learning,670
P12513,S04254,Business,567
P12514,S00161,Research,287
P12515,S00344,Image Generation,604
P12516,S03495,Coding,429
P12517,S01863,Research,123
P12518,S04188,Image Generation,455
P12519,S01843,Writing,354
P12520,S02374,Learning,249
P12521,S06555,Learning,321
P12522,S03417,Coding,325
P12523,S02262,Coding,432
P12524,S05834,Research,385
P12525,S07222,Learning,747
P12526,S06987,Business,365
P12527,S04492,Learning,667
P12528,S07243,Research,278
P12529,S04258,Learning,587
P12530,S04244,Coding,75
P12531,S00060,Image Generation,384
P12532,S00149,Business,163
P12533,S06773,Business,304
P12534,S06078,Writing,484
P12535,S00693,Learning,225
P12536,S03733,Coding,651
P12537,S05450,Coding,490
P12538,S06509,Coding,780
P12539,S05992,Research,307
P12540,S01291,Image Generation,472
P12541,S02847,Research,336
P12542,S05032,Image Generation,788
P12543,S01077,Coding,132
P12544,S07284,Research,80
P12545,S02492,Research,713
P12546,S01302,Coding,146
P12547,S01899,Writing,455
P12548,S03998,Research,729
P12549,S01260,Coding,283
P12550,S01027,Writing,392
P12551,S00809,Coding,356
P12552,S03817,Learning,384
P12553,S03714,Coding,386
P12554,S03734,Business,798
P12555,S04885,Coding,520
P12556,S02093,Business,721
P12557,S07339,Writing,215
P12558,S05094,Business,561
P12559,S02193,Business,702
P12560,S03229,Business,63
P12561,S06739,Image Generation,158
P12562,S03316,Writing,309
P12563,S00799,Research,186
P12564,S05190,Coding,190
P12565,S07168,Coding,725
P12566,S04821,Research,678
P12567,S02498,Coding,557
P12568,S03595,Coding,116
P12569,S06336,Learning,290
P12570,S00236,Learning,431
P12571,S00178,Business,170
P12572,S04225,Research,151
P12573,S03578,Writing,427
P12574,S05422,Business,745
P12575,S01570,Writing,224
P12576,S04264,Research,581
P12577,S06682,Research,230
P12578,S04085,Research,690
P12579,S04103,Writing,332
P12580,S01424,Image Generation,587
P12581,S02520,Image Generation,741
P12582,S03087,Research,498
P12583,S07090,Business,698
P12584,S01081,Image Generation,205
P12585,S00231,Writing,583
P12586,S07251,Learning,430
P12587,S02370,Image Generation,407
P12588,S06858,Learning,511
P12589,S02392,Learning,606
P12590,S05257,Writing,555
P12591,S06623,Writing,71
P12592,S06826,Research,497
P12593,S00970,Learning,96
P12594,S00195,Business,65
P12595,S00215,Writing,394
P12596,S03958,Learning,51
P12597,S03603,Coding,276
P12598,S02325,Coding,621
P12599,S00433,Image Generation,769
P12600,S04930,Image Generation,575
P12601,S02925,Writing,77
P12602,S05012,Business,571
P12603,S04553,Coding,671
P12604,S01236,Research,615
P12605,S04830,Coding,308
P12606,S07368,Writing,655
P12607,S03354,Learning,646
P12608,S03698,Research,567
P12609,S04847,Learning,783
P12610,S06563,Coding,414
P12611,S01358,Writing,351
P12612,S04142,Business,605
P12613,S05589,Writing,521
P12614,S00840,Business,744
P12615,S00605,Image Generation,142
P12616,S05697,Writing,387
P12617,S04334,Writing,161
P12618,S07302,Writing,155
P12619,S05261,Business,342
P12620,S01335,Coding,519
P12621,S06690,Writing,150
P12622,S00625,Coding,393
P12623,S00168,Writing,690
P12624,S07131,Writing,398
P12625,S07341,Business,114
P12626,S07261,Writing,446
P12627,S05965,Business,235
P12628,S05891,Learning,73
P12629,S00516,Learning,291
P12630,S05205,Coding,453
P12631,S00414,Learning,792
P12632,S06482,Image Generation,246
P12633,S03067,Learning,124
P12634,S05974,Coding,598
P12635,S02319,Image Generation,716
P12636,S04355,Coding,555
P12637,S00104,Business,342
P12638,S05126,Research,198
P12639,S05695,Coding,408
P12640,S04749,Writing,443
P12641,S02638,Writing,633
P12642,S06690,Learning,111
P12643,S02209,Writing,714
P12644,S00366,Writing,738
P12645,S07053,Image Generation,237
P12646,S00911,Writing,411
P12647,S02925,Learning,676
P12648,S03406,Research,87
P12649,S00634,Business,434
P12650,S05811,Research,300
P12651,S01122,Image Generation,235
P12652,S05020,Learning,457
P12653,S01977,Writing,154
P12654,S03118,Learning,573
P12655,S00405,Learning,452
P12656,S04200,Research,180
P12657,S01353,Coding,256
P12658,S00613,Business,135
P12659,S04152,Business,270
P12660,S05775,Research,642
P12661,S06467,Image Generation,194
P12662,S03433,Learning,143
P12663,S06280,Image Generation,433
P12664,S01170,Research,393
P12665,S04044,Writing,417
P12666,S04390,Image Generation,770
P12667,S01433,Research,142
P12668,S06600,Learning,321
P12669,S01111,Image Generation,367
P12670,S04530,Business,69
P12671,S03604,Business,791
P12672,S01855,Coding,630
P12673,S05897,Research,258
P12674,S03832,Image Generation,229
P12675,S06690,Research,674
P12676,S06975,Writing,240
P12677,S02918,Research,495
P12678,S05576,Research,718
P12679,S02992,Image Generation,347
P12680,S02030,Business,395
P12681,S02084,Coding,554
P12682,S05529,Image Generation,172
P12683,S03428,Business,561
P12684,S02880,Writing,709
P12685,S06129,Writing,341
P12686,S02136,Business,293
P12687,S05061,Image Generation,755
P12688,S00345,Learning,60
P12689,S00328,Research,488
P12690,S00277,Image Generation,535
P12691,S02452,Learning,209
P12692,S01315,Image Generation,380
P12693,S02172,Writing,320
P12694,S06896,Business,589
P12695,S00105,Writing,729
P12696,S05294,Writing,71
P12697,S01823,Learning,717
P12698,S02617,Image Generation,446
P12699,S00022,Business,77
P12700,S04934,Coding,322
P12701,S04451,Image Generation,343
P12702,S05179,Learning,673
P12703,S02721,Writing,385
P12704,S00250,Business,128
P12705,S06582,Image Generation,534
P12706,S07140,Business,140
P12707,S00039,Research,280
P12708,S01353,Image Generation,94
P12709,S06638,Business,244
P12710,S00656,Research,584
P12711,S04166,Writing,458
P12712,S07130,Image Generation,564
P12713,S04256,Writing,636
P12714,S03516,Coding,299
P12715,S03138,Coding,471
P12716,S00603,Business,258
P12717,S00636,Business,427
P12718,S01061,Learning,497
P12719,S02687,Coding,389
P12720,S03542,Learning,296
P12721,S04568,Business,717
P12722,S04676,Coding,789
P12723,S03425,Research,714
P12724,S06030,Business,797
P12725,S02479,Image Generation,632
P12726,S05922,Writing,518
P12727,S03685,Writing,799
P12728,S06895,Learning,112
P12729,S01517,Learning,444
P12730,S03224,Coding,378
P12731,S06591,Learning,659
P12732,S06544,Business,206
P12733,S01950,Business,156
P12734,S03727,Writing,237
P12735,S06762,Business,643
P12736,S06987,Business,345
P12737,S00772,Business,579
P12738,S01490,Writing,424
P12739,S01476,Image Generation,665
P12740,S05391,Learning,610
P12741,S03258,Research,266
P12742,S00338,Coding,533
P12743,S04539,Coding,710
P12744,S01771,Business,418
P12745,S02895,Business,584
P12746,S02764,Image Generation,503
P12747,S02661,Image Generation,311
P12748,S00393,Research,663
P12749,S01934,Coding,552
P12750,S06712,Coding,699
P12751,S00430,Business,502
P12752,S07066,Writing,271
P12753,S04527,Image Generation,297
P12754,S05273,Image Generation,112
P12755,S04296,Image Generation,558
P12756,S03942,Image Generation,102
P12757,S00947,Coding,81
P12758,S00918,Research,470
P12759,S02358,Learning,480
P12760,S06714,Image Generation,473
P12761,S06850,Image Generation,376
P12762,S03632,Writing,685
P12763,S06750,Learning,610
P12764,S03110,Research,103
P12765,S04423,Coding,523
P12766,S04083,Business,222
P12767,S05818,Research,124
P12768,S02882,Business,783
P12769,S06487,Coding,732
P12770,S04371,Coding,378
P12771,S04254,Coding,374
P12772,S04036,Coding,394
P12773,S07428,Coding,740
P12774,S03093,Research,534
P12775,S04369,Coding,165
P12776,S03548,Image Generation,166
P12777,S06872,Writing,253
P12778,S04989,Learning,262
P12779,S06133,Coding,358
P12780,S01152,Writing,259
P12781,S00605,Business,491
P12782,S01425,Coding,545
P12783,S04665,Business,603
P12784,S00991,Coding,595
P12785,S00756,Business,467
P12786,S04131,Image Generation,119
P12787,S03078,Writing,135
P12788,S04790,Business,772
P12789,S04969,Writing,134
P12790,S03296,Business,608
P12791,S02236,Business,657
P12792,S00487,Business,251
P12793,S04217,Writing,508
P12794,S06962,Learning,445
P12795,S07383,Learning,674
P12796,S03672,Writing,289
P12797,S04366,Business,574
P12798,S03282,Coding,521
P12799,S01572,Learning,423
P12800,S06741,Image Generation,191
P12801,S06863,Learning,193
P12802,S00161,Writing,641
P12803,S05893,Research,764
P12804,S02848,Writing,61
P12805,S00872,Image Generation,458
P12806,S04670,Business,516
P12807,S04922,Writing,622
P12808,S03737,Learning,624
P12809,S06363,Research,87
P12810,S03611,Business,507
P12811,S03895,Writing,72
P12812,S06673,Research,165
P12813,S00606,Research,770
P12814,S04435,Learning,415
P12815,S06769,Coding,796
P12816,S01564,Business,756
P12817,S06520,Learning,593
P12818,S05504,Writing,724
P12819,S07419,Business,599
P12820,S05144,Learning,166
P12821,S03581,Coding,158
P12822,S01432,Image Generation,252
P12823,S04523,Coding,128
P12824,S00648,Coding,201
P12825,S03249,Research,685
P12826,S03911,Image Generation,112
P12827,S04702,Business,139
P12828,S04858,Coding,520
P12829,S06703,Business,356
P12830,S02767,Research,369
P12831,S05882,Image Generation,726
P12832,S00700,Business,400
P12833,S03524,Coding,799
P12834,S06192,Image Generation,497
P12835,S07207,Business,104
P12836,S02062,Coding,184
P12837,S00032,Coding,237
P12838,S02450,Writing,297
P12839,S00572,Image Generation,193
P12840,S07299,Writing,511
P12841,S01428,Coding,709
P12842,S06713,Writing,612
P12843,S02461,Image Generation,221
P12844,S02954,Learning,786
P12845,S01901,Research,489
P12846,S05336,Coding,518
P12847,S06738,Business,582
P12848,S01684,Writing,726
P12849,S04328,Image Generation,709
P12850,S02445,Learning,122
P12851,S07161,Research,606
P12852,S07127,Writing,388
P12853,S00973,Learning,617
P12854,S05125,Research,226
P12855,S06455,Coding,787
P12856,S00633,Learning,729
P12857,S04319,Writing,772
P12858,S05900,Coding,795
P12859,S01221,Image Generation,329
P12860,S07476,Image Generation,770
P12861,S04696,Writing,102
P12862,S03461,Research,444
P12863,S03525,Coding,461
P12864,S04782,Business,138
P12865,S07158,Coding,269
P12866,S02317,Image Generation,296
P12867,S00267,Writing,465
P12868,S04051,Image Generation,775
P12869,S01560,Coding,554
P12870,S06803,Coding,598
P12871,S00641,Writing,560
P12872,S01806,Writing,787
P12873,S06295,Learning,275
P12874,S02485,Writing,556
P12875,S00212,Coding,82
P12876,S05882,Coding,271
P12877,S04959,Business,62
P12878,S01757,Coding,63
P12879,S04090,Learning,597
P12880,S03966,Image Generation,194
P12881,S05921,Business,168
P12882,S02130,Business,372
P12883,S05191,Learning,573
P12884,S02600,Learning,708
P12885,S00291,Learning,712
P12886,S07333,Writing,604
P12887,S04412,Business,333
P12888,S05518,Image Generation,702
P12889,S02980,Business,69
P12890,S02585,Image Generation,612
P12891,S03761,Image Generation,354
P12892,S00006,Research,222
P12893,S01400,Image Generation,109
P12894,S02484,Writing,497
P12895,S01466,Image Generation,602
P12896,S06694,Writing,760
P12897,S04231,Business,305
P12898,S03112,Learning,545
P12899,S03363,Coding,515
P12900,S06723,Image Generation,411
P12901,S02764,Coding,118
P12902,S04856,Image Generation,93
P12903,S06956,Coding,615
P12904,S04539,Coding,504
P12905,S04578,Business,329
P12906,S00620,Coding,790
P12907,S02267,Coding,144
P12908,S04940,Business,454
P12909,S01349,Writing,288
P12910,S06707,Learning,140
P12911,S01564,Research,585
P12912,S03354,Learning,171
P12913,S03347,Coding,768
P12914,S07230,Business,50
P12915,S04549,Image Generation,269
P12916,S04260,Image Generation,612
P12917,S02631,Business,399
P12918,S02859,Research,252
P12919,S07218,Coding,315
P12920,S05335,Business,321
P12921,S04427,Coding,65
P12922,S04453,Learning,307
P12923,S05344,Image Generation,499
P12924,S04448,Image Generation,660
P12925,S04510,Writing,517
P12926,S03750,Business,756
P12927,S06552,Research,68
P12928,S04453,Research,372
P12929,S02572,Research,511
P12930,S06854,Coding,702
P12931,S01790,Learning,487
P12932,S05901,Business,231
P12933,S00910,Writing,255
P12934,S02058,Image Generation,685
P12935,S01788,Business,200
P12936,S04995,Image Generation,731
P12937,S03158,Writing,81
P12938,S00964,Writing,487
P12939,S02373,Research,348
P12940,S05264,Coding,293
P12941,S03860,Writing,247
P12942,S07135,Business,269
P12943,S06120,Image Generation,145
P12944,S04973,Research,398
P12945,S05843,Writing,454
P12946,S05123,Research,176
P12947,S03101,Business,97
P12948,S00399,Image Generation,496
P12949,S00710,Learning,334
P12950,S00656,Coding,73
P12951,S04874,Image Generation,621
P12952,S00174,Writing,294
P12953,S03869,Image Generation,630
P12954,S02699,Learning,649
P12955,S00106,Coding,170
P12956,S02101,Research,376
P12957,S05745,Research,306
P12958,S05347,Writing,116
P12959,S01482,Image Generation,284
P12960,S03239,Writing,169
P12961,S04001,Writing,390
P12962,S06657,Writing,140
P12963,S06260,Coding,341
P12964,S04275,Business,703
P12965,S05721,Research,315
P12966,S01143,Coding,236
P12967,S01031,Business,487
P12968,S05958,Coding,613
P12969,S01551,Learning,799
P12970,S03766,Image Generation,96
P12971,S02269,Writing,73
P12972,S03403,Learning,525
P12973,S06483,Writing,455
P12974,S00418,Business,223
P12975,S03896,Coding,791
P12976,S01993,Coding,248
P12977,S04811,Research,352
P12978,S07020,Learning,778
P12979,S02030,Research,655
P12980,S06471,Writing,304
P12981,S06674,Learning,361
P12982,S03065,Image Generation,787
P12983,S05270,Learning,404
P12984,S05096,Research,693
P12985,S00485,Learning,459
P12986,S04559,Research,462
P12987,S04337,Business,511
P12988,S03366,Learning,724
P12989,S00473,Learning,583
P12990,S00712,Coding,583
P12991,S07393,Image Generation,757
P12992,S03189,Business,722
P12993,S00653,Writing,270
P12994,S03685,Learning,541
P12995,S01688,Coding,181
P12996,S00311,Coding,574
P12997,S02271,Research,233
P12998,S05594,Coding,691
P12999,S04136,Image Generation,438
P13000,S03864,Image Generation,666
P13001,S00277,Research,776
P13002,S07078,Learning,750
P13003,S06239,Image Generation,692
P13004,S03857,Business,401
P13005,S07324,Coding,754
P13006,S01422,Learning,245
P13007,S01708,Business,118
P13008,S04808,Learning,560
P13009,S01314,Image Generation,701
P13010,S03645,Writing,269
P13011,S03866,Research,472
P13012,S01366,Business,241
P13013,S01891,Research,106
P13014,S04502,Business,792
P13015,S03579,Research,192
P13016,S00012,Image Generation,289
P13017,S00941,Learning,489
P13018,S02146,Image Generation,117
P13019,S01768,Writing,608
P13020,S00337,Learning,348
P13021,S07384,Coding,787
P13022,S06704,Coding,692
P13023,S02201,Learning,457
P13024,S02981,Learning,86
P13025,S00587,Business,587
P13026,S05793,Business,99
P13027,S03432,Learning,164
P13028,S00777,Business,88
P13029,S02138,Business,498
P13030,S06214,Image Generation,578
P13031,S03748,Research,315
P13032,S03033,Coding,175
P13033,S00212,Business,715
P13034,S03391,Business,217
P13035,S03979,Business,274
P13036,S04106,Image Generation,620
P13037,S07415,Coding,440
P13038,S04002,Image Generation,218
P13039,S03147,Writing,730
P13040,S04738,Image Generation,689
P13041,S01681,Writing,159
P13042,S07226,Research,248
P13043,S04111,Writing,276
P13044,S01661,Learning,473
P13045,S02468,Coding,235
P13046,S03817,Coding,50
P13047,S05510,Image Generation,348
P13048,S02454,Business,156
P13049,S02532,Business,279
P13050,S02973,Image Generation,93
P13051,S01583,Research,82
P13052,S05443,Coding,57
P13053,S05939,Coding,238
P13054,S05598,Writing,646
P13055,S06553,Learning,541
P13056,S02322,Coding,118
P13057,S03619,Research,309
P13058,S06533,Image Generation,502
P13059,S05743,Research,502
P13060,S07158,Learning,288
P13061,S06470,Writing,474
P13062,S02090,Image Generation,308
P13063,S06041,Research,324
P13064,S07042,Learning,526
P13065,S07413,Image Generation,197
P13066,S05268,Writing,548
P13067,S01493,Writing,490
P13068,S04076,Image Generation,655
P13069,S03096,Coding,681
P13070,S03725,Writing,464
P13071,S00279,Business,257
P13072,S07393,Business,396
P13073,S00343,Image Generation,655
P13074,S02003,Coding,468
P13075,S07437,Writing,127
P13076,S00974,Learning,731
P13077,S04101,Coding,107
P13078,S03019,Research,322
P13079,S02634,Writing,587
P13080,S02015,Writing,623
P13081,S05252,Business,406
P13082,S03321,Writing,738
P13083,S03941,Research,529
P13084,S05724,Image Generation,785
P13085,S07305,Coding,609
P13086,S05997,Research,584
P13087,S06928,Image Generation,639
P13088,S02485,Coding,99
P13089,S03689,Image Generation,476
P13090,S05628,Research,287
P13091,S00368,Writing,148
P13092,S01354,Coding,139
P13093,S00437,Business,680
P13094,S00679,Research,544
P13095,S04433,Image Generation,206
P13096,S01397,Coding,442
P13097,S03273,Business,423
P13098,S02498,Business,657
P13099,S05845,Research,391
P13100,S03292,Writing,337
P13101,S06507,Research,786
P13102,S02159,Business,310
P13103,S07027,Research,698
P13104,S02433,Research,248
P13105,S05468,Learning,329
P13106,S06973,Coding,157
P13107,S05316,Coding,142
P13108,S02772,Learning,633
P13109,S03544,Learning,415
P13110,S03483,Coding,560
P13111,S07276,Research,740
P13112,S02226,Coding,136
P13113,S06743,Learning,228
P13114,S04957,Business,465
P13115,S07196,Business,246
P13116,S02174,Image Generation,136
P13117,S02973,Research,588
P13118,S01967,Writing,61
P13119,S04363,Research,648
P13120,S02411,Writing,335
P13121,S07348,Business,316
P13122,S04156,Coding,256
P13123,S05320,Image Generation,81
P13124,S02414,Image Generation,529
P13125,S03015,Research,365
P13126,S02227,Image Generation,516
P13127,S05865,Research,625
P13128,S07165,Business,477
P13129,S05234,Image Generation,193
P13130,S01100,Writing,798
P13131,S07105,Research,117
P13132,S06714,Image Generation,522
P13133,S01899,Research,411
P13134,S06597,Research,413
P13135,S02092,Learning,187
P13136,S00110,Business,90
P13137,S04860,Coding,784
P13138,S03942,Coding,344
P13139,S03138,Image Generation,693
P13140,S00511,Learning,698
P13141,S02761,Image Generation,122
P13142,S04076,Research,771
P13143,S04827,Coding,509
P13144,S00347,Image Generation,472
P13145,S01198,Writing,238
P13146,S01078,Research,520
P13147,S07390,Writing,212
P13148,S05537,Research,452
P13149,S05880,Learning,471
P13150,S05425,Coding,293
P13151,S01691,Image Generation,440
P13152,S02256,Image Generation,239
P13153,S01540,Learning,700
P13154,S03196,Writing,215
P13155,S00214,Learning,570
P13156,S01557,Research,343
P13157,S06760,Coding,488
P13158,S07425,Learning,564
P13159,S06774,Business,222
P13160,S02402,Research,135
P13161,S05902,Writing,474
P13162,S03737,Research,368
P13163,S06509,Coding,227
P13164,S06579,Business,223
P13165,S06947,Image Generation,509
P13166,S00394,Image Generation,302
P13167,S01490,Learning,387
P13168,S04766,Writing,538
P13169,S00444,Writing,246
P13170,S04906,Learning,534
P13171,S02765,Image Generation,433
P13172,S02153,Research,255
P13173,S04555,Learning,463
P13174,S03924,Research,786
P13175,S04866,Research,519
P13176,S03396,Business,298
P13177,S06880,Coding,185
P13178,S02766,Business,430
P13179,S04618,Business,305
P13180,S00185,Business,360
P13181,S03237,Business,609
P13182,S05478,Business,785
P13183,S00437,Image Generation,103
P13184,S07424,Writing,646
P13185,S06734,Research,418
P13186,S00350,Image Generation,451
P13187,S06813,Business,439
P13188,S00138,Coding,725
P13189,S05906,Coding,381
P13190,S02437,Coding,664
P13191,S05672,Business,761
P13192,S04957,Business,605
P13193,S00205,Coding,399
P13194,S03659,Image Generation,351
P13195,S06858,Image Generation,293
P13196,S07105,Coding,294
P13197,S04324,Research,587
P13198,S04992,Business,470
P13199,S03630,Coding,413
P13200,S05682,Coding,580
P13201,S05489,Business,321
P13202,S00319,Coding,705
P13203,S03502,Image Generation,424
P13204,S01757,Learning,146
P13205,S04325,Coding,415
P13206,S01973,Image Generation,657
P13207,S07248,Learning,688
P13208,S00472,Learning,588
P13209,S01086,Learning,123
P13210,S00978,Coding,132
P13211,S05311,Coding,290
P13212,S05423,Learning,666
P13213,S01259,Learning,469
P13214,S06290,Business,144
P13215,S03505,Business,765
P13216,S00580,Coding,456
P13217,S07420,Business,208
P13218,S07242,Learning,363
P13219,S01209,Business,364
P13220,S05377,Writing,762
P13221,S02942,Business,583
P13222,S00671,Writing,420
P13223,S02683,Business,309
P13224,S00342,Business,318
P13225,S01256,Writing,448
P13226,S00160,Writing,434
P13227,S05380,Research,266
P13228,S04135,Learning,560
P13229,S03381,Coding,642
P13230,S00342,Coding,360
P13231,S03242,Writing,78
P13232,S04619,Image Generation,485
P13233,S04863,Image Generation,795
P13234,S06738,Image Generation,243
P13235,S01526,Coding,397
P13236,S04907,Image Generation,246
P13237,S00519,Business,403
P13238,S04768,Writing,360
P13239,S02221,Research,374
P13240,S04268,Image Generation,564
P13241,S05289,Coding,710
P13242,S05791,Writing,92
P13243,S04738,Image Generation,115
P13244,S07204,Learning,514
P13245,S03185,Learning,468
P13246,S05980,Learning,226
P13247,S05366,Image Generation,216
P13248,S01632,Business,351
P13249,S01800,Image Generation,677
P13250,S00203,Coding,345
P13251,S03239,Business,442
P13252,S01596,Learning,307
P13253,S03711,Learning,521
P13254,S03074,Image Generation,707
P13255,S01105,Image Generation,377
P13256,S05846,Writing,449
P13257,S01630,Research,775
P13258,S06468,Image Generation,674
P13259,S00423,Learning,611
P13260,S03491,Research,108
P13261,S01435,Business,313
P13262,S02955,Coding,368
P13263,S05906,Research,237
P13264,S01708,Business,309
P13265,S00718,Learning,126
P13266,S01014,Business,777
P13267,S06155,Business,380
P13268,S01175,Writing,232
P13269,S02767,Learning,736
P13270,S05770,Coding,449
P13271,S01786,Image Generation,635
P13272,S01143,Writing,251
P13273,S04954,Image Generation,50
P13274,S00305,Writing,562
P13275,S04149,Learning,686
P13276,S02169,Learning,422
P13277,S06670,Writing,424
P13278,S03350,Writing,172
P13279,S01041,Business,217
P13280,S01199,Coding,452
P13281,S01720,Research,761
P13282,S03984,Coding,386
P13283,S01818,Business,368
P13284,S01465,Image Generation,503
P13285,S00320,Research,509
P13286,S03853,Business,359
P13287,S04715,Learning,553
P13288,S01729,Learning,179
P13289,S04493,Writing,703
P13290,S03560,Learning,439
P13291,S05119,Business,585
P13292,S00586,Writing,780
P13293,S04064,Research,779
P13294,S04794,Research,346
P13295,S04060,Coding,89
P13296,S02546,Coding,478
P13297,S05371,Writing,367
P13298,S00617,Coding,81
P13299,S06199,Research,215
P13300,S06540,Writing,374
P13301,S01433,Writing,236
P13302,S07442,Coding,69
P13303,S03233,Coding,577
P13304,S06914,Coding,624
P13305,S06036,Business,617
P13306,S00508,Learning,359
P13307,S02979,Business,196
P13308,S06022,Business,678
P13309,S04439,Research,50
P13310,S07422,Research,711
P13311,S06954,Business,656
P13312,S05813,Image Generation,565
P13313,S01148,Coding,341
P13314,S04472,Research,182
P13315,S00391,Learning,664
P13316,S00276,Learning,422
P13317,S01894,Business,564
P13318,S04741,Coding,408
P13319,S05192,Writing,544
P13320,S02623,Research,762
P13321,S05634,Writing,267
P13322,S01315,Writing,397
P13323,S03957,Coding,216
P13324,S06900,Learning,741
P13325,S03315,Research,369
P13326,S05263,Image Generation,608
P13327,S00001,Writing,374
P13328,S05312,Writing,160
P13329,S05515,Research,283
P13330,S00203,Coding,297
P13331,S02080,Learning,295
P13332,S01933,Writing,218
P13333,S01821,Image Generation,188
P13334,S06153,Learning,684
P13335,S05376,Business,764
P13336,S06421,Coding,249
P13337,S07405,Business,786
P13338,S06055,Writing,695
P13339,S04467,Coding,671
P13340,S03673,Writing,313
P13341,S05504,Business,629
P13342,S02880,Writing,261
P13343,S00922,Coding,769
P13344,S06809,Learning,403
P13345,S03745,Image Generation,784
P13346,S07284,Research,222
P13347,S04300,Learning,522
P13348,S06887,Image Generation,550
P13349,S00861,Image Generation,780
P13350,S07189,Image Generation,755
P13351,S03207,Image Generation,297
P13352,S07094,Business,571
P13353,S06970,Coding,734
P13354,S06904,Image Generation,442
P13355,S06141,Writing,285
P13356,S07301,Research,534
P13357,S04005,Coding,644
P13358,S02733,Image Generation,414
P13359,S04970,Research,504
P13360,S04243,Learning,511
P13361,S02722,Business,117
P13362,S04870,Coding,728
P13363,S04055,Writing,194
P13364,S02658,Image Generation,543
P13365,S05815,Business,517
P13366,S02504,Coding,99
P13367,S03774,Image Generation,629
P13368,S00337,Coding,386
P13369,S02588,Writing,312
P13370,S06973,Image Generation,728
P13371,S03598,Image Generation,441
P13372,S01066,Learning,603
P13373,S00825,Image Generation,242
P13374,S01884,Coding,55
P13375,S06274,Writing,418
P13376,S01742,Image Generation,223
P13377,S00309,Image Generation,300
P13378,S02698,Learning,558
P13379,S05058,Learning,695
P13380,S03464,Business,244
P13381,S00907,Image Generation,410
P13382,S04333,Research,288
P13383,S03195,Image Generation,231
P13384,S00942,Research,487
P13385,S07444,Business,532
P13386,S05629,Business,576
P13387,S06745,Research,598
P13388,S04150,Business,663
P13389,S02262,Business,664
P13390,S06997,Research,774
P13391,S04657,Business,581
P13392,S01761,Research,212
P13393,S04364,Coding,583
P13394,S01483,Image Generation,387
P13395,S04208,Research,236
P13396,S00040,Coding,340
P13397,S04211,Coding,291
P13398,S00338,Image Generation,513
P13399,S00523,Coding,446
P13400,S00654,Writing,124
P13401,S03642,Image Generation,401
P13402,S04633,Coding,206
P13403,S00230,Learning,336
P13404,S00838,Research,84
P13405,S03436,Image Generation,121
P13406,S07321,Writing,642
P13407,S01418,Coding,330
P13408,S02181,Coding,613
P13409,S06915,Business,133
P13410,S01892,Writing,181
P13411,S01560,Learning,696
P13412,S00522,Coding,100
P13413,S06848,Image Generation,469
P13414,S06587,Learning,324
P13415,S06187,Image Generation,420
P13416,S04052,Research,386
P13417,S03985,Writing,784
P13418,S06288,Business,395
P13419,S01889,Research,625
P13420,S06864,Image Generation,78
P13421,S04110,Research,246
P13422,S01322,Image Generation,93
P13423,S01789,Research,605
P13424,S06942,Writing,243
P13425,S04100,Image Generation,214
P13426,S01995,Learning,375
P13427,S05135,Coding,421
P13428,S04649,Business,516
P13429,S00970,Coding,298
P13430,S01017,Business,209
P13431,S04050,Learning,430
P13432,S00207,Research,381
P13433,S04448,Research,602
P13434,S06559,Image Generation,273
P13435,S07041,Research,629
P13436,S00811,Business,217
P13437,S06228,Coding,239
P13438,S00902,Research,663
P13439,S00135,Image Generation,526
P13440,S05813,Learning,392
P13441,S06843,Coding,709
P13442,S05776,Research,592
P13443,S02794,Coding,600
P13444,S03867,Research,218
P13445,S05986,Business,465
P13446,S04459,Coding,185
P13447,S05595,Writing,377
P13448,S04231,Coding,699
P13449,S00874,Research,467
P13450,S03494,Coding,500
P13451,S03410,Business,500
P13452,S04073,Coding,472
P13453,S06967,Business,597
P13454,S01000,Research,475
P13455,S04976,Research,100
P13456,S02864,Learning,522
P13457,S04635,Image Generation,590
P13458,S03574,Coding,444
P13459,S05083,Coding,739
P13460,S06842,Writing,358
P13461,S01098,Research,719
P13462,S01399,Coding,111
P13463,S04035,Business,599
P13464,S03510,Business,576
P13465,S05473,Writing,778
P13466,S06221,Image Generation,469
P13467,S03298,Writing,164
P13468,S03911,Learning,717
P13469,S06844,Coding,624
P13470,S03881,Learning,135
P13471,S06347,Writing,135
P13472,S05350,Writing,707
P13473,S05942,Business,542
P13474,S05007,Coding,758
P13475,S05837,Business,170
P13476,S05792,Research,235
P13477,S04762,Business,753
P13478,S04455,Image Generation,66
P13479,S02254,Research,132
P13480,S04439,Business,360
P13481,S07160,Research,554
P13482,S04679,Coding,390
P13483,S05890,Image Generation,491
P13484,S00388,Image Generation,222
P13485,S00478,Business,499
P13486,S06071,Research,711
P13487,S04445,Business,622
P13488,S07228,Business,634
P13489,S01104,Writing,442
P13490,S07379,Coding,205
P13491,S02320,Writing,785
P13492,S01536,Image Generation,620
P13493,S05826,Learning,531
P13494,S03947,Coding,576
P13495,S01557,Business,345
P13496,S06733,Writing,201
P13497,S01475,Writing,111
P13498,S04093,Learning,345
P13499,S05276,Business,128
P13500,S04913,Learning,141
P13501,S01593,Image Generation,96
P13502,S01792,Coding,303
P13503,S02693,Learning,768
P13504,S04840,Learning,273
P13505,S00781,Image Generation,579
P13506,S03513,Image Generation,581
P13507,S00903,Learning,793
P13508,S03605,Learning,566
P13509,S04044,Research,288
P13510,S00447,Writing,719
P13511,S06905,Business,231
P13512,S06888,Learning,494
P13513,S01193,Image Generation,619
P13514,S05363,Business,399
P13515,S04507,Research,240
P13516,S07192,Writing,743
P13517,S01811,Writing,77
P13518,S03267,Business,670
P13519,S04641,Business,717
P13520,S06715,Learning,114
P13521,S05202,Image Generation,192
P13522,S01935,Writing,542
P13523,S05421,Coding,464
P13524,S06829,Business,792
P13525,S01019,Writing,487
P13526,S07050,Learning,486
P13527,S02804,Research,471
P13528,S01642,Learning,584
P13529,S05626,Writing,744
P13530,S00224,Learning,106
P13531,S05946,Research,522
P13532,S01197,Writing,774
P13533,S05556,Writing,256
P13534,S03109,Business,738
P13535,S02423,Business,320
P13536,S03731,Image Generation,128
P13537,S02227,Learning,140
P13538,S04641,Coding,55
P13539,S05011,Learning,450
P13540,S07075,Research,478
P13541,S01031,Research,212
P13542,S01469,Learning,684
P13543,S06751,Research,217
P13544,S03853,Coding,198
P13545,S06026,Writing,751
P13546,S00506,Coding,749
P13547,S07215,Coding,310
P13548,S02436,Coding,397
P13549,S06022,Image Generation,542
P13550,S01412,Image Generation,162
P13551,S06520,Business,511
P13552,S05043,Coding,796
P13553,S06113,Research,748
P13554,S06049,Image Generation,550
P13555,S00916,Coding,97
P13556,S04687,Image Generation,411
P13557,S04048,Research,595
P13558,S04793,Business,259
P13559,S00937,Writing,338
P13560,S00480,Image Generation,122
P13561,S07236,Image Generation,329
P13562,S04927,Learning,587
P13563,S03121,Learning,467
P13564,S04369,Coding,245
P13565,S06433,Business,205
P13566,S02633,Research,400
P13567,S07002,Coding,175
P13568,S00374,Learning,755
P13569,S07055,Business,165
P13570,S04993,Image Generation,750
P13571,S00228,Writing,791
P13572,S03057,Coding,122
P13573,S01801,Coding,115
P13574,S06702,Image Generation,301
P13575,S02428,Research,665
P13576,S01487,Coding,247
P13577,S05929,Image Generation,644
P13578,S02038,Coding,105
P13579,S02901,Business,509
P13580,S02088,Research,402
P13581,S07223,Business,262
P13582,S04614,Business,542
P13583,S04162,Image Generation,477
P13584,S03256,Research,68
P13585,S03367,Business,437
P13586,S06706,Coding,80
P13587,S02349,Business,247
P13588,S02155,Research,697
P13589,S03884,Writing,627
P13590,S04290,Business,467
P13591,S06116,Image Generation,241
P13592,S04357,Research,62
P13593,S01473,Image Generation,656
P13594,S04959,Image Generation,592
P13595,S00240,Research,791
P13596,S02409,Image Generation,522
P13597,S05180,Research,291
P13598,S00078,Learning,495
P13599,S04812,Coding,525
P13600,S02510,Image Generation,648
P13601,S00182,Learning,543
P13602,S05603,Coding,413
P13603,S06903,Learning,264
P13604,S03131,Business,413
P13605,S03609,Image Generation,700
P13606,S05042,Writing,606
P13607,S04459,Writing,470
P13608,S05764,Research,762
P13609,S04285,Research,537
P13610,S05884,Image Generation,686
P13611,S02586,Writing,232
P13612,S04481,Image Generation,421
P13613,S03695,Writing,588
P13614,S06686,Coding,584
P13615,S04129,Image Generation,226
P13616,S03000,Business,612
P13617,S01905,Writing,307
P13618,S01415,Writing,175
P13619,S04848,Business,423
P13620,S06352,Business,208
P13621,S04332,Writing,240
P13622,S04189,Image Generation,599
P13623,S04983,Research,260
P13624,S01787,Image Generation,279
P13625,S02089,Coding,642
P13626,S02007,Writing,458
P13627,S02137,Coding,320
P13628,S04590,Learning,361
P13629,S04687,Research,603
P13630,S05216,Business,508
P13631,S03202,Learning,350
P13632,S07493,Coding,418
P13633,S01256,Image Generation,592
P13634,S05950,Image Generation,609
P13635,S01464,Writing,340
P13636,S05959,Research,173
P13637,S00654,Coding,107
P13638,S02731,Business,275
P13639,S04535,Learning,244
P13640,S06588,Research,490
P13641,S03917,Business,535
P13642,S00410,Writing,337
P13643,S05255,Writing,526
P13644,S06845,Business,398
P13645,S06289,Research,430
P13646,S03892,Research,457
P13647,S06334,Coding,552
P13648,S02046,Writing,629
P13649,S01248,Learning,757
P13650,S00589,Coding,738
P13651,S05530,Writing,591
P13652,S04689,Coding,175
P13653,S00863,Learning,390
P13654,S00799,Business,612
P13655,S06623,Research,456
P13656,S03429,Business,603
P13657,S00259,Learning,215
P13658,S01913,Business,228
P13659,S05610,Coding,273
P13660,S07228,Business,435
P13661,S06081,Business,324
P13662,S01184,Image Generation,665
P13663,S03203,Learning,271
P13664,S07217,Business,780
P13665,S00739,Coding,347
P13666,S06129,Coding,217
P13667,S03045,Writing,344
P13668,S06508,Image Generation,592
P13669,S02991,Business,138
P13670,S07262,Writing,199
P13671,S04289,Writing,350
P13672,S00374,Writing,517
P13673,S00114,Writing,399
P13674,S03265,Coding,645
P13675,S02493,Research,273
P13676,S04659,Learning,760
P13677,S02044,Learning,64
P13678,S03559,Learning,457
P13679,S03265,Research,446
P13680,S05146,Image Generation,240
P13681,S00026,Research,783
P13682,S06776,Research,75
P13683,S06479,Research,433
P13684,S00914,Writing,513
P13685,S06435,Business,697
P13686,S01689,Coding,414
P13687,S04642,Learning,202
P13688,S01557,Research,260
P13689,S00423,Research,553
P13690,S03954,Business,572
P13691,S04525,Image Generation,597
P13692,S03637,Image Generation,283
P13693,S06217,Research,597
P13694,S02142,Coding,440
P13695,S07285,Image Generation,454
P13696,S00707,Image Generation,506
P13697,S03818,Image Generation,425
P13698,S06901,Learning,441
P13699,S06602,Business,159
P13700,S05190,Coding,109
P13701,S05051,Research,289
P13702,S03676,Business,196
P13703,S03733,Image Generation,222
P13704,S01237,Learning,139
P13705,S05034,Writing,52
P13706,S01476,Coding,433
P13707,S06697,Research,796
P13708,S05065,Learning,512
P13709,S06507,Learning,738
P13710,S07063,Business,538
P13711,S01685,Business,249
P13712,S01707,Research,657
P13713,S06045,Research,146
P13714,S00963,Writing,244
P13715,S04575,Coding,395
P13716,S01538,Writing,474
P13717,S02019,Learning,343
P13718,S01005,Writing,523
P13719,S00499,Learning,419
P13720,S05726,Writing,481
P13721,S06437,Research,108
P13722,S02627,Business,306
P13723,S07227,Learning,84
P13724,S01457,Business,704
P13725,S05269,Research,379
P13726,S06450,Writing,582
P13727,S00273,Image Generation,367
P13728,S03380,Business,125
P13729,S05763,Research,619
P13730,S01960,Image Generation,434
P13731,S04517,Learning,765
P13732,S00684,Business,214
P13733,S07402,Research,705
P13734,S05988,Coding,437
P13735,S01950,Writing,135
P13736,S02346,Research,665
P13737,S04841,Research,530
P13738,S06025,Research,493
P13739,S06283,Research,130
P13740,S04804,Research,521
P13741,S02558,Learning,73
P13742,S04424,Research,725
P13743,S02602,Learning,520
P13744,S06333,Research,347
P13745,S02695,Coding,451
P13746,S03292,Research,554
P13747,S00124,Image Generation,478
P13748,S06642,Image Generation,731
P13749,S03779,Learning,294
P13750,S03227,Research,108
P13751,S06137,Learning,101
P13752,S00603,Business,554
P13753,S02762,Business,276
P13754,S06249,Learning,59
P13755,S01289,Image Generation,523
P13756,S05599,Coding,279
P13757,S00911,Research,415
P13758,S05693,Image Generation,494
P13759,S05152,Learning,522
P13760,S02114,Writing,203
P13761,S02762,Business,472
P13762,S05587,Learning,466
P13763,S01282,Image Generation,254
P13764,S03306,Learning,79
P13765,S03307,Writing,685
P13766,S05696,Business,401
P13767,S04172,Image Generation,336
P13768,S05927,Research,611
P13769,S03880,Image Generation,161
P13770,S06749,Business,772
P13771,S00625,Writing,405
P13772,S00483,Image Generation,242
P13773,S02892,Business,95
P13774,S02498,Writing,144
P13775,S05242,Image Generation,615
P13776,S02433,Writing,327
P13777,S00621,Business,240
P13778,S07084,Writing,539
P13779,S01770,Learning,527
P13780,S01537,Coding,540
P13781,S01891,Business,120
P13782,S03428,Business,374
P13783,S03008,Writing,612
P13784,S02998,Image Generation,245
P13785,S00826,Learning,76
P13786,S05328,Research,758
P13787,S01197,Learning,471
P13788,S02056,Learning,148
P13789,S00193,Writing,241
P13790,S05196,Research,631
P13791,S02730,Learning,550
P13792,S04980,Learning,713
P13793,S00869,Research,456
P13794,S00324,Coding,775
P13795,S05005,Business,613
P13796,S04183,Coding,288
P13797,S03360,Research,502
P13798,S02801,Image Generation,581
P13799,S02324,Learning,529
P13800,S06355,Coding,479
P13801,S01263,Learning,564
P13802,S02643,Image Generation,50
P13803,S05676,Image Generation,248
P13804,S02929,Learning,467
P13805,S05523,Coding,647
P13806,S03334,Learning,227
P13807,S02197,Image Generation,625
P13808,S00432,Learning,61
P13809,S04093,Learning,642
P13810,S05193,Image Generation,531
P13811,S02760,Image Generation,593
P13812,S07307,Learning,515
P13813,S00059,Research,170
P13814,S00378,Writing,373
P13815,S07167,Coding,641
P13816,S01176,Writing,284
P13817,S05327,Business,225
P13818,S07232,Writing,582
P13819,S02505,Image Generation,583
P13820,S05069,Learning,659
P13821,S05893,Writing,383
P13822,S00751,Learning,644
P13823,S03387,Image Generation,344
P13824,S06072,Coding,475
P13825,S01605,Writing,751
P13826,S04129,Learning,575
P13827,S03978,Image Generation,495
P13828,S01957,Research,284
P13829,S03703,Image Generation,542
P13830,S03329,Learning,506
P13831,S07310,Writing,170
P13832,S01682,Learning,214
P13833,S04796,Learning,643
P13834,S04009,Business,211
P13835,S02852,Coding,494
P13836,S01254,Image Generation,203
P13837,S04865,Learning,709
P13838,S05811,Research,130
P13839,S03875,Business,729
P13840,S03065,Coding,376
P13841,S01917,Learning,410
P13842,S03678,Writing,421
P13843,S03064,Business,753
P13844,S03109,Writing,660
P13845,S04480,Research,138
P13846,S03471,Business,341
P13847,S00851,Research,371
P13848,S05850,Writing,121
P13849,S06713,Image Generation,422
P13850,S06023,Writing,654
P13851,S06243,Image Generation,699
P13852,S04431,Coding,552
P13853,S02920,Research,735
P13854,S01445,Learning,123
P13855,S06972,Business,156
P13856,S01781,Research,135
P13857,S06383,Writing,462
P13858,S00903,Business,604
P13859,S03844,Coding,68
P13860,S06813,Learning,492
P13861,S03863,Learning,681
P13862,S00109,Image Generation,325
P13863,S04044,Writing,593
P13864,S02751,Writing,687
P13865,S05139,Coding,432
P13866,S06254,Image Generation,114
P13867,S00965,Business,131
P13868,S01470,Research,515
P13869,S00251,Learning,518
P13870,S06209,Writing,796
P13871,S02055,Image Generation,229
P13872,S02272,Research,653
P13873,S07368,Learning,249
P13874,S06422,Learning,246
P13875,S03439,Business,130
P13876,S05695,Coding,564
P13877,S05699,Research,368
P13878,S01029,Coding,162
P13879,S02107,Research,123
P13880,S02919,Writing,789
P13881,S06428,Writing,134
P13882,S00872,Writing,382
P13883,S07312,Learning,335
P13884,S00010,Writing,333
P13885,S03960,Research,493
P13886,S01696,Writing,267
P13887,S05626,Coding,271
P13888,S02673,Research,574
P13889,S06390,Image Generation,655
P13890,S00628,Image Generation,646
P13891,S06291,Coding,408
P13892,S00622,Image Generation,93
P13893,S03442,Coding,481
P13894,S07304,Research,672
P13895,S03596,Image Generation,448
P13896,S04554,Learning,397
P13897,S04547,Learning,276
P13898,S05835,Business,518
P13899,S00375,Business,728
P13900,S04380,Business,507
P13901,S04957,Research,97
P13902,S01554,Learning,495
P13903,S07444,Writing,756
P13904,S04189,Image Generation,512
P13905,S04305,Research,136
P13906,S07482,Research,730
P13907,S00789,Writing,332
P13908,S00946,Coding,375
P13909,S00791,Image Generation,141
P13910,S04488,Writing,414
P13911,S02879,Writing,345
P13912,S07406,Learning,675
P13913,S03234,Learning,768
P13914,S02061,Image Generation,578
P13915,S03018,Coding,531
P13916,S05196,Research,799
P13917,S06654,Learning,145
P13918,S03518,Research,398
P13919,S03277,Learning,593
P13920,S00380,Learning,578
P13921,S04749,Coding,303
P13922,S01329,Writing,192
P13923,S05466,Learning,498
P13924,S04600,Research,587
P13925,S05439,Learning,431
P13926,S04378,Research,86
P13927,S05227,Coding,306
P13928,S02939,Writing,316
P13929,S05909,Coding,721
P13930,S05988,Research,267
P13931,S06167,Business,651
P13932,S00283,Coding,763
P13933,S02255,Research,123
P13934,S07371,Business,640
P13935,S03660,Image Generation,491
P13936,S02948,Business,648
P13937,S03595,Coding,477
P13938,S06510,Learning,64
P13939,S02206,Business,297
P13940,S04157,Research,224
P13941,S05720,Writing,68
P13942,S01601,Coding,776
P13943,S05202,Coding,271
P13944,S06114,Writing,474
P13945,S04788,Image Generation,747
P13946,S06130,Image Generation,770
P13947,S03546,Learning,717
P13948,S06900,Research,280
P13949,S04194,Coding,635
P13950,S05888,Learning,270
P13951,S02480,Image Generation,740
P13952,S01610,Learning,706
P13953,S01224,Research,754
P13954,S00365,Image Generation,340
P13955,S02114,Image Generation,348
P13956,S02710,Coding,787
P13957,S00856,Business,479
P13958,S04941,Learning,420
P13959,S03858,Learning,667
P13960,S00471,Coding,655
P13961,S01323,Coding,765
P13962,S00748,Image Generation,688
P13963,S05375,Writing,205
P13964,S06352,Research,390
P13965,S02047,Image Generation,305
P13966,S03604,Image Generation,610
P13967,S03371,Research,473
P13968,S07470,Learning,747
P13969,S01885,Learning,300
P13970,S06766,Image Generation,73
P13971,S02129,Image Generation,447
P13972,S07487,Writing,717
P13973,S01380,Business,149
P13974,S05923,Research,776
P13975,S02479,Research,356
P13976,S03065,Coding,615
P13977,S04232,Writing,686
P13978,S04417,Research,736
P13979,S04433,Writing,501
P13980,S04836,Business,584
P13981,S00586,Image Generation,590
P13982,S06226,Business,67
P13983,S06387,Writing,161
P13984,S06153,Image Generation,346
P13985,S05462,Research,554
P13986,S04365,Image Generation,85
P13987,S04028,Research,593
P13988,S04896,Writing,642
P13989,S05481,Image Generation,562
P13990,S05178,Business,247
P13991,S03740,Coding,181
P13992,S04371,Research,326
P13993,S04216,Image Generation,386
P13994,S03457,Business,564
P13995,S07237,Writing,62
P13996,S06966,Business,630
P13997,S03366,Learning,419
P13998,S06589,Business,333
P13999,S01229,Research,326
P14000,S00826,Coding,675
P14001,S03464,Learning,720
P14002,S01169,Business,137
P14003,S03952,Research,714
P14004,S05899,Coding,475
P14005,S05925,Business,211
P14006,S04344,Image Generation,267
P14007,S04726,Learning,408
P14008,S01658,Business,497
P14009,S01379,Image Generation,272
P14010,S02502,Business,98
P14011,S03046,Research,604
P14012,S02751,Learning,74
P14013,S06120,Business,550
P14014,S02647,Image Generation,685
P14015,S01974,Image Generation,261
P14016,S00810,Business,766
P14017,S03007,Image Generation,779
P14018,S01398,Writing,555
P14019,S05036,Coding,740
P14020,S02653,Coding,534
P14021,S06691,Writing,325
P14022,S01825,Business,790
P14023,S02700,Writing,606
P14024,S00027,Image Generation,278
P14025,S00498,Business,652
P14026,S01180,Research,177
P14027,S05391,Image Generation,471
P14028,S02561,Business,379
P14029,S01424,Image Generation,691
P14030,S03169,Research,705
P14031,S07090,Coding,622
P14032,S06285,Coding,617
P14033,S04364,Research,352
P14034,S03177,Research,447
P14035,S03224,Coding,795
P14036,S06474,Writing,731
P14037,S06444,Coding,509
P14038,S05802,Writing,458
P14039,S03579,Learning,504
P14040,S04723,Image Generation,73
P14041,S04095,Coding,710
P14042,S01479,Learning,149
P14043,S07267,Business,84
P14044,S04518,Learning,532
P14045,S02754,Image Generation,329
P14046,S00374,Image Generation,64
P14047,S01526,Coding,529
P14048,S06066,Research,98
P14049,S01585,Learning,221
P14050,S06344,Coding,764
P14051,S07092,Coding,305
P14052,S00163,Writing,717
P14053,S05903,Business,550
P14054,S00652,Writing,788
P14055,S02676,Image Generation,513
P14056,S01414,Coding,185
P14057,S06509,Writing,92
P14058,S03443,Research,521
P14059,S06763,Learning,503
P14060,S05333,Research,749
P14061,S03938,Research,645
P14062,S07492,Learning,150
P14063,S02623,Writing,595
P14064,S04634,Learning,134
P14065,S05170,Coding,645
P14066,S07488,Business,144
P14067,S07033,Writing,779
P14068,S01926,Learning,772
P14069,S04277,Coding,409
P14070,S00916,Image Generation,442
P14071,S01781,Learning,558
P14072,S03500,Learning,304
P14073,S01087,Business,359
P14074,S00609,Research,126
P14075,S06646,Business,630
P14076,S06101,Business,757
P14077,S01624,Coding,215
P14078,S02826,Image Generation,65
P14079,S00993,Business,638
P14080,S03970,Image Generation,439
P14081,S01487,Coding,406
P14082,S01322,Research,307
P14083,S07119,Image Generation,411
P14084,S03343,Learning,765
P14085,S01662,Business,202
P14086,S06549,Business,410
P14087,S01009,Writing,628
P14088,S02273,Image Generation,788
P14089,S02616,Writing,340
P14090,S04694,Coding,354
P14091,S06466,Writing,213
P14092,S00836,Business,183
P14093,S04907,Coding,752
P14094,S01315,Research,722
P14095,S03245,Research,554
P14096,S05582,Writing,55
P14097,S00952,Research,329
P14098,S03007,Coding,249
P14099,S00828,Business,427
P14100,S06490,Image Generation,125
P14101,S03770,Coding,293
P14102,S02342,Coding,317
P14103,S03599,Business,552
P14104,S02915,Business,650
P14105,S01363,Coding,123
P14106,S01723,Writing,720
P14107,S00368,Research,69
P14108,S03782,Business,555
P14109,S01958,Image Generation,747
P14110,S01350,Image Generation,501
P14111,S03094,Learning,288
P14112,S06173,Coding,482
P14113,S01491,Business,590
P14114,S07086,Writing,359
P14115,S02464,Learning,606
P14116,S00314,Coding,52
P14117,S05804,Learning,745
P14118,S03407,Business,261
P14119,S01409,Writing,411
P14120,S02567,Image Generation,357
P14121,S06814,Coding,791
P14122,S01727,Writing,159
P14123,S00730,Image Generation,541
P14124,S00356,Research,679
P14125,S03398,Image Generation,115
P14126,S03691,Coding,426
P14127,S03088,Image Generation,730
P14128,S03227,Image Generation,529
P14129,S03312,Image Generation,570
P14130,S00273,Image Generation,423
P14131,S05799,Image Generation,742
P14132,S07045,Image Generation,164
P14133,S06393,Image Generation,209
P14134,S00148,Coding,793
P14135,S01494,Research,583
P14136,S05409,Learning,412
P14137,S04808,Business,344
P14138,S01379,Research,165
P14139,S03218,Image Generation,180
P14140,S00258,Coding,633
P14141,S07110,Image Generation,562
P14142,S01835,Writing,537
P14143,S00410,Learning,536
P14144,S06222,Coding,666
P14145,S02815,Research,577
P14146,S05470,Writing,304
P14147,S03525,Writing,303
P14148,S00828,Learning,760
P14149,S06496,Research,777
P14150,S00802,Writing,431
P14151,S01421,Business,582
P14152,S03707,Learning,590
P14153,S03492,Writing,425
P14154,S00002,Image Generation,181
P14155,S05320,Research,111
P14156,S04033,Business,283
P14157,S01964,Image Generation,95
P14158,S02777,Learning,681
P14159,S06143,Writing,71
P14160,S03798,Business,587
P14161,S00498,Coding,605
P14162,S01371,Research,435
P14163,S07122,Research,737
P14164,S01695,Business,355
P14165,S06484,Learning,249
P14166,S01906,Learning,539
P14167,S05744,Research,220
P14168,S01447,Coding,284
P14169,S06737,Image Generation,180
P14170,S04040,Coding,121
P14171,S06944,Business,472
P14172,S06301,Learning,532
P14173,S05825,Research,710
P14174,S02111,Learning,762
P14175,S01319,Learning,780
P14176,S07291,Research,654
P14177,S07142,Image Generation,247
P14178,S01825,Writing,513
P14179,S06458,Research,542
P14180,S05369,Business,274
P14181,S06797,Learning,166
P14182,S03697,Research,288
P14183,S02773,Image Generation,161
P14184,S00383,Coding,440
P14185,S02986,Coding,515
P14186,S05596,Learning,717
P14187,S01343,Research,733
P14188,S02727,Coding,518
P14189,S06986,Writing,525
P14190,S05431,Coding,599
P14191,S01556,Business,596
P14192,S06483,Research,429
P14193,S00559,Research,501
P14194,S01468,Coding,440
P14195,S06828,Coding,315
P14196,S06219,Research,234
P14197,S00887,Business,501
P14198,S05930,Image Generation,233
P14199,S02184,Business,662
P14200,S03611,Coding,438
P14201,S04377,Image Generation,674
P14202,S01917,Business,715
P14203,S02080,Learning,407
P14204,S07288,Business,516
P14205,S02252,Research,263
P14206,S03886,Coding,76
P14207,S04157,Image Generation,306
P14208,S00173,Learning,609
P14209,S00301,Coding,301
P14210,S05914,Learning,792
P14211,S04560,Research,295
P14212,S01930,Coding,396
P14213,S06599,Image Generation,622
P14214,S01516,Learning,240
P14215,S07376,Writing,767
P14216,S04882,Business,711
P14217,S05008,Image Generation,411
P14218,S03912,Image Generation,692
P14219,S01914,Research,333
P14220,S04439,Image Generation,686
P14221,S03982,Learning,240
P14222,S07421,Coding,102
P14223,S01084,Business,616
P14224,S04037,Writing,699
P14225,S02620,Learning,498
P14226,S07067,Research,418
P14227,S03032,Learning,564
P14228,S01451,Learning,456
P14229,S01251,Business,568
P14230,S05128,Image Generation,96
P14231,S02546,Coding,448
P14232,S01521,Writing,179
P14233,S02178,Image Generation,406
P14234,S06850,Image Generation,103
P14235,S01274,Image Generation,416
P14236,S05251,Image Generation,608
P14237,S05451,Research,634
P14238,S01627,Image Generation,223
P14239,S03337,Image Generation,129
P14240,S05827,Business,515
P14241,S06773,Learning,718
P14242,S06626,Research,773
P14243,S01861,Research,114
P14244,S05831,Image Generation,716
P14245,S02266,Business,587
P14246,S06478,Research,707
P14247,S05067,Business,71
P14248,S03453,Research,229
P14249,S00483,Image Generation,701
P14250,S00610,Writing,327
P14251,S02588,Business,758
P14252,S05056,Writing,126
P14253,S01262,Research,539
P14254,S02432,Research,455
P14255,S05439,Business,491
P14256,S00494,Coding,141
P14257,S02686,Learning,576
P14258,S06460,Research,763
P14259,S00273,Research,692
P14260,S01498,Writing,666
P14261,S02252,Research,286
P14262,S07395,Image Generation,288
P14263,S05351,Business,705
P14264,S06106,Writing,523
P14265,S04997,Writing,84
P14266,S01684,Writing,532
P14267,S01417,Business,333
P14268,S06629,Image Generation,565
P14269,S05793,Writing,687
P14270,S04277,Research,138
P14271,S01364,Coding,490
P14272,S03358,Business,666
P14273,S01681,Business,183
P14274,S02328,Business,404
P14275,S00549,Coding,132
P14276,S00984,Research,521
P14277,S07411,Image Generation,138
P14278,S02596,Research,262
P14279,S04855,Coding,299
P14280,S03831,Image Generation,647
P14281,S06376,Coding,196
P14282,S00591,Research,750
P14283,S03672,Image Generation,203
P14284,S03181,Writing,473
P14285,S06196,Research,466
P14286,S00421,Image Generation,268
P14287,S07000,Business,79
P14288,S05468,Coding,643
P14289,S02032,Image Generation,419
P14290,S00303,Learning,560
P14291,S02718,Research,483
P14292,S01514,Image Generation,62
P14293,S04578,Coding,172
P14294,S04471,Writing,142
P14295,S03248,Writing,75
P14296,S05190,Image Generation,80
P14297,S05999,Writing,557
P14298,S00403,Learning,314
P14299,S04755,Coding,342
P14300,S05694,Writing,290
P14301,S04851,Coding,254
P14302,S02336,Research,407
P14303,S02158,Research,689
P14304,S05992,Image Generation,281
P14305,S06594,Image Generation,762
P14306,S04994,Business,458
P14307,S07447,Research,335
P14308,S05483,Coding,626
P14309,S03481,Coding,211
P14310,S07048,Writing,430
P14311,S05934,Research,429
P14312,S07457,Research,204
P14313,S06103,Writing,129
P14314,S06510,Business,609
P14315,S01657,Business,273
P14316,S06069,Image Generation,126
P14317,S04969,Research,333
P14318,S02342,Research,154
P14319,S00823,Coding,56
P14320,S01744,Image Generation,559
P14321,S00957,Writing,315
P14322,S05261,Coding,247
P14323,S04780,Writing,193
P14324,S06226,Research,325
P14325,S01549,Image Generation,318
P14326,S00367,Learning,502
P14327,S01815,Image Generation,336
P14328,S04174,Research,577
P14329,S01871,Coding,721
P14330,S01227,Business,551
P14331,S03963,Image Generation,776
P14332,S04457,Image Generation,714
P14333,S07300,Research,523
P14334,S07049,Image Generation,719
P14335,S01900,Learning,677
P14336,S02575,Image Generation,54
P14337,S05092,Image Generation,728
P14338,S03099,Image Generation,368
P14339,S03156,Learning,118
P14340,S04403,Image Generation,711
P14341,S04284,Coding,567
P14342,S06683,Business,561
P14343,S01861,Research,221
P14344,S04503,Writing,280
P14345,S03454,Research,674
P14346,S03517,Coding,317
P14347,S02316,Learning,662
P14348,S00574,Research,204
P14349,S00635,Learning,498
P14350,S05225,Writing,772
P14351,S05902,Learning,223
P14352,S07384,Research,448
P14353,S02064,Research,778
P14354,S05582,Research,138
P14355,S01484,Coding,374
P14356,S05408,Learning,104
P14357,S04529,Image Generation,365
P14358,S05238,Image Generation,213
P14359,S06069,Business,71
P14360,S06862,Image Generation,215
P14361,S05648,Learning,211
P14362,S02612,Business,79
P14363,S01839,Learning,409
P14364,S03413,Research,682
P14365,S07490,Coding,249
P14366,S01257,Image Generation,113
P14367,S06755,Learning,736
P14368,S00511,Business,83
P14369,S00600,Business,94
P14370,S05364,Coding,626
P14371,S02827,Coding,592
P14372,S01616,Business,336
P14373,S06538,Image Generation,681
P14374,S02375,Business,157
P14375,S01841,Learning,87
P14376,S00418,Research,200
P14377,S03127,Business,742
P14378,S00412,Coding,185
P14379,S00882,Writing,79
P14380,S04878,Research,341
P14381,S04865,Image Generation,502
P14382,S04250,Image Generation,133
P14383,S05165,Research,352
P14384,S05825,Writing,515
P14385,S03765,Business,529
P14386,S05292,Business,714
P14387,S06392,Coding,438
P14388,S04427,Coding,794
P14389,S00359,Business,101
P14390,S00194,Research,797
P14391,S07407,Image Generation,577
P14392,S06125,Research,529
P14393,S06815,Learning,139
P14394,S00636,Coding,340
P14395,S05705,Learning,374
P14396,S01113,Image Generation,394
P14397,S04800,Learning,331
P14398,S07218,Image Generation,96
P14399,S03006,Writing,515
P14400,S00647,Research,331
P14401,S05021,Research,467
P14402,S05567,Research,416
P14403,S06505,Writing,519
P14404,S05091,Image Generation,286
P14405,S03806,Writing,131
P14406,S01426,Business,473
P14407,S07488,Learning,409
P14408,S04299,Learning,672
P14409,S00953,Writing,738
P14410,S00991,Research,412
P14411,S02157,Writing,352
P14412,S02036,Learning,154
P14413,S05269,Writing,179
P14414,S03063,Coding,526
P14415,S00283,Research,537
P14416,S03414,Learning,369
P14417,S06742,Image Generation,287
P14418,S01643,Learning,186
P14419,S04895,Image Generation,225
P14420,S06719,Writing,266
P14421,S03154,Image Generation,693
P14422,S07301,Coding,553
P14423,S06896,Business,126
P14424,S07223,Research,94
P14425,S07387,Coding,208
P14426,S00244,Image Generation,656
P14427,S02481,Image Generation,92
P14428,S01192,Business,469
P14429,S06795,Image Generation,695
P14430,S03609,Research,88
P14431,S05842,Research,121
P14432,S05290,Learning,399
P14433,S05956,Writing,678
P14434,S00607,Coding,533
P14435,S00482,Learning,559
P14436,S06155,Image Generation,640
P14437,S00992,Learning,640
P14438,S04639,Research,478
P14439,S04757,Coding,84
P14440,S05644,Image Generation,353
P14441,S06724,Writing,479
P14442,S04143,Writing,78
P14443,S01874,Learning,705
P14444,S05108,Business,133
P14445,S01150,Image Generation,556
P14446,S05624,Research,756
P14447,S05780,Writing,696
P14448,S01577,Research,508
P14449,S02032,Business,800
P14450,S03695,Writing,558
P14451,S01914,Writing,764
P14452,S04273,Writing,512
P14453,S01608,Learning,767
P14454,S04275,Business,279
P14455,S02952,Research,439
P14456,S05590,Learning,108
P14457,S05528,Business,328
P14458,S02975,Writing,627
P14459,S02185,Business,66
P14460,S04402,Research,441
P14461,S06273,Coding,62
P14462,S05900,Image Generation,93
P14463,S07082,Writing,623
P14464,S00683,Image Generation,55
P14465,S02907,Coding,540
P14466,S00440,Image Generation,194
P14467,S07390,Image Generation,327
P14468,S00839,Business,688
P14469,S07324,Learning,346
P14470,S05549,Business,603
P14471,S07061,Learning,123
P14472,S04888,Learning,657
P14473,S06695,Research,183
P14474,S06725,Research,317
P14475,S01309,Business,666
P14476,S01554,Image Generation,133
P14477,S02740,Image Generation,310
P14478,S05569,Business,636
P14479,S04277,Business,778
P14480,S06010,Image Generation,298
P14481,S01388,Coding,484
P14482,S02642,Coding,729
P14483,S04602,Business,394
P14484,S03811,Business,728
P14485,S02746,Research,221
P14486,S06945,Writing,625
P14487,S00168,Business,194
P14488,S01048,Writing,133
P14489,S02780,Research,216
P14490,S00493,Learning,670
P14491,S06650,Writing,553
P14492,S03104,Coding,51
P14493,S02551,Research,286
P14494,S02752,Coding,640
P14495,S04625,Image Generation,54
P14496,S04216,Coding,344
P14497,S03456,Writing,706
P14498,S05385,Image Generation,411
P14499,S06469,Coding,736
P14500,S02757,Coding,640
P14501,S03848,Business,232
P14502,S05405,Writing,669
P14503,S02773,Learning,359
P14504,S07494,Image Generation,345
P14505,S07278,Learning,345
P14506,S04790,Research,262
P14507,S03276,Writing,262
P14508,S06312,Coding,299
P14509,S01739,Learning,705
P14510,S07492,Learning,555
P14511,S00204,Writing,641
P14512,S03883,Image Generation,694
P14513,S06562,Coding,795
P14514,S06701,Coding,800
P14515,S06970,Learning,643
P14516,S01109,Writing,231
P14517,S04158,Writing,108
P14518,S07258,Business,322
P14519,S04632,Image Generation,382
P14520,S04632,Coding,455
P14521,S05834,Writing,182
P14522,S02551,Coding,708
P14523,S01884,Learning,74
P14524,S06367,Coding,799
P14525,S03932,Writing,406
P14526,S07070,Business,753
P14527,S05128,Writing,360
P14528,S00665,Image Generation,528
P14529,S01334,Business,751
P14530,S03017,Research,332
P14531,S04271,Coding,764
P14532,S01464,Coding,782
P14533,S04985,Learning,372
P14534,S05934,Learning,308
P14535,S06173,Learning,399
P14536,S02240,Business,155
P14537,S00992,Image Generation,754
P14538,S05099,Research,214
P14539,S03055,Image Generation,620
P14540,S04087,Business,59
P14541,S00398,Image Generation,764
P14542,S06966,Learning,70
P14543,S02225,Business,304
P14544,S04554,Business,641
P14545,S06381,Coding,439
P14546,S00705,Learning,461
P14547,S06800,Image Generation,312
P14548,S03031,Coding,575
P14549,S02778,Business,493
P14550,S05553,Research,750
P14551,S05668,Writing,679
P14552,S05519,Research,756
P14553,S06205,Image Generation,738
P14554,S00467,Image Generation,770
P14555,S06104,Coding,780
P14556,S03220,Coding,456
P14557,S05229,Learning,296
P14558,S03733,Image Generation,100
P14559,S04116,Image Generation,482
P14560,S04475,Business,546
P14561,S01310,Learning,719
P14562,S07016,Coding,544
P14563,S04506,Business,414
P14564,S05491,Research,755
P14565,S01347,Learning,715
P14566,S00854,Business,104
P14567,S06395,Writing,524
P14568,S03023,Coding,799
P14569,S02767,Coding,606
P14570,S06242,Coding,292
P14571,S03049,Writing,728
P14572,S02896,Research,455
P14573,S00789,Business,197
P14574,S01949,Image Generation,74
P14575,S03193,Research,675
P14576,S03647,Research,321
P14577,S07339,Learning,711
P14578,S07407,Learning,622
P14579,S02573,Learning,315
P14580,S04267,Coding,370
P14581,S05194,Research,362
P14582,S04461,Learning,413
P14583,S01510,Coding,235
P14584,S04206,Research,374
P14585,S07382,Image Generation,759
P14586,S03158,Business,93
P14587,S01092,Business,603
P14588,S02294,Coding,139
P14589,S00840,Learning,200
P14590,S00913,Research,258
P14591,S00697,Coding,424
P14592,S05373,Research,212
P14593,S03447,Coding,685
P14594,S02990,Business,236
P14595,S07408,Business,777
P14596,S00264,Writing,307
P14597,S06701,Learning,616
P14598,S03418,Learning,141
P14599,S03517,Business,325
P14600,S03434,Research,131
P14601,S04437,Learning,189
P14602,S01010,Writing,738
P14603,S02868,Learning,503
P14604,S02506,Learning,410
P14605,S03378,Business,757
P14606,S02819,Coding,444
P14607,S06905,Learning,484
P14608,S00148,Research,215
P14609,S03953,Coding,103
P14610,S01761,Business,605
P14611,S00725,Research,736
P14612,S06380,Image Generation,292
P14613,S00469,Coding,775
P14614,S01307,Writing,146
P14615,S04720,Coding,792
P14616,S00260,Writing,769
P14617,S01085,Research,746
P14618,S03584,Research,366
P14619,S07360,Image Generation,428
P14620,S06472,Learning,372
P14621,S06770,Learning,515
P14622,S02269,Writing,511
P14623,S02543,Business,421
P14624,S05999,Coding,179
P14625,S05064,Research,577
P14626,S03937,Image Generation,297
P14627,S05925,Image Generation,645
P14628,S00808,Learning,362
P14629,S01676,Image Generation,738
P14630,S01334,Image Generation,454
P14631,S06153,Learning,500
P14632,S06426,Image Generation,63
P14633,S02383,Coding,234
P14634,S03288,Business,526
P14635,S02798,Writing,699
P14636,S00910,Research,338
P14637,S04738,Research,677
P14638,S02350,Coding,301
P14639,S00191,Writing,167
P14640,S04609,Image Generation,202
P14641,S00113,Coding,204
P14642,S02462,Business,756
P14643,S00040,Research,87
P14644,S07077,Research,627
P14645,S01451,Coding,746
P14646,S05571,Learning,542
P14647,S05138,Image Generation,473
P14648,S04943,Business,548
P14649,S03348,Research,225
P14650,S00466,Learning,138
P14651,S02710,Business,434
P14652,S07246,Writing,254
P14653,S04315,Learning,543
P14654,S03944,Writing,659
P14655,S07173,Business,416
P14656,S01448,Coding,220
P14657,S01985,Writing,735
P14658,S03423,Image Generation,701
P14659,S02219,Learning,352
P14660,S03242,Writing,759
P14661,S03373,Writing,718
P14662,S01790,Research,717
P14663,S05397,Research,81
P14664,S04325,Learning,128
P14665,S03279,Learning,432
P14666,S06489,Learning,640
P14667,S01116,Business,390
P14668,S01053,Business,645
P14669,S02285,Business,660
P14670,S04983,Image Generation,359
P14671,S03120,Coding,576
P14672,S00004,Business,325
P14673,S03419,Writing,281
P14674,S06336,Learning,412
P14675,S01085,Image Generation,65
P14676,S03936,Business,352
P14677,S03268,Research,203
P14678,S00329,Coding,476
P14679,S04705,Learning,315
P14680,S03274,Image Generation,609
P14681,S06729,Image Generation,365
P14682,S00633,Coding,570
P14683,S04210,Business,772
P14684,S00334,Coding,711
P14685,S01321,Writing,129
P14686,S06696,Writing,474
P14687,S02820,Learning,652
P14688,S03259,Business,228
P14689,S04739,Business,175
P14690,S00716,Coding,478
P14691,S03241,Learning,539
P14692,S06231,Writing,516
P14693,S03781,Learning,484
P14694,S00462,Image Generation,424
P14695,S04812,Writing,356
P14696,S04770,Business,753
P14697,S05816,Research,656
P14698,S02243,Business,481
P14699,S07208,Learning,605
P14700,S02629,Learning,81
P14701,S00830,Writing,616
P14702,S01709,Research,445
P14703,S05372,Research,317
P14704,S05281,Coding,285
P14705,S06138,Learning,438
P14706,S06657,Learning,777
P14707,S00646,Business,306
P14708,S00292,Research,258
P14709,S02568,Coding,777
P14710,S02447,Image Generation,626
P14711,S02764,Coding,200
P14712,S03824,Image Generation,390
P14713,S01264,Business,411
P14714,S01168,Image Generation,259
P14715,S00636,Image Generation,596
P14716,S06624,Coding,555
P14717,S04778,Learning,92
P14718,S01066,Image Generation,470
P14719,S06624,Coding,687
P14720,S07125,Business,249
P14721,S05365,Business,278
P14722,S02278,Research,131
P14723,S06039,Research,133
P14724,S04720,Writing,377
P14725,S03879,Business,565
P14726,S06183,Business,228
P14727,S02598,Image Generation,592
P14728,S00928,Learning,725
P14729,S01376,Research,406
P14730,S02253,Writing,84
P14731,S04059,Image Generation,171
P14732,S07004,Writing,320
P14733,S06435,Image Generation,535
P14734,S01963,Research,401
P14735,S02393,Coding,584
P14736,S03355,Coding,681
P14737,S00207,Writing,206
P14738,S01706,Image Generation,638
P14739,S05372,Image Generation,591
P14740,S07081,Coding,619
P14741,S02755,Image Generation,358
P14742,S02538,Business,432
P14743,S01118,Research,401
P14744,S03421,Business,171
P14745,S07129,Business,491
P14746,S05856,Business,463
P14747,S00894,Writing,416
P14748,S02703,Business,509
P14749,S00979,Business,406
P14750,S00008,Coding,353
P14751,S00775,Image Generation,122
P14752,S05424,Business,774
P14753,S03206,Business,279
P14754,S03446,Image Generation,589
P14755,S05722,Coding,480
P14756,S02050,Business,344
P14757,S02002,Learning,337
P14758,S06109,Writing,758
P14759,S03188,Coding,600
P14760,S02316,Learning,567
P14761,S01951,Image Generation,467
P14762,S02763,Coding,593
P14763,S00032,Writing,183
P14764,S03455,Writing,212
P14765,S04908,Business,192
P14766,S06563,Coding,476
P14767,S00299,Image Generation,210
P14768,S07155,Research,70
P14769,S06669,Image Generation,611
P14770,S05776,Learning,319
P14771,S03490,Writing,226
P14772,S06865,Learning,683
P14773,S05331,Research,483
P14774,S02530,Image Generation,240
P14775,S03762,Business,727
P14776,S00986,Learning,629
P14777,S04992,Learning,138
P14778,S03532,Image Generation,284
P14779,S03408,Writing,156
P14780,S04445,Image Generation,127
P14781,S02662,Coding,550
P14782,S03534,Coding,650
P14783,S05582,Image Generation,676
P14784,S05893,Research,169
P14785,S05252,Learning,625
P14786,S04425,Image Generation,311
P14787,S04454,Image Generation,487
P14788,S07238,Business,327
P14789,S00543,Learning,499
P14790,S07374,Business,768
P14791,S06786,Image Generation,521
P14792,S04982,Image Generation,271
P14793,S05189,Business,765
P14794,S03758,Business,799
P14795,S00284,Coding,291
P14796,S02174,Coding,189
P14797,S07345,Learning,401
P14798,S00737,Learning,291
P14799,S06924,Coding,443
P14800,S03139,Research,753
P14801,S06364,Learning,337
P14802,S01931,Research,397
P14803,S02270,Learning,106
P14804,S03137,Learning,355
P14805,S04854,Image Generation,698
P14806,S04514,Writing,754
P14807,S01661,Writing,339
P14808,S04223,Image Generation,787
P14809,S00851,Learning,153
P14810,S04373,Writing,121
P14811,S03557,Learning,63
P14812,S00493,Coding,358
P14813,S04447,Coding,76
P14814,S05725,Business,658
P14815,S05878,Research,512
P14816,S05424,Writing,725
P14817,S00145,Learning,161
P14818,S06144,Learning,532
P14819,S00239,Business,268
P14820,S01354,Research,139
P14821,S01486,Image Generation,278
P14822,S01117,Research,288
P14823,S06095,Coding,436
P14824,S02037,Writing,467
P14825,S06533,Business,651
P14826,S05472,Learning,161
P14827,S04636,Learning,388
P14828,S00294,Business,70
P14829,S01017,Business,373
P14830,S03576,Writing,763
P14831,S01648,Coding,605
P14832,S05185,Image Generation,628
P14833,S01523,Coding,636
P14834,S00684,Learning,237
P14835,S04769,Writing,784
P14836,S03075,Image Generation,378
P14837,S07291,Business,76
P14838,S06103,Writing,310
P14839,S06799,Writing,735
P14840,S06590,Research,569
P14841,S04916,Research,339
P14842,S05802,Learning,746
P14843,S00213,Writing,557
P14844,S06659,Image Generation,500
P14845,S06230,Coding,71
P14846,S07067,Coding,119
P14847,S00338,Writing,260
P14848,S03216,Writing,700
P14849,S03987,Business,127
P14850,S04504,Writing,397
P14851,S04058,Image Generation,254
P14852,S04219,Writing,189
P14853,S01290,Coding,698
P14854,S06092,Coding,540
P14855,S02218,Research,764
P14856,S04644,Writing,270
P14857,S01836,Coding,553
P14858,S02748,Coding,512
P14859,S05791,Coding,798
P14860,S06844,Writing,85
P14861,S01564,Coding,141
P14862,S01358,Coding,597
P14863,S07051,Research,641
P14864,S07333,Writing,354
P14865,S06878,Business,123
P14866,S07085,Image Generation,212
P14867,S00005,Business,539
P14868,S04232,Image Generation,694
P14869,S01776,Business,498
P14870,S03055,Research,690
P14871,S01067,Coding,366
P14872,S03286,Business,78
P14873,S05888,Writing,442
P14874,S01655,Business,648
P14875,S06635,Learning,733
P14876,S00058,Image Generation,414
P14877,S01745,Writing,262
P14878,S07167,Image Generation,710
P14879,S02771,Research,371
P14880,S01153,Writing,597
P14881,S00917,Research,618
P14882,S07436,Coding,287
P14883,S07281,Coding,599
P14884,S02381,Writing,471
P14885,S03155,Coding,551
P14886,S02488,Coding,671
P14887,S00304,Business,766
P14888,S01084,Learning,299
P14889,S06927,Coding,719
P14890,S02334,Business,465
P14891,S02785,Research,254
P14892,S05961,Image Generation,510
P14893,S00962,Writing,780
P14894,S06633,Research,262
P14895,S06961,Writing,202
P14896,S07128,Image Generation,307
P14897,S05795,Writing,224
P14898,S02532,Image Generation,355
P14899,S01220,Coding,318
P14900,S06383,Image Generation,643
P14901,S04545,Business,584
P14902,S04195,Learning,161
P14903,S01059,Writing,685
P14904,S06049,Image Generation,60
P14905,S03955,Writing,498
P14906,S01280,Learning,515
P14907,S05341,Writing,88
P14908,S03310,Image Generation,204
P14909,S01469,Image Generation,454
P14910,S03796,Business,258
P14911,S07440,Business,323
P14912,S00433,Research,718
P14913,S01844,Writing,464
P14914,S04682,Coding,208
P14915,S04608,Image Generation,273
P14916,S01278,Writing,104
P14917,S07010,Writing,540
P14918,S06618,Writing,511
P14919,S06587,Learning,670
P14920,S06262,Coding,676
P14921,S05737,Coding,522
P14922,S01410,Business,607
P14923,S03428,Learning,747
P14924,S01959,Writing,355
P14925,S06213,Image Generation,283
P14926,S06020,Image Generation,392
P14927,S03737,Image Generation,305
P14928,S01057,Writing,683
P14929,S02489,Research,451
P14930,S03047,Writing,62
P14931,S04750,Business,554
P14932,S04160,Writing,159
P14933,S03956,Research,178
P14934,S03183,Coding,192
P14935,S02931,Coding,446
P14936,S07294,Research,757
P14937,S00736,Image Generation,796
P14938,S02080,Learning,677
P14939,S06082,Image Generation,726
P14940,S05003,Learning,57
P14941,S00375,Coding,757
P14942,S01851,Writing,188
P14943,S01446,Research,404
P14944,S06303,Business,616
P14945,S03373,Business,113
P14946,S04675,Coding,690
P14947,S00611,Image Generation,500
P14948,S03650,Research,196
P14949,S02751,Business,292
P14950,S04302,Coding,306
P14951,S04015,Writing,147
P14952,S06817,Image Generation,124
P14953,S04644,Learning,776
P14954,S01073,Research,455
P14955,S05083,Business,283
P14956,S07474,Writing,80
P14957,S04623,Learning,560
P14958,S05982,Writing,711
P14959,S06239,Coding,364
P14960,S05383,Coding,272
P14961,S04215,Research,436
P14962,S05837,Image Generation,355
P14963,S07372,Business,289
P14964,S05109,Business,129
P14965,S04284,Research,452
P14966,S03204,Learning,585
P14967,S00876,Coding,151
P14968,S00041,Image Generation,424
P14969,S02171,Business,665
P14970,S06314,Research,758
P14971,S06933,Business,63
P14972,S04795,Writing,754
P14973,S02027,Learning,463
P14974,S05834,Business,726
P14975,S03769,Learning,632
P14976,S02945,Writing,123
P14977,S02217,Writing,289
P14978,S05729,Business,790
P14979,S00912,Research,78
P14980,S04909,Learning,189
P14981,S06080,Image Generation,593
P14982,S06307,Coding,418
P14983,S02474,Learning,696
P14984,S05847,Business,482
P14985,S07327,Research,531
P14986,S00984,Writing,211
P14987,S03732,Coding,82
P14988,S07029,Learning,194
P14989,S04219,Image Generation,212
P14990,S03861,Image Generation,694
P14991,S00411,Writing,373
P14992,S06623,Learning,55
P14993,S02023,Writing,634
P14994,S01938,Research,569
P14995,S05559,Image Generation,554
P14996,S04223,Image Generation,577
P14997,S02063,Learning,397
P14998,S06677,Research,330
P14999,S07020,Business,327
P15000,S07158,Business,192
