session_id,user_id,tool_id,session_date,duration_min
S00001,U1871,T09,2023-06-17,134
S00002,U1617,T07,2024-01-22,56
S00003,U0546,T01,2023-10-20,121
S00004,U1439,T06,2023-07-12,69
S00005,U0988,T06,2024-09-26,9
S00006,U1046,T07,2025-07-20,72
S00007,U1396,T02,2023-01-26,73
S00008,U1744,T03,2024-04-18,157
S00009,U1522,T10,2025-02-27,6
S00010,U0968,T09,2023-12-25,61
S00011,U0491,T04,2023-07-12,54
S00012,U0946,T01,2025-04-27,92
S00013,U0591,T01,2025-08-12,167
S00014,U2446,T04,2023-05-05,163
S00015,U0141,T02,2023-03-15,53
S00016,U1448,T02,2025-02-10,151
S00017,U2447,T04,2024-10-14,105
S00018,U1193,T03,2024-08-21,84
S00019,U1144,T10,2025-01-12,63
S00020,U0902,T02,2025-02-12,41
S00021,U1475,T05,2024-12-21,157
S00022,U2159,T10,2024-12-30,18
S00023,U2147,T01,2023-07-05,116
S00024,U1389,T09,2024-12-31,143
S00025,U0987,T05,2025-11-29,78
S00026,U1583,T09,2026-01-21,87
S00027,U0684,T03,2026-01-04,30
S00028,U0622,T04,2024-09-11,116
S00029,U1729,T05,2025-10-28,165
S00030,U1499,T05,2025-06-25,119
S00031,U0232,T08,2026-02-21,110
S00032,U0002,T10,2023-09-11,81
S00033,U2053,T03,2023-05-30,33
S00034,U0980,T06,2025-07-06,98
S00035,U1186,T03,2024-07-22,176
S00036,U0420,T03,2025-09-28,89
S00037,U2243,T04,2024-12-22,14
S00038,U0229,T02,2024-01-12,132
S00039,U1864,T09,2023-07-11,108
S00040,U0251,T10,2023-11-04,23
S00041,U1245,T01,2025-07-28,67
S00042,U0946,T04,2023-09-25,146
S00043,U2379,T07,2023-09-28,153
S00044,U0611,T03,2024-12-25,177
S00045,U0230,T06,2023-03-02,179
S00046,U2033,T08,2023-07-08,13
S00047,U1836,T03,2025-02-22,170
S00048,U1089,T01,2023-03-19,139
S00049,U0156,T03,2024-03-31,162
S00050,U1156,T09,2023-09-01,152
S00051,U1249,T03,2023-03-15,156
S00052,U0439,T08,2023-11-01,70
S00053,U0473,T09,2023-06-22,178
S00054,U1348,T03,2024-04-17,63
S00055,U1378,T10,2025-06-20,94
S00056,U2320,T01,2026-03-09,21
S00057,U1119,T10,2026-01-31,52
S00058,U0060,T09,2025-01-27,157
S00059,U1206,T09,2023-12-15,165
S00060,U0047,T08,2026-02-03,47
S00061,U1486,T10,2025-10-29,98
S00062,U2263,T07,2025-10-20,125
S00063,U1412,T07,2023-07-20,178
S00064,U0310,T02,2024-04-13,88
S00065,U0846,T01,2023-05-03,156
S00066,U1443,T04,2025-05-04,101
S00067,U0212,T01,2025-06-04,155
S00068,U1138,T10,2025-02-06,23
S00069,U0424,T06,2024-01-03,94
S00070,U1591,T08,2023-11-22,49
S00071,U1718,T08,2024-01-23,11
S00072,U2050,T03,2024-02-10,175
S00073,U0752,T02,2023-02-23,27
S00074,U0782,T08,2024-06-11,20
S00075,U1633,T05,2025-05-13,65
S00076,U1852,T02,2023-05-23,59
S00077,U0852,T04,2023-03-04,49
S00078,U1687,T08,2025-06-19,89
S00079,U0729,T04,2025-05-11,28
S00080,U1562,T06,2025-01-11,27
S00081,U2119,T08,2025-12-20,178
S00082,U2285,T01,2024-02-06,76
S00083,U1462,T06,2023-02-27,53
S00084,U1008,T07,2024-10-26,99
S00085,U2485,T08,2025-08-05,33
S00086,U2261,T01,2024-03-04,92
S00087,U0317,T07,2024-06-01,176
S00088,U0998,T01,2024-09-29,29
S00089,U1275,T10,2023-10-30,115
S00090,U1480,T09,2023-06-20,83
S00091,U0296,T08,2025-09-06,46
S00092,U0981,T10,2023-01-03,141
S00093,U0122,T04,2024-03-07,88
S00094,U2447,T02,2026-04-08,104
S00095,U1681,T09,2025-02-13,175
S00096,U2334,T06,2025-02-14,117
S00097,U1154,T09,2024-12-31,53
S00098,U0574,T09,2024-09-02,143
S00099,U0389,T08,2024-12-18,106
S00100,U0757,T01,2023-06-23,131
S00101,U0246,T07,2023-11-13,153
S00102,U0562,T03,2025-11-17,22
S00103,U1612,T09,2024-01-31,138
S00104,U1607,T06,2025-04-28,49
S00105,U1667,T10,2024-07-16,64
S00106,U2421,T06,2025-11-30,7
S00107,U1200,T05,2025-10-23,73
S00108,U0598,T04,2025-08-11,14
S00109,U1110,T02,2023-06-29,18
S00110,U0273,T08,2023-10-05,129
S00111,U1893,T10,2025-03-08,62
S00112,U0218,T07,2023-12-14,18
S00113,U1191,T08,2023-04-02,44
S00114,U2062,T04,2024-03-02,165
S00115,U0661,T04,2023-09-16,9
S00116,U1540,T01,2025-04-09,161
S00117,U1507,T06,2024-11-14,43
S00118,U1320,T06,2025-12-25,91
S00119,U0241,T06,2025-07-17,46
S00120,U0381,T01,2023-02-24,129
S00121,U0425,T04,2025-03-09,164
S00122,U2158,T07,2023-08-13,72
S00123,U2116,T07,2023-03-31,122
S00124,U0887,T01,2026-02-05,5
S00125,U1202,T07,2023-05-11,90
S00126,U1415,T10,2025-04-02,20
S00127,U2485,T05,2023-09-27,57
S00128,U0054,T03,2025-07-03,18
S00129,U2322,T07,2023-08-12,146
S00130,U0134,T09,2023-12-11,171
S00131,U1888,T02,2023-01-24,145
S00132,U0036,T03,2024-04-07,5
S00133,U2179,T01,2025-11-10,169
S00134,U2426,T04,2025-06-10,32
S00135,U1996,T06,2024-11-14,46
S00136,U0872,T04,2023-06-21,172
S00137,U0892,T03,2024-09-08,28
S00138,U0323,T04,2023-09-22,24
S00139,U1843,T05,2025-01-09,68
S00140,U0578,T03,2026-04-12,66
S00141,U1740,T02,2025-01-31,140
S00142,U2185,T03,2023-05-04,143
S00143,U0178,T05,2023-01-14,147
S00144,U2400,T08,2025-05-02,54
S00145,U2426,T02,2024-12-23,90
S00146,U2052,T09,2024-06-13,47
S00147,U2369,T05,2024-08-30,129
S00148,U2087,T06,2025-10-29,170
S00149,U1753,T02,2023-04-09,21
S00150,U0261,T05,2025-05-12,169
S00151,U1583,T06,2024-11-03,152
S00152,U0368,T03,2026-02-15,150
S00153,U1805,T09,2025-05-05,62
S00154,U2271,T05,2025-04-28,91
S00155,U1278,T03,2023-03-27,33
S00156,U0412,T08,2023-09-07,126
S00157,U1430,T05,2023-09-02,85
S00158,U1565,T02,2023-12-03,138
S00159,U2185,T08,2025-10-31,27
S00160,U2041,T06,2026-02-28,36
S00161,U1318,T02,2023-07-22,146
S00162,U0999,T08,2024-05-11,129
S00163,U1381,T01,2023-12-08,20
S00164,U0064,T07,2024-11-10,83
S00165,U2270,T10,2024-05-18,95
S00166,U0599,T02,2024-01-21,13
S00167,U0722,T06,2025-06-11,179
S00168,U1080,T04,2023-11-26,58
S00169,U1661,T09,2024-01-15,49
S00170,U0980,T08,2023-10-21,162
S00171,U1155,T10,2024-10-25,46
S00172,U1309,T09,2026-03-21,164
S00173,U1155,T04,2024-02-04,47
S00174,U1155,T01,2023-10-19,38
S00175,U0106,T07,2023-04-17,94
S00176,U1839,T03,2025-05-26,60
S00177,U0643,T09,2025-01-03,49
S00178,U0281,T05,2025-01-30,90
S00179,U0199,T09,2024-09-16,180
S00180,U0638,T10,2025-09-11,170
S00181,U0213,T08,2025-05-04,161
S00182,U0360,T01,2023-01-17,16
S00183,U0067,T01,2024-03-16,99
S00184,U0835,T08,2023-04-01,17
S00185,U0908,T05,2024-02-15,148
S00186,U0733,T04,2026-03-19,55
S00187,U1522,T09,2024-03-16,39
S00188,U2326,T02,2024-10-05,46
S00189,U2233,T08,2025-10-19,10
S00190,U2222,T08,2023-05-19,8
S00191,U1861,T06,2026-03-18,96
S00192,U1417,T07,2023-10-21,36
S00193,U0447,T08,2024-10-28,47
S00194,U0288,T07,2023-02-12,134
S00195,U1819,T01,2023-10-04,80
S00196,U1152,T05,2023-05-03,126
S00197,U1946,T01,2026-03-09,43
S00198,U0004,T08,2025-04-23,14
S00199,U0998,T02,2025-03-06,177
S00200,U2203,T09,2023-02-27,154
S00201,U1261,T01,2023-02-16,66
S00202,U2175,T07,2024-07-24,165
S00203,U1491,T01,2024-03-12,162
S00204,U1757,T04,2025-07-15,133
S00205,U0203,T03,2026-01-13,164
S00206,U1108,T01,2023-07-18,106
S00207,U0392,T01,2025-10-10,158
S00208,U2007,T03,2023-08-17,130
S00209,U1027,T03,2023-05-04,32
S00210,U2182,T08,2023-05-27,51
S00211,U1382,T08,2025-12-31,45
S00212,U1998,T06,2024-06-10,81
S00213,U1983,T03,2024-09-10,138
S00214,U0120,T03,2024-05-13,31
S00215,U1594,T02,2023-09-06,80
S00216,U0405,T05,2024-03-28,49
S00217,U1481,T02,2025-07-09,30
S00218,U1323,T09,2026-01-23,21
S00219,U1829,T10,2025-06-08,27
S00220,U2154,T10,2023-08-18,124
S00221,U2454,T08,2024-06-09,102
S00222,U1906,T08,2025-02-15,103
S00223,U0400,T07,2024-11-14,165
S00224,U0043,T02,2023-12-22,131
S00225,U1764,T01,2023-06-25,104
S00226,U2078,T10,2024-11-07,15
S00227,U0111,T09,2023-01-02,120
S00228,U2171,T03,2025-07-15,82
S00229,U1665,T02,2025-11-03,162
S00230,U0838,T07,2024-10-13,130
S00231,U1760,T07,2023-03-05,150
S00232,U2168,T09,2023-07-29,48
S00233,U1660,T09,2023-11-14,70
S00234,U0882,T08,2023-10-09,92
S00235,U2247,T02,2023-11-20,157
S00236,U2019,T01,2024-09-29,14
S00237,U2238,T02,2024-07-05,131
S00238,U0644,T07,2024-05-29,95
S00239,U1207,T06,2024-06-02,52
S00240,U2147,T10,2024-03-14,164
S00241,U2211,T02,2023-11-17,69
S00242,U0496,T04,2023-04-01,180
S00243,U0563,T09,2026-04-08,179
S00244,U1858,T09,2023-08-24,143
S00245,U2289,T04,2023-12-30,111
S00246,U1728,T10,2023-12-06,15
S00247,U1345,T01,2024-10-18,48
S00248,U0605,T06,2024-05-20,174
S00249,U2387,T01,2025-05-07,172
S00250,U0641,T06,2026-04-15,59
S00251,U0998,T08,2024-07-30,74
S00252,U2400,T09,2025-10-31,150
S00253,U2054,T08,2024-04-03,46
S00254,U0270,T10,2024-05-25,121
S00255,U0569,T07,2023-12-11,10
S00256,U0386,T01,2023-03-11,148
S00257,U0226,T10,2025-10-17,123
S00258,U0100,T08,2024-06-21,77
S00259,U1130,T07,2025-09-07,35
S00260,U0360,T05,2025-02-11,116
S00261,U0807,T04,2025-12-15,44
S00262,U0283,T05,2024-02-27,30
S00263,U1433,T05,2023-10-08,61
S00264,U1467,T06,2023-11-23,31
S00265,U0430,T04,2024-09-13,65
S00266,U0269,T01,2024-11-11,159
S00267,U1546,T04,2025-01-17,161
S00268,U0315,T08,2025-08-15,89
S00269,U1199,T06,2025-12-04,9
S00270,U2091,T02,2023-09-21,47
S00271,U0083,T01,2024-05-22,57
S00272,U1770,T05,2024-01-15,32
S00273,U1539,T09,2025-12-10,7
S00274,U0808,T02,2024-03-23,45
S00275,U1283,T04,2024-10-10,63
S00276,U1074,T06,2025-03-13,86
S00277,U0201,T08,2024-02-14,179
S00278,U0450,T08,2023-11-15,104
S00279,U1545,T04,2024-10-04,91
S00280,U0976,T08,2025-08-14,107
S00281,U0018,T08,2024-12-21,169
S00282,U1972,T06,2023-04-23,118
S00283,U1608,T10,2026-04-02,177
S00284,U1949,T08,2024-08-12,20
S00285,U2060,T08,2024-04-19,28
S00286,U1240,T03,2025-07-12,59
S00287,U1096,T03,2026-01-14,82
S00288,U1607,T01,2024-01-21,149
S00289,U2451,T08,2023-01-29,79
S00290,U1088,T09,2024-06-15,24
S00291,U1599,T01,2026-03-12,146
S00292,U0158,T04,2025-08-26,60
S00293,U1617,T06,2024-09-04,129
S00294,U2098,T05,2024-06-23,159
S00295,U0659,T07,2025-04-07,132
S00296,U2281,T04,2024-04-27,109
S00297,U2449,T08,2023-06-03,104
S00298,U0231,T01,2024-01-24,95
S00299,U0808,T02,2023-03-19,125
S00300,U0783,T01,2024-01-01,85
S00301,U0176,T09,2024-06-07,57
S00302,U0783,T07,2025-12-14,21
S00303,U2351,T03,2024-06-07,16
S00304,U0596,T01,2023-05-02,156
S00305,U2271,T04,2023-12-25,88
S00306,U0574,T03,2025-04-07,153
S00307,U0005,T01,2026-04-03,90
S00308,U2073,T01,2024-03-16,25
S00309,U1975,T08,2023-06-01,48
S00310,U1106,T09,2023-02-07,110
S00311,U1194,T10,2026-02-21,154
S00312,U0821,T03,2024-10-16,30
S00313,U2353,T05,2024-09-13,56
S00314,U2315,T09,2023-08-17,8
S00315,U1149,T04,2024-03-19,65
S00316,U2221,T04,2025-10-17,86
S00317,U1635,T10,2025-09-14,31
S00318,U1522,T02,2025-08-11,69
S00319,U1949,T01,2023-02-11,90
S00320,U1960,T01,2024-05-19,145
S00321,U0515,T01,2025-03-19,29
S00322,U0949,T01,2024-09-06,162
S00323,U1516,T02,2023-07-17,75
S00324,U1150,T03,2024-04-27,142
S00325,U2483,T03,2025-09-04,19
S00326,U1687,T08,2023-03-03,8
S00327,U1357,T07,2024-09-02,129
S00328,U0212,T08,2024-10-13,113
S00329,U0105,T03,2024-07-29,97
S00330,U0986,T02,2023-10-24,161
S00331,U1309,T07,2026-01-13,143
S00332,U2396,T05,2025-12-22,87
S00333,U1504,T08,2023-10-16,162
S00334,U0859,T07,2024-03-16,31
S00335,U0333,T03,2023-01-31,167
S00336,U0088,T02,2025-07-19,140
S00337,U2334,T02,2024-01-16,96
S00338,U2160,T09,2023-12-21,51
S00339,U1707,T02,2025-08-04,32
S00340,U0011,T08,2025-01-17,108
S00341,U0590,T10,2025-01-15,40
S00342,U2452,T04,2025-03-08,88
S00343,U0774,T09,2025-12-28,30
S00344,U1265,T08,2024-02-28,153
S00345,U1860,T03,2024-06-08,18
S00346,U0670,T04,2025-10-02,143
S00347,U0808,T01,2025-03-29,166
S00348,U1412,T08,2025-11-04,111
S00349,U0907,T04,2023-06-14,8
S00350,U0638,T08,2024-03-17,132
S00351,U1102,T07,2023-09-11,134
S00352,U0287,T02,2024-12-11,48
S00353,U0815,T07,2024-09-26,109
S00354,U1056,T09,2024-05-17,101
S00355,U1671,T01,2023-03-23,54
S00356,U1525,T07,2024-10-21,109
S00357,U1133,T08,2025-03-13,49
S00358,U0528,T07,2024-12-16,178
S00359,U1499,T10,2025-02-03,133
S00360,U1782,T01,2025-01-23,36
S00361,U1369,T01,2024-03-11,161
S00362,U1468,T03,2026-02-13,154
S00363,U1174,T08,2026-02-20,49
S00364,U1733,T06,2025-01-30,12
S00365,U0683,T03,2025-01-05,125
S00366,U1828,T09,2024-01-29,36
S00367,U1315,T01,2025-05-27,61
S00368,U1799,T05,2025-05-10,75
S00369,U0326,T09,2024-02-11,120
S00370,U0458,T01,2023-01-10,141
S00371,U2347,T04,2024-05-05,13
S00372,U2477,T08,2024-11-10,57
S00373,U0781,T02,2023-02-28,81
S00374,U1150,T02,2023-10-01,99
S00375,U1844,T07,2024-11-05,20
S00376,U2081,T05,2023-06-21,123
S00377,U0912,T03,2026-03-04,153
S00378,U2401,T04,2025-12-08,79
S00379,U2411,T10,2025-08-20,78
S00380,U1149,T02,2026-02-03,171
S00381,U1040,T03,2023-12-30,139
S00382,U2434,T03,2025-05-28,82
S00383,U1627,T07,2024-04-19,47
S00384,U1688,T03,2026-02-25,143
S00385,U1353,T04,2024-03-21,43
S00386,U1179,T02,2023-06-04,66
S00387,U0473,T05,2023-01-22,38
S00388,U1663,T07,2023-04-26,36
S00389,U2469,T01,2023-09-27,124
S00390,U1618,T05,2024-05-03,45
S00391,U1928,T04,2026-04-11,62
S00392,U2481,T05,2025-12-08,111
S00393,U1887,T10,2026-02-27,77
S00394,U0542,T09,2023-09-22,13
S00395,U0536,T09,2023-11-12,154
S00396,U0039,T09,2024-06-01,144
S00397,U2248,T03,2023-03-12,93
S00398,U1970,T09,2024-01-17,64
S00399,U1333,T03,2024-03-08,177
S00400,U0707,T10,2025-10-06,174
S00401,U1014,T03,2024-03-03,16
S00402,U2107,T06,2024-05-20,108
S00403,U1873,T05,2024-01-09,34
S00404,U0181,T02,2023-03-16,78
S00405,U2041,T01,2023-09-04,166
S00406,U1279,T10,2025-01-29,93
S00407,U0980,T04,2024-06-09,53
S00408,U0665,T06,2024-07-25,173
S00409,U1324,T06,2023-03-17,24
S00410,U0874,T03,2025-03-17,170
S00411,U1876,T04,2023-01-26,123
S00412,U1625,T07,2024-12-14,180
S00413,U1520,T08,2023-01-18,170
S00414,U1034,T02,2023-04-30,108
S00415,U1667,T06,2025-04-01,52
S00416,U1248,T04,2023-07-03,82
S00417,U0122,T07,2023-03-21,122
S00418,U0024,T07,2024-02-20,144
S00419,U1950,T05,2023-02-18,158
S00420,U0858,T04,2023-10-12,158
S00421,U1358,T04,2024-06-23,89
S00422,U0147,T07,2024-08-16,9
S00423,U1917,T01,2025-05-20,9
S00424,U0448,T03,2024-05-23,9
S00425,U1658,T10,2025-06-30,44
S00426,U0316,T04,2024-01-27,111
S00427,U2305,T10,2025-01-03,99
S00428,U0257,T04,2024-02-07,29
S00429,U0523,T10,2024-07-20,93
S00430,U1342,T07,2024-06-24,110
S00431,U1456,T04,2023-06-03,121
S00432,U0897,T05,2023-01-22,135
S00433,U2456,T06,2024-01-23,96
S00434,U2352,T05,2025-02-05,55
S00435,U1438,T06,2026-02-06,145
S00436,U1098,T07,2023-07-03,101
S00437,U0781,T08,2026-03-28,55
S00438,U0887,T06,2025-09-08,117
S00439,U0021,T01,2024-09-05,37
S00440,U2092,T07,2023-05-26,80
S00441,U2269,T10,2023-09-20,87
S00442,U1320,T07,2025-09-01,166
S00443,U2312,T03,2024-06-10,61
S00444,U1010,T07,2026-03-13,99
S00445,U2195,T01,2024-09-09,123
S00446,U2072,T06,2023-01-11,43
S00447,U1951,T08,2023-02-09,13
S00448,U1602,T07,2023-08-09,57
S00449,U1741,T06,2025-06-01,120
S00450,U1575,T07,2023-05-09,132
S00451,U0748,T09,2024-03-14,52
S00452,U0409,T07,2025-01-09,61
S00453,U0737,T07,2026-04-10,95
S00454,U2451,T06,2023-10-17,142
S00455,U0653,T04,2024-06-09,145
S00456,U1014,T02,2023-06-12,56
S00457,U2306,T07,2025-10-04,14
S00458,U1317,T04,2023-06-03,114
S00459,U0346,T06,2024-01-09,127
S00460,U0966,T06,2026-03-18,55
S00461,U1161,T03,2025-07-16,33
S00462,U0116,T02,2024-06-03,141
S00463,U1251,T02,2024-08-04,56
S00464,U1896,T04,2023-02-28,111
S00465,U0304,T06,2025-08-11,120
S00466,U1851,T09,2024-04-02,115
S00467,U1132,T07,2023-06-28,152
S00468,U1636,T07,2023-07-24,31
S00469,U1494,T06,2024-12-20,106
S00470,U1953,T08,2024-02-26,169
S00471,U0883,T03,2024-02-28,34
S00472,U0057,T10,2024-01-13,129
S00473,U1408,T05,2024-09-28,27
S00474,U0861,T10,2026-01-27,41
S00475,U1036,T04,2023-07-16,150
S00476,U1225,T09,2025-05-02,87
S00477,U2369,T09,2024-12-31,44
S00478,U2146,T08,2025-11-01,63
S00479,U1282,T04,2026-02-08,89
S00480,U0526,T09,2023-10-09,106
S00481,U1155,T01,2023-03-02,13
S00482,U1667,T06,2023-03-29,133
S00483,U1890,T10,2025-07-22,167
S00484,U2066,T05,2026-01-18,107
S00485,U1656,T06,2024-06-02,129
S00486,U0328,T01,2023-11-03,85
S00487,U0265,T06,2023-04-22,20
S00488,U1571,T06,2024-03-18,40
S00489,U1756,T04,2024-08-03,92
S00490,U0020,T04,2024-03-11,72
S00491,U1657,T05,2025-08-21,108
S00492,U1998,T10,2025-08-12,72
S00493,U0070,T08,2025-07-07,121
S00494,U2163,T07,2024-03-22,157
S00495,U1500,T07,2023-12-15,49
S00496,U2320,T08,2026-02-04,95
S00497,U2129,T01,2024-03-16,33
S00498,U1531,T01,2025-07-07,21
S00499,U1333,T02,2023-07-06,137
S00500,U1497,T04,2023-07-05,90
S00501,U0529,T04,2024-12-20,65
S00502,U1096,T04,2025-11-09,105
S00503,U2380,T01,2023-01-30,71
S00504,U1148,T08,2023-08-27,129
S00505,U1688,T05,2023-07-18,20
S00506,U1409,T08,2025-01-22,142
S00507,U2462,T05,2024-02-15,114
S00508,U1568,T03,2026-03-06,171
S00509,U1511,T02,2026-02-25,118
S00510,U1155,T08,2025-01-24,56
S00511,U1352,T07,2025-01-25,48
S00512,U1824,T06,2024-05-28,144
S00513,U0524,T04,2023-11-23,90
S00514,U0010,T02,2023-10-12,56
S00515,U0539,T09,2025-11-03,17
S00516,U1565,T03,2023-09-23,91
S00517,U1936,T08,2023-07-16,9
S00518,U1593,T03,2025-02-15,27
S00519,U2476,T03,2023-06-24,135
S00520,U1066,T05,2023-11-06,152
S00521,U1368,T02,2026-03-30,118
S00522,U0351,T09,2023-01-26,54
S00523,U2151,T06,2025-06-18,34
S00524,U0774,T01,2026-04-15,11
S00525,U2277,T02,2024-09-16,166
S00526,U0088,T07,2026-02-01,49
S00527,U2214,T10,2024-06-19,50
S00528,U0192,T01,2026-02-28,53
S00529,U0771,T03,2023-09-05,167
S00530,U1473,T01,2024-09-24,33
S00531,U2445,T03,2024-03-19,5
S00532,U0207,T04,2023-12-18,112
S00533,U2340,T04,2023-10-17,6
S00534,U2095,T08,2025-10-04,13
S00535,U0605,T08,2024-06-06,123
S00536,U2300,T06,2024-11-23,160
S00537,U1898,T07,2024-04-28,100
S00538,U1909,T08,2025-10-09,6
S00539,U0769,T06,2024-01-28,30
S00540,U1372,T08,2023-04-03,52
S00541,U1071,T09,2024-05-12,119
S00542,U1772,T03,2023-12-19,156
S00543,U0163,T09,2026-03-13,85
S00544,U1980,T05,2026-02-04,70
S00545,U1137,T09,2025-10-22,101
S00546,U1003,T09,2024-04-03,92
S00547,U1264,T05,2026-03-15,86
S00548,U2361,T07,2024-06-19,67
S00549,U2453,T10,2023-06-20,172
S00550,U2032,T03,2025-02-02,145
S00551,U2359,T03,2026-01-12,158
S00552,U0335,T08,2025-09-03,180
S00553,U1492,T06,2023-06-03,142
S00554,U2121,T04,2024-03-30,175
S00555,U0600,T06,2024-12-03,143
S00556,U2116,T09,2026-01-21,48
S00557,U0680,T04,2024-02-23,57
S00558,U2215,T01,2026-03-08,167
S00559,U1699,T04,2025-07-30,110
S00560,U1356,T01,2024-10-08,50
S00561,U0517,T04,2025-05-06,146
S00562,U1995,T03,2025-11-08,35
S00563,U0511,T10,2023-07-20,9
S00564,U1909,T03,2023-06-21,144
S00565,U0362,T03,2023-01-27,109
S00566,U1139,T04,2024-12-08,172
S00567,U1797,T08,2025-08-07,158
S00568,U2023,T08,2026-03-18,71
S00569,U0419,T06,2024-11-28,21
S00570,U1871,T10,2025-03-05,76
S00571,U1616,T06,2023-05-20,82
S00572,U0561,T05,2023-02-10,42
S00573,U0739,T03,2025-02-22,36
S00574,U1014,T07,2023-12-16,79
S00575,U1418,T10,2025-12-18,37
S00576,U1631,T02,2025-02-17,97
S00577,U0936,T01,2023-07-28,59
S00578,U1563,T02,2023-03-01,150
S00579,U1504,T06,2025-03-02,34
S00580,U0568,T10,2023-12-06,60
S00581,U0860,T08,2024-03-26,140
S00582,U0743,T08,2024-06-11,128
S00583,U0921,T07,2023-02-08,8
S00584,U0508,T03,2023-04-14,64
S00585,U1305,T06,2023-08-07,111
S00586,U1936,T03,2023-03-23,74
S00587,U2367,T06,2024-03-05,143
S00588,U1405,T08,2023-10-08,77
S00589,U1191,T01,2025-01-14,131
S00590,U0117,T10,2024-04-20,64
S00591,U0205,T09,2026-01-24,80
S00592,U0739,T08,2024-08-25,145
S00593,U0281,T04,2023-09-10,52
S00594,U2326,T01,2024-10-18,38
S00595,U2070,T03,2023-04-15,55
S00596,U0689,T04,2023-11-05,173
S00597,U0918,T09,2024-05-11,68
S00598,U2344,T05,2025-11-24,162
S00599,U1736,T04,2026-03-05,43
S00600,U1551,T10,2026-04-13,37
S00601,U0719,T07,2025-02-25,133
S00602,U0637,T02,2026-03-11,140
S00603,U0524,T09,2024-01-30,174
S00604,U0681,T08,2024-04-18,125
S00605,U0271,T06,2023-05-02,132
S00606,U0513,T08,2023-10-22,134
S00607,U2193,T07,2025-03-13,33
S00608,U0127,T03,2024-02-04,161
S00609,U2314,T04,2024-07-01,164
S00610,U1560,T05,2023-03-29,14
S00611,U1971,T08,2023-06-15,115
S00612,U0544,T07,2024-03-10,163
S00613,U0075,T01,2024-07-03,10
S00614,U0972,T03,2024-02-23,177
S00615,U1934,T10,2024-06-29,169
S00616,U0654,T09,2024-01-28,75
S00617,U1526,T07,2023-02-03,101
S00618,U0296,T09,2025-06-07,80
S00619,U0005,T05,2023-09-01,55
S00620,U1940,T02,2025-01-05,171
S00621,U0912,T10,2023-12-03,161
S00622,U0034,T07,2025-02-09,152
S00623,U0187,T03,2026-01-11,44
S00624,U1040,T08,2025-03-17,39
S00625,U0406,T06,2025-07-04,161
S00626,U1006,T05,2024-01-16,47
S00627,U1839,T08,2024-02-03,106
S00628,U0288,T04,2025-05-29,52
S00629,U1796,T01,2023-06-03,17
S00630,U0632,T03,2025-06-05,53
S00631,U2473,T07,2025-12-15,30
S00632,U1313,T07,2026-03-30,103
S00633,U1164,T04,2025-05-10,16
S00634,U0135,T06,2024-05-29,101
S00635,U2033,T05,2023-06-27,88
S00636,U2320,T03,2023-04-19,26
S00637,U0236,T03,2025-10-03,91
S00638,U1734,T01,2025-06-29,36
S00639,U1994,T05,2024-02-19,101
S00640,U0687,T07,2024-04-01,98
S00641,U1590,T02,2025-08-20,161
S00642,U1641,T06,2024-04-14,19
S00643,U0317,T05,2023-04-28,151
S00644,U0874,T07,2024-03-15,145
S00645,U0801,T01,2023-05-15,83
S00646,U0277,T10,2023-01-07,140
S00647,U0106,T03,2025-07-11,45
S00648,U0203,T01,2024-05-05,62
S00649,U0808,T09,2023-03-05,120
S00650,U0998,T07,2024-04-13,170
S00651,U0596,T06,2023-04-27,139
S00652,U2251,T06,2025-06-10,13
S00653,U1469,T01,2024-03-27,127
S00654,U2340,T07,2024-03-17,125
S00655,U1150,T03,2025-01-25,171
S00656,U1196,T02,2023-01-14,154
S00657,U2148,T09,2025-03-31,147
S00658,U1612,T10,2026-03-07,155
S00659,U0456,T03,2023-12-01,76
S00660,U1476,T01,2024-08-03,54
S00661,U1575,T02,2025-07-30,17
S00662,U0631,T01,2023-11-15,40
S00663,U1858,T03,2023-11-02,49
S00664,U2324,T03,2024-10-05,152
S00665,U0967,T10,2023-09-12,97
S00666,U1035,T02,2023-04-10,50
S00667,U0491,T01,2024-05-03,17
S00668,U1229,T03,2026-01-24,6
S00669,U0714,T08,2023-03-06,115
S00670,U0053,T02,2024-01-04,25
S00671,U0163,T01,2024-11-19,127
S00672,U2487,T08,2024-07-08,128
S00673,U2276,T02,2025-11-07,179
S00674,U2302,T10,2024-05-23,62
S00675,U1273,T09,2025-04-27,127
S00676,U0093,T05,2026-03-28,128
S00677,U1796,T04,2025-03-16,42
S00678,U0728,T03,2023-05-16,86
S00679,U0893,T08,2023-01-09,30
S00680,U1405,T01,2025-11-21,86
S00681,U1024,T03,2024-02-16,162
S00682,U2153,T06,2024-03-06,90
S00683,U0656,T07,2025-06-23,48
S00684,U1611,T06,2025-02-03,82
S00685,U1085,T04,2024-12-25,34
S00686,U1454,T10,2023-12-05,152
S00687,U0605,T05,2023-12-25,140
S00688,U2155,T05,2026-03-07,67
S00689,U0917,T08,2024-02-27,172
S00690,U1027,T05,2025-10-04,85
S00691,U0704,T06,2024-09-26,6
S00692,U0051,T09,2025-02-19,109
S00693,U1161,T06,2023-10-25,37
S00694,U2340,T02,2023-06-22,152
S00695,U2356,T10,2023-07-01,31
S00696,U0739,T04,2025-01-09,19
S00697,U0903,T06,2025-04-22,111
S00698,U2243,T05,2025-06-15,104
S00699,U0056,T09,2024-12-08,122
S00700,U2350,T07,2023-05-28,96
S00701,U2380,T02,2024-12-17,119
S00702,U1160,T02,2025-05-14,78
S00703,U1972,T07,2025-07-29,41
S00704,U0776,T06,2024-01-23,107
S00705,U0576,T09,2024-10-15,13
S00706,U0692,T09,2023-08-06,24
S00707,U0857,T01,2025-09-20,85
S00708,U1928,T07,2023-12-20,158
S00709,U1355,T04,2023-03-07,80
S00710,U0348,T01,2023-03-12,6
S00711,U1831,T04,2024-10-14,85
S00712,U2479,T06,2023-07-16,38
S00713,U1181,T05,2026-02-16,24
S00714,U1646,T06,2025-08-20,169
S00715,U1319,T03,2026-03-07,84
S00716,U0171,T05,2025-05-16,9
S00717,U2213,T09,2024-03-09,40
S00718,U0396,T09,2026-04-05,121
S00719,U1080,T06,2023-07-23,31
S00720,U1461,T07,2025-06-28,115
S00721,U1579,T01,2026-01-12,91
S00722,U0032,T02,2024-01-24,104
S00723,U0966,T05,2025-09-06,116
S00724,U1473,T07,2025-06-22,121
S00725,U1787,T02,2024-08-30,128
S00726,U1196,T08,2023-05-16,44
S00727,U0383,T02,2025-12-22,106
S00728,U0729,T06,2024-01-10,22
S00729,U1753,T09,2023-02-05,63
S00730,U1782,T10,2024-01-09,138
S00731,U0376,T08,2023-04-12,60
S00732,U1508,T06,2023-08-16,41
S00733,U0954,T01,2025-09-18,47
S00734,U2016,T05,2024-02-20,150
S00735,U1072,T10,2026-03-01,71
S00736,U1858,T01,2024-09-07,88
S00737,U0305,T08,2025-06-30,128
S00738,U0199,T06,2025-08-10,129
S00739,U1481,T01,2024-12-05,55
S00740,U0625,T02,2023-06-07,84
S00741,U1668,T07,2024-10-05,72
S00742,U2115,T05,2023-09-10,103
S00743,U0923,T02,2025-08-28,40
S00744,U0734,T09,2025-11-21,143
S00745,U1447,T04,2024-08-02,28
S00746,U0664,T08,2025-01-22,118
S00747,U0885,T07,2023-04-07,79
S00748,U1064,T01,2024-11-13,172
S00749,U0755,T05,2025-02-16,79
S00750,U0833,T05,2025-01-01,130
S00751,U1164,T05,2025-06-27,171
S00752,U0884,T04,2024-02-24,81
S00753,U1568,T01,2023-01-08,147
S00754,U0458,T06,2025-03-04,93
S00755,U0922,T02,2023-03-12,63
S00756,U2152,T09,2025-02-04,110
S00757,U1309,T06,2026-01-21,81
S00758,U0239,T05,2024-06-09,121
S00759,U1541,T10,2026-03-02,104
S00760,U0143,T09,2024-07-22,14
S00761,U2160,T04,2024-06-06,20
S00762,U1558,T04,2024-11-25,121
S00763,U1141,T07,2024-09-02,29
S00764,U2231,T09,2024-01-21,47
S00765,U2124,T08,2024-06-17,9
S00766,U1744,T09,2023-03-07,90
S00767,U0668,T06,2023-04-19,53
S00768,U1708,T08,2024-04-14,127
S00769,U2295,T02,2024-12-16,115
S00770,U0694,T10,2026-01-15,177
S00771,U1434,T02,2024-11-07,22
S00772,U0868,T01,2023-09-06,39
S00773,U0484,T04,2026-02-14,89
S00774,U0576,T08,2025-02-13,84
S00775,U0046,T08,2023-10-27,100
S00776,U1952,T09,2025-08-16,165
S00777,U1959,T08,2025-04-05,25
S00778,U0157,T09,2026-01-29,95
S00779,U0535,T06,2025-09-23,110
S00780,U0012,T06,2023-09-09,20
S00781,U1437,T04,2024-02-24,179
S00782,U0210,T07,2024-08-20,139
S00783,U1656,T01,2023-10-05,16
S00784,U0863,T04,2025-03-02,163
S00785,U1317,T06,2025-07-09,159
S00786,U1505,T01,2023-03-25,36
S00787,U0343,T10,2023-05-21,43
S00788,U0223,T01,2023-07-21,7
S00789,U1673,T06,2024-05-13,145
S00790,U2152,T04,2024-02-09,123
S00791,U1851,T10,2025-06-18,107
S00792,U0055,T01,2024-09-06,57
S00793,U1184,T04,2024-07-12,86
S00794,U1040,T10,2026-02-26,174
S00795,U1424,T02,2024-06-22,142
S00796,U0822,T07,2023-11-22,153
S00797,U1762,T03,2026-03-02,61
S00798,U1596,T01,2024-10-26,102
S00799,U0279,T07,2026-04-02,35
S00800,U2098,T08,2024-04-29,127
S00801,U0269,T03,2024-09-28,150
S00802,U1078,T10,2024-10-03,93
S00803,U0929,T09,2025-02-26,33
S00804,U1159,T04,2024-06-09,107
S00805,U2235,T10,2025-08-12,76
S00806,U2275,T04,2024-02-27,50
S00807,U2210,T04,2024-04-27,84
S00808,U0305,T02,2024-06-20,64
S00809,U0861,T10,2025-01-18,55
S00810,U0618,T03,2025-03-10,121
S00811,U0259,T09,2023-11-12,58
S00812,U0800,T08,2025-07-29,41
S00813,U1397,T01,2023-03-23,176
S00814,U0851,T09,2023-11-03,58
S00815,U2427,T03,2025-07-27,16
S00816,U2394,T06,2025-07-22,64
S00817,U0818,T02,2025-03-07,75
S00818,U0370,T01,2024-12-28,137
S00819,U0661,T06,2024-09-22,126
S00820,U1925,T05,2023-08-04,123
S00821,U1221,T06,2025-12-18,60
S00822,U1704,T02,2024-08-18,63
S00823,U1679,T05,2023-08-13,60
S00824,U2321,T04,2024-07-20,114
S00825,U1438,T01,2023-01-07,169
S00826,U1954,T06,2023-09-07,100
S00827,U0968,T09,2023-06-02,29
S00828,U0447,T01,2025-04-24,83
S00829,U0211,T10,2023-04-17,95
S00830,U0750,T06,2025-07-02,88
S00831,U0035,T08,2023-03-16,138
S00832,U2077,T01,2025-04-06,32
S00833,U1729,T09,2023-07-22,174
S00834,U1429,T07,2025-05-30,31
S00835,U0593,T05,2025-02-23,62
S00836,U1553,T08,2025-02-17,144
S00837,U1948,T07,2023-12-06,36
S00838,U0215,T04,2023-09-07,20
S00839,U1958,T06,2023-12-11,63
S00840,U2409,T08,2023-04-26,111
S00841,U1917,T06,2026-04-01,150
S00842,U1139,T03,2024-03-06,160
S00843,U2040,T04,2025-08-07,92
S00844,U0865,T02,2024-01-02,49
S00845,U0220,T02,2025-06-13,136
S00846,U0435,T04,2025-04-07,61
S00847,U1660,T02,2025-06-11,100
S00848,U1799,T08,2026-01-26,112
S00849,U2482,T02,2025-06-23,7
S00850,U2226,T07,2023-03-17,20
S00851,U1649,T01,2025-07-15,113
S00852,U1394,T01,2025-06-30,132
S00853,U1078,T07,2025-09-24,48
S00854,U2342,T10,2023-07-07,37
S00855,U1314,T02,2025-03-25,66
S00856,U0201,T04,2024-11-28,162
S00857,U1234,T04,2025-01-29,118
S00858,U0778,T09,2024-03-02,36
S00859,U0454,T05,2025-05-14,165
S00860,U1720,T05,2024-05-23,37
S00861,U1147,T05,2024-04-28,8
S00862,U0482,T01,2024-11-16,138
S00863,U0553,T02,2025-07-22,157
S00864,U1320,T10,2024-06-12,21
S00865,U2442,T04,2024-08-31,173
S00866,U1675,T05,2023-12-07,52
S00867,U1192,T04,2023-12-19,41
S00868,U0920,T08,2025-09-04,99
S00869,U0042,T10,2024-11-28,106
S00870,U0195,T06,2024-05-06,85
S00871,U1951,T01,2025-10-12,97
S00872,U2128,T02,2023-05-13,41
S00873,U0220,T08,2023-07-05,100
S00874,U1078,T04,2023-11-16,70
S00875,U2115,T06,2025-03-25,130
S00876,U0736,T08,2024-11-09,142
S00877,U1701,T04,2024-07-21,156
S00878,U1640,T08,2026-02-19,27
S00879,U0027,T04,2025-01-07,160
S00880,U0344,T01,2024-01-10,159
S00881,U2001,T10,2025-10-09,104
S00882,U0940,T07,2025-10-10,97
S00883,U1809,T04,2023-02-15,137
S00884,U0719,T03,2025-08-11,52
S00885,U2343,T04,2023-09-12,17
S00886,U1652,T09,2023-03-24,59
S00887,U1312,T03,2026-04-09,56
S00888,U0579,T10,2025-03-09,24
S00889,U0607,T08,2024-06-16,128
S00890,U1530,T09,2026-02-15,68
S00891,U0164,T03,2024-12-22,72
S00892,U2255,T03,2025-11-11,87
S00893,U0287,T09,2025-10-11,42
S00894,U1000,T04,2024-03-16,95
S00895,U0941,T10,2024-11-06,36
S00896,U1327,T10,2023-09-30,138
S00897,U1109,T03,2025-06-16,94
S00898,U1109,T07,2023-03-31,122
S00899,U2086,T05,2025-06-09,164
S00900,U1316,T01,2025-01-09,81
S00901,U0928,T01,2023-04-08,137
S00902,U0804,T05,2024-03-02,31
S00903,U1480,T08,2026-03-29,29
S00904,U2295,T01,2024-02-19,53
S00905,U1435,T07,2023-09-12,59
S00906,U0971,T10,2024-01-09,29
S00907,U1885,T04,2024-04-21,156
S00908,U0013,T06,2023-03-01,100
S00909,U0168,T03,2023-06-24,125
S00910,U0780,T09,2024-08-21,14
S00911,U1033,T08,2023-02-12,157
S00912,U0936,T03,2025-11-15,40
S00913,U1695,T06,2026-03-19,52
S00914,U1995,T08,2024-11-08,163
S00915,U0345,T02,2026-03-25,162
S00916,U1571,T01,2024-12-17,29
S00917,U0886,T08,2025-05-10,115
S00918,U0776,T01,2026-04-09,106
S00919,U0592,T04,2024-12-31,172
S00920,U0234,T06,2024-11-05,83
S00921,U0874,T01,2024-11-21,117
S00922,U0785,T05,2023-01-15,128
S00923,U0222,T07,2023-04-24,99
S00924,U2304,T05,2025-05-14,77
S00925,U1777,T09,2024-07-18,16
S00926,U1596,T04,2023-03-17,58
S00927,U0435,T02,2023-03-16,85
S00928,U0895,T05,2025-04-14,149
S00929,U1943,T01,2024-11-26,172
S00930,U0469,T02,2023-01-15,99
S00931,U2286,T06,2023-03-21,37
S00932,U1769,T03,2023-08-18,75
S00933,U1684,T03,2023-01-02,55
S00934,U2305,T07,2025-05-22,83
S00935,U1345,T07,2023-11-17,143
S00936,U1073,T10,2023-09-12,41
S00937,U0195,T01,2025-07-02,21
S00938,U2119,T09,2024-06-19,79
S00939,U2284,T03,2025-09-04,66
S00940,U0698,T01,2024-09-22,143
S00941,U1053,T02,2023-05-04,150
S00942,U0740,T09,2023-02-13,96
S00943,U2204,T02,2026-04-15,156
S00944,U0027,T06,2025-12-02,42
S00945,U2096,T01,2025-11-22,45
S00946,U1748,T07,2025-08-14,7
S00947,U1683,T09,2023-06-13,28
S00948,U0046,T03,2024-11-01,136
S00949,U1577,T05,2023-12-03,68
S00950,U0006,T08,2023-01-29,167
S00951,U0789,T04,2025-10-27,179
S00952,U0625,T10,2023-03-20,26
S00953,U2458,T05,2024-03-03,21
S00954,U1250,T02,2024-10-13,130
S00955,U0258,T01,2023-01-30,147
S00956,U1776,T01,2023-12-29,169
S00957,U0632,T09,2026-01-25,36
S00958,U1167,T07,2023-10-22,48
S00959,U1251,T07,2023-11-20,38
S00960,U1169,T06,2025-12-15,179
S00961,U1609,T10,2025-09-18,75
S00962,U2161,T05,2025-08-08,84
S00963,U0085,T01,2024-12-24,74
S00964,U0647,T07,2025-04-13,109
S00965,U1947,T08,2025-11-19,17
S00966,U2197,T04,2024-05-06,117
S00967,U0970,T01,2023-09-07,124
S00968,U2399,T07,2025-06-07,146
S00969,U1469,T05,2023-04-23,95
S00970,U2200,T07,2024-11-13,102
S00971,U1627,T01,2026-03-24,132
S00972,U0199,T03,2026-04-09,92
S00973,U1280,T01,2025-03-11,25
S00974,U1695,T09,2025-02-26,175
S00975,U0283,T04,2024-11-14,24
S00976,U0334,T01,2026-02-03,138
S00977,U0188,T05,2024-10-20,21
S00978,U1087,T02,2023-09-04,168
S00979,U0039,T03,2024-06-29,145
S00980,U2488,T01,2025-12-03,138
S00981,U0243,T09,2024-11-13,46
S00982,U2312,T04,2023-02-16,69
S00983,U2438,T07,2025-04-30,108
S00984,U1707,T04,2023-12-06,132
S00985,U0731,T02,2024-02-07,149
S00986,U0922,T09,2023-02-06,172
S00987,U2289,T04,2024-04-11,117
S00988,U2395,T09,2023-11-18,126
S00989,U0953,T09,2025-10-21,122
S00990,U0331,T03,2025-01-06,90
S00991,U1892,T04,2023-05-30,153
S00992,U1904,T02,2023-03-25,177
S00993,U2434,T01,2026-03-18,99
S00994,U0477,T05,2023-10-01,89
S00995,U1526,T04,2023-12-06,33
S00996,U0371,T06,2024-02-11,26
S00997,U0631,T06,2023-12-12,171
S00998,U0474,T04,2025-08-20,121
S00999,U0672,T08,2023-08-13,22
S01000,U1929,T02,2025-12-08,173
S01001,U1442,T07,2025-04-28,88
S01002,U1432,T01,2025-01-10,135
S01003,U1359,T08,2023-03-12,45
S01004,U0668,T03,2023-08-04,46
S01005,U1239,T06,2024-04-26,175
S01006,U0952,T10,2024-12-07,12
S01007,U2390,T06,2026-04-01,44
S01008,U0296,T02,2025-01-23,150
S01009,U2173,T06,2025-08-28,124
S01010,U1439,T02,2025-07-23,165
S01011,U1717,T01,2025-02-24,55
S01012,U2290,T05,2023-03-19,88
S01013,U0910,T07,2023-02-05,105
S01014,U2017,T07,2024-09-05,118
S01015,U0872,T07,2026-03-14,73
S01016,U0365,T03,2023-01-13,67
S01017,U1998,T06,2024-10-09,26
S01018,U1254,T03,2023-12-20,5
S01019,U2101,T04,2025-11-04,135
S01020,U0246,T05,2025-08-22,29
S01021,U1072,T06,2024-09-03,76
S01022,U1487,T04,2026-01-21,54
S01023,U1871,T02,2026-01-23,153
S01024,U1098,T07,2023-10-15,145
S01025,U0585,T02,2024-11-20,170
S01026,U0493,T05,2023-10-24,18
S01027,U0618,T10,2023-02-01,170
S01028,U1668,T03,2024-04-25,28
S01029,U0819,T05,2025-07-23,38
S01030,U1940,T03,2025-05-18,100
S01031,U1223,T01,2025-02-13,26
S01032,U1119,T03,2026-03-20,128
S01033,U0029,T05,2024-01-02,98
S01034,U0662,T02,2024-07-01,6
S01035,U0525,T06,2025-01-08,136
S01036,U2218,T03,2023-08-16,56
S01037,U1837,T05,2024-02-27,58
S01038,U1840,T04,2025-11-22,24
S01039,U0374,T07,2025-04-12,115
S01040,U2278,T08,2023-12-22,132
S01041,U2342,T05,2023-08-09,56
S01042,U1239,T02,2025-02-03,84
S01043,U1423,T02,2023-01-09,59
S01044,U1306,T02,2024-03-10,120
S01045,U1638,T07,2025-12-24,56
S01046,U1019,T07,2025-05-23,37
S01047,U1445,T05,2025-01-07,36
S01048,U0187,T07,2025-02-05,130
S01049,U2345,T03,2024-10-16,25
S01050,U2476,T08,2024-05-18,83
S01051,U2177,T07,2026-02-23,153
S01052,U2372,T09,2025-03-27,107
S01053,U0536,T04,2024-01-30,9
S01054,U0654,T06,2023-09-30,81
S01055,U1316,T02,2023-02-20,17
S01056,U0253,T05,2025-11-05,54
S01057,U0769,T09,2024-04-25,90
S01058,U2112,T10,2025-02-07,60
S01059,U0335,T05,2023-09-07,60
S01060,U0446,T05,2025-02-06,149
S01061,U2213,T09,2023-09-19,73
S01062,U0368,T04,2024-10-11,9
S01063,U1437,T07,2023-06-27,59
S01064,U2378,T01,2023-02-08,119
S01065,U1252,T09,2024-05-01,133
S01066,U0074,T07,2025-07-21,49
S01067,U1804,T09,2023-03-11,7
S01068,U0536,T05,2025-09-04,162
S01069,U1984,T09,2023-03-13,120
S01070,U1010,T04,2023-05-28,8
S01071,U1762,T03,2023-01-09,19
S01072,U2194,T05,2024-10-22,22
S01073,U0906,T01,2026-01-16,39
S01074,U0394,T06,2024-02-14,76
S01075,U1972,T03,2025-08-05,164
S01076,U0589,T09,2024-10-10,46
S01077,U1616,T10,2024-03-02,81
S01078,U2444,T05,2025-07-25,117
S01079,U0560,T03,2023-12-25,45
S01080,U2042,T07,2024-10-26,48
S01081,U0574,T05,2026-01-11,171
S01082,U0094,T07,2025-12-31,74
S01083,U0705,T09,2024-12-23,32
S01084,U2191,T05,2023-04-02,49
S01085,U1737,T01,2023-05-14,170
S01086,U0082,T10,2026-01-13,7
S01087,U1893,T09,2025-06-01,98
S01088,U2471,T03,2023-12-29,19
S01089,U0040,T06,2023-06-19,19
S01090,U0503,T03,2023-11-14,10
S01091,U1047,T04,2026-03-16,149
S01092,U0785,T02,2024-12-06,109
S01093,U1412,T08,2025-02-26,135
S01094,U0784,T05,2026-02-03,53
S01095,U1688,T04,2025-02-18,60
S01096,U0411,T06,2023-12-11,108
S01097,U0980,T06,2026-01-16,100
S01098,U0131,T04,2023-11-29,87
S01099,U1242,T10,2025-07-22,30
S01100,U0058,T03,2026-01-23,99
S01101,U0832,T03,2024-07-23,46
S01102,U0455,T04,2025-02-10,148
S01103,U1769,T05,2024-02-27,21
S01104,U1159,T08,2025-10-25,123
S01105,U0931,T10,2023-04-12,71
S01106,U1332,T07,2026-03-23,44
S01107,U1384,T06,2025-07-13,48
S01108,U2138,T02,2025-07-21,37
S01109,U0632,T01,2025-02-23,48
S01110,U0540,T02,2026-02-12,168
S01111,U0848,T02,2023-04-24,152
S01112,U2010,T04,2026-01-12,106
S01113,U1428,T05,2023-07-05,62
S01114,U1509,T01,2023-07-14,72
S01115,U1143,T05,2026-02-03,84
S01116,U0747,T07,2025-09-29,87
S01117,U1542,T05,2026-01-27,108
S01118,U0855,T07,2024-12-18,23
S01119,U2186,T08,2024-09-15,83
S01120,U1624,T06,2023-03-01,77
S01121,U0532,T02,2024-10-23,65
S01122,U0998,T09,2024-12-04,40
S01123,U2461,T01,2024-12-16,47
S01124,U2388,T05,2025-12-21,169
S01125,U1638,T01,2024-04-08,81
S01126,U1382,T06,2025-11-18,159
S01127,U0176,T01,2025-04-24,77
S01128,U0029,T02,2023-10-09,154
S01129,U1157,T02,2023-03-28,74
S01130,U0214,T10,2025-09-04,132
S01131,U0214,T04,2024-01-30,17
S01132,U1429,T05,2025-02-02,136
S01133,U0928,T06,2024-10-23,131
S01134,U0141,T10,2023-10-01,37
S01135,U2330,T04,2024-04-25,18
S01136,U0368,T01,2023-04-15,53
S01137,U1470,T07,2023-11-19,54
S01138,U0854,T06,2024-05-12,63
S01139,U0105,T07,2024-10-16,145
S01140,U1582,T03,2024-12-01,174
S01141,U0546,T02,2025-07-15,78
S01142,U1646,T07,2023-07-25,58
S01143,U1310,T10,2024-12-19,105
S01144,U1598,T08,2024-09-16,22
S01145,U1972,T01,2025-09-22,34
S01146,U1337,T03,2023-12-21,86
S01147,U1680,T03,2026-03-18,49
S01148,U0749,T10,2025-01-11,108
S01149,U0360,T10,2024-03-18,159
S01150,U2473,T10,2023-11-15,129
S01151,U1534,T05,2023-12-25,83
S01152,U1983,T01,2025-02-26,39
S01153,U1880,T05,2024-12-02,161
S01154,U2336,T02,2024-12-05,114
S01155,U0991,T02,2023-01-12,123
S01156,U0493,T06,2025-10-13,159
S01157,U0863,T02,2025-10-27,10
S01158,U2186,T05,2025-04-27,57
S01159,U1289,T07,2024-02-03,47
S01160,U0714,T01,2025-10-08,116
S01161,U0472,T03,2023-01-23,173
S01162,U2428,T01,2023-06-19,121
S01163,U2331,T07,2024-12-13,53
S01164,U2162,T01,2024-12-31,126
S01165,U0379,T06,2024-01-07,102
S01166,U0991,T02,2025-12-03,71
S01167,U2270,T10,2023-03-07,149
S01168,U1680,T03,2025-11-14,73
S01169,U1784,T04,2024-11-02,115
S01170,U0894,T09,2023-07-28,60
S01171,U1477,T09,2025-10-17,145
S01172,U0658,T06,2025-02-20,33
S01173,U0952,T07,2025-05-27,123
S01174,U1619,T10,2024-08-10,37
S01175,U0866,T06,2023-02-19,143
S01176,U0295,T02,2024-10-13,113
S01177,U0226,T08,2025-12-04,34
S01178,U0064,T08,2024-05-12,125
S01179,U1188,T07,2024-12-20,71
S01180,U2234,T04,2025-12-29,20
S01181,U2177,T02,2023-07-31,148
S01182,U2198,T02,2023-04-05,25
S01183,U0722,T05,2025-04-13,20
S01184,U0344,T02,2024-01-29,159
S01185,U0598,T08,2023-01-18,52
S01186,U0804,T04,2024-03-14,46
S01187,U0012,T06,2025-10-27,169
S01188,U0098,T04,2023-04-03,164
S01189,U0578,T03,2023-08-22,65
S01190,U1678,T03,2024-03-02,171
S01191,U1419,T01,2023-05-25,178
S01192,U1534,T05,2024-09-16,17
S01193,U0882,T08,2023-02-28,25
S01194,U2131,T01,2023-06-29,132
S01195,U0878,T02,2023-08-22,9
S01196,U0131,T07,2025-06-27,34
S01197,U0186,T01,2026-01-26,5
S01198,U2445,T05,2023-07-27,177
S01199,U1031,T05,2023-11-28,100
S01200,U0222,T02,2026-01-05,92
S01201,U1378,T03,2025-11-06,146
S01202,U1690,T02,2026-01-20,76
S01203,U2200,T10,2023-06-29,117
S01204,U0403,T02,2023-04-18,17
S01205,U0295,T01,2023-10-17,56
S01206,U1702,T05,2025-12-24,148
S01207,U0897,T05,2023-06-14,139
S01208,U0291,T10,2024-06-27,136
S01209,U1260,T08,2025-10-10,162
S01210,U1114,T07,2025-05-16,68
S01211,U0122,T06,2023-08-08,48
S01212,U0623,T09,2023-11-06,121
S01213,U0681,T10,2023-01-15,159
S01214,U0052,T07,2025-02-13,88
S01215,U2106,T08,2026-03-29,77
S01216,U0069,T01,2023-01-04,26
S01217,U0543,T04,2025-09-22,56
S01218,U0430,T02,2024-07-15,30
S01219,U0786,T03,2024-09-09,39
S01220,U1381,T03,2026-01-04,37
S01221,U0432,T10,2025-03-22,127
S01222,U0922,T01,2025-07-20,61
S01223,U2252,T09,2025-10-31,126
S01224,U2360,T04,2024-09-06,58
S01225,U1507,T05,2023-02-27,167
S01226,U1978,T09,2023-12-18,166
S01227,U1610,T10,2024-07-28,41
S01228,U1112,T08,2025-02-07,48
S01229,U2419,T10,2023-03-01,119
S01230,U1219,T07,2025-04-12,150
S01231,U1713,T07,2025-03-07,49
S01232,U2198,T10,2025-02-13,54
S01233,U0784,T02,2025-08-10,176
S01234,U2145,T10,2024-10-23,64
S01235,U1590,T02,2024-08-05,31
S01236,U0508,T07,2023-02-15,58
S01237,U1663,T09,2025-07-17,105
S01238,U1030,T02,2024-05-02,106
S01239,U0404,T09,2024-08-08,120
S01240,U1181,T05,2025-06-13,140
S01241,U1894,T04,2024-12-12,87
S01242,U0957,T06,2023-02-11,69
S01243,U2069,T02,2025-09-14,176
S01244,U1316,T05,2023-04-22,14
S01245,U1092,T09,2025-03-14,108
S01246,U0734,T10,2023-06-14,90
S01247,U1083,T01,2024-10-13,81
S01248,U0932,T09,2023-08-12,103
S01249,U1843,T09,2025-01-22,89
S01250,U1100,T08,2024-03-18,133
S01251,U1448,T01,2025-04-06,109
S01252,U2216,T06,2025-09-02,12
S01253,U0489,T06,2025-07-16,122
S01254,U2166,T02,2024-06-13,40
S01255,U0888,T01,2025-06-28,143
S01256,U0017,T02,2023-09-17,11
S01257,U2285,T01,2023-01-12,162
S01258,U0283,T08,2025-09-27,104
S01259,U1450,T07,2023-02-04,55
S01260,U0687,T01,2023-10-07,155
S01261,U0323,T04,2024-02-13,65
S01262,U0033,T08,2024-10-14,66
S01263,U2410,T03,2025-04-12,104
S01264,U2150,T08,2024-02-10,107
S01265,U1057,T09,2024-07-31,61
S01266,U0679,T06,2023-02-26,114
S01267,U1114,T06,2023-07-13,93
S01268,U1417,T03,2025-04-18,25
S01269,U0299,T04,2024-04-24,172
S01270,U0154,T04,2024-07-15,40
S01271,U1300,T10,2024-01-20,174
S01272,U0143,T08,2024-02-02,160
S01273,U0436,T04,2023-02-11,136
S01274,U2182,T05,2023-01-25,25
S01275,U1959,T01,2025-11-14,107
S01276,U0456,T07,2025-04-11,105
S01277,U2394,T06,2025-09-17,100
S01278,U1298,T08,2024-06-10,136
S01279,U0604,T09,2023-11-28,35
S01280,U1734,T03,2023-05-24,56
S01281,U1627,T07,2026-03-17,77
S01282,U2068,T08,2023-04-13,87
S01283,U0740,T10,2024-02-11,155
S01284,U1376,T07,2024-07-13,122
S01285,U2454,T03,2026-01-12,106
S01286,U0998,T03,2024-11-29,153
S01287,U0833,T04,2025-02-14,5
S01288,U1954,T05,2023-10-06,179
S01289,U2326,T04,2024-11-28,92
S01290,U1059,T01,2023-02-23,133
S01291,U0304,T04,2025-04-11,152
S01292,U0759,T09,2026-02-25,14
S01293,U2164,T04,2024-05-18,66
S01294,U2078,T06,2025-06-08,87
S01295,U0222,T01,2026-02-22,169
S01296,U2498,T08,2024-11-24,89
S01297,U0661,T04,2025-10-18,6
S01298,U1608,T01,2024-08-03,146
S01299,U1777,T01,2024-08-10,42
S01300,U0545,T07,2023-01-03,114
S01301,U1987,T10,2023-10-16,56
S01302,U0487,T06,2025-10-05,116
S01303,U0288,T06,2024-12-25,58
S01304,U0320,T04,2025-05-07,36
S01305,U2339,T07,2026-02-05,39
S01306,U2062,T07,2025-05-10,115
S01307,U1875,T08,2024-05-09,162
S01308,U1755,T10,2024-05-21,177
S01309,U0272,T01,2024-10-18,94
S01310,U0931,T05,2025-05-02,85
S01311,U0686,T06,2024-04-26,54
S01312,U2432,T03,2025-10-04,45
S01313,U0698,T03,2024-04-03,141
S01314,U0158,T07,2025-02-06,91
S01315,U1965,T09,2025-01-28,96
S01316,U0931,T08,2025-04-22,123
S01317,U0976,T09,2023-07-26,178
S01318,U0596,T04,2023-11-06,159
S01319,U2383,T04,2023-09-17,91
S01320,U1682,T08,2025-07-03,124
S01321,U0417,T04,2023-01-07,121
S01322,U1651,T08,2024-02-18,149
S01323,U2470,T08,2023-06-02,151
S01324,U0701,T08,2024-09-05,17
S01325,U1548,T10,2024-08-01,49
S01326,U0700,T08,2024-09-17,180
S01327,U1245,T01,2025-09-09,126
S01328,U1204,T06,2026-01-01,128
S01329,U1296,T02,2023-06-14,128
S01330,U2297,T03,2025-07-25,174
S01331,U1745,T04,2024-11-04,76
S01332,U0560,T05,2025-02-23,91
S01333,U0038,T10,2023-06-24,118
S01334,U2212,T08,2024-12-09,129
S01335,U1168,T07,2024-09-04,34
S01336,U0005,T01,2023-02-15,41
S01337,U0123,T05,2023-11-22,15
S01338,U2014,T07,2026-04-12,110
S01339,U1301,T07,2025-10-29,60
S01340,U0620,T10,2026-04-02,176
S01341,U0100,T07,2024-11-30,134
S01342,U1645,T04,2024-04-28,59
S01343,U0544,T08,2024-01-25,168
S01344,U2318,T06,2023-03-18,51
S01345,U0329,T03,2023-01-11,115
S01346,U1279,T01,2025-06-14,161
S01347,U0845,T04,2025-10-03,180
S01348,U0104,T09,2025-11-23,156
S01349,U1259,T10,2024-04-16,29
S01350,U1345,T01,2025-10-12,112
S01351,U0861,T04,2025-08-16,46
S01352,U0651,T03,2026-01-18,46
S01353,U1862,T06,2023-07-17,66
S01354,U1189,T10,2025-05-19,115
S01355,U1836,T01,2025-04-11,42
S01356,U1784,T09,2024-05-31,104
S01357,U1492,T05,2025-05-28,128
S01358,U2468,T10,2023-08-08,89
S01359,U0407,T03,2023-11-13,82
S01360,U2138,T09,2024-01-04,27
S01361,U1843,T08,2025-04-13,159
S01362,U0412,T09,2026-01-08,168
S01363,U1955,T07,2026-02-07,101
S01364,U1486,T05,2024-09-06,119
S01365,U1939,T08,2024-09-08,72
S01366,U1949,T04,2024-11-06,60
S01367,U2140,T09,2026-02-14,114
S01368,U1242,T02,2026-01-28,16
S01369,U1347,T07,2025-08-23,32
S01370,U0300,T02,2025-08-13,90
S01371,U1168,T07,2023-05-09,99
S01372,U0832,T08,2023-05-16,25
S01373,U1856,T06,2024-11-10,174
S01374,U1238,T02,2025-02-26,19
S01375,U0895,T08,2025-08-30,35
S01376,U1178,T06,2024-05-18,33
S01377,U1967,T03,2025-06-11,18
S01378,U0184,T01,2023-03-15,29
S01379,U1133,T10,2023-08-01,58
S01380,U0403,T05,2026-03-24,9
S01381,U2104,T09,2025-10-21,26
S01382,U1188,T10,2023-12-08,123
S01383,U0552,T03,2024-02-17,53
S01384,U1621,T10,2025-07-20,172
S01385,U0372,T02,2023-09-21,127
S01386,U1413,T05,2023-03-08,71
S01387,U0777,T10,2025-12-14,50
S01388,U2134,T09,2025-11-09,46
S01389,U1902,T03,2026-02-09,115
S01390,U1705,T03,2026-03-21,65
S01391,U0001,T05,2026-03-10,177
S01392,U0138,T10,2023-05-01,49
S01393,U1648,T08,2023-10-22,174
S01394,U2113,T10,2024-03-22,146
S01395,U1915,T04,2023-08-01,37
S01396,U2244,T02,2024-06-11,80
S01397,U0107,T09,2026-04-01,96
S01398,U1295,T05,2025-12-01,139
S01399,U0135,T06,2023-02-08,6
S01400,U1580,T08,2023-12-25,178
S01401,U2473,T07,2024-03-17,150
S01402,U0027,T04,2023-10-28,129
S01403,U0222,T06,2025-03-10,110
S01404,U0708,T08,2023-11-23,49
S01405,U2153,T10,2023-12-27,123
S01406,U0476,T10,2026-02-09,168
S01407,U0865,T01,2026-03-10,71
S01408,U0113,T06,2023-06-28,85
S01409,U1720,T06,2026-04-03,126
S01410,U1768,T10,2024-06-06,25
S01411,U1158,T08,2025-09-28,136
S01412,U2416,T10,2026-04-11,169
S01413,U1880,T04,2025-08-16,82
S01414,U1209,T03,2025-12-30,103
S01415,U0256,T02,2024-02-11,132
S01416,U0995,T01,2025-05-10,82
S01417,U0715,T03,2024-10-28,168
S01418,U0139,T04,2025-01-07,152
S01419,U1528,T10,2023-09-06,180
S01420,U1031,T06,2025-05-12,19
S01421,U2497,T02,2026-02-21,156
S01422,U0937,T03,2026-04-15,152
S01423,U1610,T01,2024-03-20,96
S01424,U1005,T02,2025-11-24,55
S01425,U2263,T04,2025-11-11,160
S01426,U2004,T03,2025-04-24,147
S01427,U0104,T06,2025-05-15,32
S01428,U0545,T08,2025-06-01,87
S01429,U0450,T08,2026-01-12,115
S01430,U1043,T01,2025-08-16,98
S01431,U0056,T05,2024-10-17,44
S01432,U1629,T06,2026-01-20,132
S01433,U0377,T06,2025-12-05,101
S01434,U0209,T09,2023-01-26,134
S01435,U1865,T08,2023-11-01,68
S01436,U2432,T02,2024-12-04,34
S01437,U0810,T03,2024-04-06,180
S01438,U1529,T05,2023-11-14,19
S01439,U1678,T05,2024-08-22,76
S01440,U1707,T02,2025-12-14,10
S01441,U1127,T02,2024-08-26,20
S01442,U2437,T04,2024-07-07,169
S01443,U0180,T02,2025-08-19,55
S01444,U0064,T04,2023-01-21,123
S01445,U1878,T04,2026-03-23,127
S01446,U0580,T06,2025-11-26,16
S01447,U1413,T03,2023-09-07,62
S01448,U1139,T10,2024-05-02,26
S01449,U0214,T09,2025-07-18,45
S01450,U0414,T03,2023-01-17,46
S01451,U1821,T10,2023-10-07,10
S01452,U0219,T07,2023-07-08,83
S01453,U1622,T09,2024-08-23,81
S01454,U2077,T06,2023-06-06,66
S01455,U0242,T01,2024-06-26,24
S01456,U2344,T05,2025-01-18,119
S01457,U2111,T05,2023-12-10,54
S01458,U2208,T01,2024-02-08,141
S01459,U2461,T10,2025-11-10,152
S01460,U1766,T05,2025-02-12,143
S01461,U0946,T05,2025-01-06,30
S01462,U0935,T05,2023-08-25,127
S01463,U1719,T07,2025-02-03,144
S01464,U1470,T10,2025-08-13,180
S01465,U1092,T07,2024-04-28,140
S01466,U1516,T10,2024-01-07,48
S01467,U0699,T03,2023-06-19,98
S01468,U0793,T04,2025-05-24,174
S01469,U0325,T02,2024-11-02,54
S01470,U1954,T07,2025-02-21,49
S01471,U2108,T05,2025-02-10,155
S01472,U1518,T04,2023-11-19,115
S01473,U0477,T02,2025-05-16,102
S01474,U1580,T02,2026-02-25,105
S01475,U0634,T09,2023-12-28,21
S01476,U1834,T02,2024-01-30,48
S01477,U1556,T05,2023-10-17,144
S01478,U0582,T09,2026-01-22,92
S01479,U1372,T10,2024-06-26,43
S01480,U0503,T06,2024-03-25,48
S01481,U0253,T05,2024-01-06,40
S01482,U0844,T03,2026-01-31,8
S01483,U2170,T09,2025-07-07,16
S01484,U2227,T05,2024-11-18,56
S01485,U2153,T06,2024-01-07,130
S01486,U2469,T07,2024-02-25,133
S01487,U0197,T07,2024-04-11,96
S01488,U2162,T05,2023-02-11,135
S01489,U1438,T10,2023-08-04,64
S01490,U0230,T08,2024-08-07,157
S01491,U0217,T08,2026-01-16,179
S01492,U1630,T07,2025-12-20,102
S01493,U2231,T09,2025-01-14,16
S01494,U1148,T05,2026-01-11,119
S01495,U0775,T01,2024-02-17,176
S01496,U2363,T05,2024-01-03,125
S01497,U2379,T05,2024-08-30,158
S01498,U1473,T05,2026-04-03,143
S01499,U1833,T05,2025-11-26,138
S01500,U2357,T02,2023-10-31,86
S01501,U1249,T06,2023-09-19,7
S01502,U0908,T09,2024-09-02,145
S01503,U0764,T02,2023-08-06,141
S01504,U2261,T10,2025-07-15,46
S01505,U1724,T03,2024-02-25,84
S01506,U0883,T10,2024-11-21,123
S01507,U1917,T02,2024-12-19,73
S01508,U0642,T02,2024-11-03,54
S01509,U1293,T05,2025-03-17,91
S01510,U0847,T10,2025-12-11,103
S01511,U0849,T10,2025-06-03,150
S01512,U1487,T06,2025-10-31,35
S01513,U1379,T01,2025-02-12,69
S01514,U1209,T08,2024-08-27,134
S01515,U0767,T03,2025-10-15,89
S01516,U0189,T06,2025-08-04,65
S01517,U1677,T01,2025-06-17,142
S01518,U0659,T04,2024-03-31,157
S01519,U1619,T02,2023-11-09,63
S01520,U1418,T01,2025-06-06,124
S01521,U1820,T09,2023-10-14,125
S01522,U2300,T03,2023-02-25,103
S01523,U1154,T09,2025-09-10,7
S01524,U0221,T07,2024-08-19,26
S01525,U1644,T03,2023-10-09,14
S01526,U2286,T04,2023-11-29,9
S01527,U0729,T07,2024-11-06,42
S01528,U1076,T01,2026-02-15,85
S01529,U0354,T01,2024-09-12,60
S01530,U0548,T06,2026-01-30,100
S01531,U0901,T04,2024-01-17,175
S01532,U1202,T06,2024-09-25,16
S01533,U0395,T06,2024-08-12,16
S01534,U1998,T02,2025-08-31,125
S01535,U0999,T03,2024-10-29,72
S01536,U1357,T03,2025-10-08,176
S01537,U0294,T09,2026-03-02,129
S01538,U1388,T03,2023-08-06,107
S01539,U0176,T04,2023-04-13,120
S01540,U0682,T09,2026-03-24,134
S01541,U0222,T04,2023-03-27,156
S01542,U2054,T06,2023-05-05,178
S01543,U1454,T10,2026-02-02,174
S01544,U0521,T04,2024-04-20,82
S01545,U1730,T01,2024-10-28,37
S01546,U2049,T02,2024-04-05,135
S01547,U0988,T10,2023-05-23,93
S01548,U0604,T04,2024-06-27,135
S01549,U2002,T09,2026-04-09,180
S01550,U1171,T01,2023-09-23,168
S01551,U1380,T08,2025-04-28,159
S01552,U1362,T10,2023-08-09,44
S01553,U0847,T09,2025-01-26,151
S01554,U0650,T08,2025-08-04,98
S01555,U1715,T02,2025-06-22,116
S01556,U1107,T10,2025-11-18,15
S01557,U0032,T06,2025-02-08,30
S01558,U0799,T06,2024-01-15,15
S01559,U0419,T10,2023-02-02,169
S01560,U2176,T08,2023-02-08,143
S01561,U0924,T08,2023-12-07,74
S01562,U1576,T02,2023-07-18,17
S01563,U2425,T02,2026-02-19,85
S01564,U0986,T09,2024-03-23,122
S01565,U1919,T03,2024-11-16,18
S01566,U1769,T02,2024-03-24,31
S01567,U1295,T03,2025-03-01,170
S01568,U1971,T01,2024-07-23,24
S01569,U0903,T02,2024-08-27,50
S01570,U0270,T01,2025-12-02,18
S01571,U0815,T06,2023-05-20,153
S01572,U1786,T09,2025-12-31,121
S01573,U0939,T10,2023-05-10,12
S01574,U1279,T01,2024-06-20,25
S01575,U0941,T08,2024-12-14,78
S01576,U2350,T05,2024-07-02,153
S01577,U1978,T10,2025-12-03,157
S01578,U1148,T09,2023-06-18,174
S01579,U1422,T06,2025-03-16,21
S01580,U2411,T01,2024-01-01,13
S01581,U0320,T03,2025-03-14,119
S01582,U1385,T04,2023-07-30,63
S01583,U0588,T10,2023-04-02,90
S01584,U0936,T07,2023-08-26,116
S01585,U1314,T01,2024-06-11,138
S01586,U0468,T04,2023-11-13,14
S01587,U1652,T05,2025-05-10,159
S01588,U0655,T09,2023-09-19,73
S01589,U2337,T01,2025-11-27,96
S01590,U1487,T02,2025-07-15,51
S01591,U1593,T05,2024-07-25,87
S01592,U1916,T04,2023-07-04,95
S01593,U1927,T06,2024-07-30,160
S01594,U0542,T05,2023-01-21,111
S01595,U0412,T10,2023-05-21,172
S01596,U2486,T08,2025-10-24,152
S01597,U1854,T04,2024-07-13,135
S01598,U1130,T09,2025-06-16,55
S01599,U1060,T08,2023-07-05,39
S01600,U0750,T09,2024-05-04,92
S01601,U1118,T03,2023-05-14,134
S01602,U0560,T03,2026-02-23,112
S01603,U0114,T03,2023-09-24,177
S01604,U0023,T06,2024-03-12,87
S01605,U1887,T06,2025-09-04,26
S01606,U2383,T04,2024-05-11,123
S01607,U0298,T10,2024-09-25,157
S01608,U0954,T07,2023-05-06,82
S01609,U2254,T07,2023-08-08,110
S01610,U0004,T09,2024-08-18,144
S01611,U0065,T05,2023-05-07,76
S01612,U0842,T07,2025-03-06,115
S01613,U0995,T06,2024-04-13,27
S01614,U0106,T02,2024-10-04,56
S01615,U0835,T10,2023-11-19,120
S01616,U1446,T05,2025-11-28,116
S01617,U1486,T07,2023-01-18,161
S01618,U1750,T09,2023-04-29,33
S01619,U2434,T07,2025-08-18,123
S01620,U0086,T02,2023-04-08,158
S01621,U2060,T06,2023-10-24,137
S01622,U1339,T03,2025-08-23,15
S01623,U2258,T06,2024-03-01,36
S01624,U0550,T10,2026-01-30,63
S01625,U1484,T03,2023-05-28,124
S01626,U1593,T09,2024-12-10,166
S01627,U2064,T10,2024-10-22,82
S01628,U2215,T05,2025-07-20,37
S01629,U0791,T09,2024-05-30,174
S01630,U1291,T06,2024-10-04,143
S01631,U1103,T02,2025-10-24,65
S01632,U0234,T02,2023-04-21,109
S01633,U1593,T05,2023-03-24,78
S01634,U1985,T07,2024-10-26,126
S01635,U2069,T08,2025-10-09,144
S01636,U0430,T08,2024-04-25,165
S01637,U0302,T09,2025-02-04,70
S01638,U0560,T07,2024-06-05,22
S01639,U1617,T07,2024-05-29,76
S01640,U2012,T05,2026-04-02,56
S01641,U1474,T06,2025-01-01,24
S01642,U0723,T08,2024-10-13,11
S01643,U1351,T06,2024-09-23,178
S01644,U1558,T02,2024-02-10,138
S01645,U1305,T08,2025-09-23,152
S01646,U1594,T09,2023-09-09,135
S01647,U0082,T10,2024-02-11,165
S01648,U0882,T09,2024-02-07,87
S01649,U0261,T01,2024-02-21,173
S01650,U1223,T03,2024-01-02,163
S01651,U1153,T01,2023-11-05,69
S01652,U0220,T04,2023-01-08,142
S01653,U1172,T02,2023-05-23,160
S01654,U1250,T04,2025-08-01,39
S01655,U1797,T07,2023-07-28,36
S01656,U0268,T01,2023-02-08,139
S01657,U1232,T02,2024-06-07,163
S01658,U1881,T10,2023-08-19,92
S01659,U2350,T05,2025-09-15,138
S01660,U1298,T02,2026-01-25,23
S01661,U0174,T04,2025-09-21,126
S01662,U0867,T07,2026-03-16,125
S01663,U1509,T01,2025-10-28,99
S01664,U1029,T09,2024-01-25,74
S01665,U2430,T03,2026-01-04,133
S01666,U0823,T05,2023-01-20,76
S01667,U0953,T09,2023-09-06,101
S01668,U1771,T03,2024-05-05,97
S01669,U0827,T08,2024-09-18,150
S01670,U0605,T10,2026-02-19,172
S01671,U1817,T07,2025-08-12,161
S01672,U0021,T07,2023-08-24,134
S01673,U0382,T07,2024-12-11,180
S01674,U0109,T07,2026-04-13,175
S01675,U2143,T03,2024-04-14,161
S01676,U2222,T02,2024-09-11,141
S01677,U0364,T10,2023-02-17,152
S01678,U1579,T10,2026-01-06,93
S01679,U1544,T10,2025-12-26,130
S01680,U0374,T03,2024-11-15,22
S01681,U1379,T09,2023-09-30,76
S01682,U2197,T03,2025-11-17,153
S01683,U0647,T04,2023-01-06,38
S01684,U1143,T07,2024-05-19,167
S01685,U0021,T06,2026-01-17,97
S01686,U0557,T06,2024-04-11,27
S01687,U0689,T08,2025-02-11,126
S01688,U0882,T07,2025-05-04,77
S01689,U1673,T07,2023-08-26,98
S01690,U1016,T09,2023-09-05,20
S01691,U1978,T05,2025-09-08,155
S01692,U1747,T04,2024-03-29,49
S01693,U0874,T03,2025-08-22,178
S01694,U2111,T08,2023-12-14,24
S01695,U1617,T05,2026-01-01,33
S01696,U1731,T08,2023-02-19,70
S01697,U1484,T04,2025-04-03,8
S01698,U0544,T09,2025-09-01,163
S01699,U0254,T06,2025-05-15,93
S01700,U1445,T03,2023-06-07,98
S01701,U0331,T01,2023-03-17,37
S01702,U1189,T03,2024-03-06,56
S01703,U0537,T09,2025-03-08,106
S01704,U1367,T09,2025-06-07,23
S01705,U2401,T07,2025-01-01,42
S01706,U0601,T02,2024-04-20,85
S01707,U1867,T09,2025-02-22,94
S01708,U0902,T09,2023-09-26,50
S01709,U0724,T05,2024-08-25,65
S01710,U0932,T08,2023-11-15,47
S01711,U1433,T03,2024-07-07,159
S01712,U1910,T05,2023-11-11,18
S01713,U1110,T05,2024-08-26,63
S01714,U0388,T10,2024-11-14,176
S01715,U0616,T02,2024-08-02,163
S01716,U1165,T05,2025-10-10,89
S01717,U1376,T07,2025-07-03,6
S01718,U0151,T05,2023-03-28,103
S01719,U1744,T03,2025-12-16,80
S01720,U0479,T07,2025-09-17,177
S01721,U1652,T02,2025-09-30,31
S01722,U0273,T10,2025-05-05,120
S01723,U1256,T04,2026-02-05,161
S01724,U1104,T01,2024-07-13,39
S01725,U1196,T08,2023-10-20,169
S01726,U1177,T08,2023-12-01,114
S01727,U1231,T05,2024-02-24,47
S01728,U0976,T02,2025-03-17,9
S01729,U2005,T10,2023-11-05,171
S01730,U1590,T05,2024-05-18,99
S01731,U0604,T03,2026-01-27,111
S01732,U1852,T06,2023-09-17,143
S01733,U1966,T05,2024-07-08,111
S01734,U2466,T09,2025-07-08,114
S01735,U1400,T03,2025-01-29,11
S01736,U2059,T10,2024-08-09,33
S01737,U1325,T04,2025-02-11,8
S01738,U0924,T05,2023-09-17,92
S01739,U0766,T07,2025-09-18,50
S01740,U0488,T08,2024-01-30,169
S01741,U1946,T02,2023-05-21,27
S01742,U2478,T06,2025-09-04,151
S01743,U1288,T09,2025-07-15,114
S01744,U1525,T03,2024-03-19,101
S01745,U2031,T02,2026-01-06,132
S01746,U1382,T09,2023-01-20,87
S01747,U1697,T02,2024-12-22,167
S01748,U1527,T03,2023-08-23,76
S01749,U2126,T04,2025-04-09,39
S01750,U2259,T05,2024-10-13,139
S01751,U2313,T03,2023-05-20,58
S01752,U1507,T08,2023-07-13,17
S01753,U0238,T07,2023-12-22,69
S01754,U2051,T08,2025-12-06,154
S01755,U0696,T07,2026-01-11,40
S01756,U0495,T08,2023-09-17,18
S01757,U0317,T08,2023-10-13,60
S01758,U2225,T03,2023-07-04,51
S01759,U1266,T05,2025-06-20,123
S01760,U2417,T08,2023-04-20,161
S01761,U2048,T05,2024-10-26,44
S01762,U1965,T05,2024-04-20,119
S01763,U1418,T01,2025-03-17,83
S01764,U1164,T09,2025-03-15,151
S01765,U1391,T08,2024-04-09,119
S01766,U0874,T05,2024-12-18,64
S01767,U0629,T04,2026-03-28,52
S01768,U1994,T03,2024-08-03,144
S01769,U0540,T10,2025-01-09,137
S01770,U2393,T03,2024-08-29,135
S01771,U1724,T01,2025-05-20,92
S01772,U1330,T08,2024-08-06,76
S01773,U1173,T10,2025-11-20,81
S01774,U0261,T01,2025-10-23,32
S01775,U1977,T02,2024-11-23,131
S01776,U2071,T03,2025-01-01,42
S01777,U2427,T08,2025-12-09,37
S01778,U0259,T05,2023-09-30,159
S01779,U0168,T03,2023-09-09,49
S01780,U1036,T01,2023-10-01,153
S01781,U2486,T01,2026-01-28,144
S01782,U0243,T03,2024-03-07,148
S01783,U1009,T05,2025-02-11,42
S01784,U1371,T04,2025-06-09,149
S01785,U1875,T10,2023-04-22,129
S01786,U1256,T04,2023-07-21,47
S01787,U1322,T10,2025-12-23,36
S01788,U2437,T02,2025-04-10,85
S01789,U1487,T02,2023-09-17,49
S01790,U0292,T06,2023-02-25,50
S01791,U1086,T02,2026-01-20,87
S01792,U1684,T03,2023-12-21,125
S01793,U0512,T08,2024-05-09,52
S01794,U1622,T07,2024-02-21,36
S01795,U0551,T06,2026-01-24,137
S01796,U0022,T04,2023-07-13,146
S01797,U1232,T03,2024-03-17,172
S01798,U2061,T09,2025-02-17,119
S01799,U0164,T10,2025-12-21,156
S01800,U1651,T07,2025-02-16,134
S01801,U1896,T03,2026-02-04,60
S01802,U1084,T06,2024-07-05,173
S01803,U0198,T06,2025-04-07,136
S01804,U0256,T09,2026-03-09,131
S01805,U0442,T04,2024-02-26,41
S01806,U0100,T03,2023-01-07,115
S01807,U2348,T05,2024-07-23,5
S01808,U0417,T01,2026-03-29,101
S01809,U0753,T09,2024-06-03,180
S01810,U0097,T07,2025-10-12,49
S01811,U1196,T05,2023-12-06,132
S01812,U1459,T04,2024-06-10,62
S01813,U1404,T04,2025-07-25,17
S01814,U1095,T06,2025-10-14,178
S01815,U0808,T04,2025-05-29,51
S01816,U1328,T08,2023-02-15,120
S01817,U2268,T07,2024-06-13,56
S01818,U2267,T06,2023-12-29,118
S01819,U2358,T05,2024-01-09,169
S01820,U1731,T04,2024-01-25,20
S01821,U0329,T04,2023-12-09,97
S01822,U1666,T04,2024-02-26,5
S01823,U1803,T06,2025-11-11,151
S01824,U0155,T05,2025-10-30,160
S01825,U2136,T03,2023-08-26,62
S01826,U2099,T02,2023-11-24,111
S01827,U1794,T02,2026-03-12,90
S01828,U0068,T09,2024-09-23,20
S01829,U1726,T06,2025-11-01,149
S01830,U1029,T10,2023-11-10,104
S01831,U0740,T06,2024-10-25,39
S01832,U0516,T09,2025-09-10,169
S01833,U1937,T10,2025-03-13,108
S01834,U0732,T05,2025-08-01,104
S01835,U1385,T10,2023-10-18,99
S01836,U0300,T10,2023-10-19,10
S01837,U0448,T09,2024-04-23,73
S01838,U1157,T04,2023-01-29,151
S01839,U0041,T07,2023-04-18,117
S01840,U0280,T08,2023-10-24,84
S01841,U2204,T10,2023-08-11,176
S01842,U0647,T03,2023-06-03,139
S01843,U0470,T02,2023-11-08,138
S01844,U0026,T08,2026-03-13,30
S01845,U1417,T10,2023-10-16,178
S01846,U0070,T09,2023-02-28,88
S01847,U2035,T10,2024-01-17,158
S01848,U0641,T08,2023-09-06,71
S01849,U0646,T06,2024-12-21,63
S01850,U2075,T02,2023-01-01,127
S01851,U0675,T05,2023-04-25,160
S01852,U2188,T02,2026-04-15,143
S01853,U1129,T06,2024-08-14,92
S01854,U1480,T05,2023-11-28,79
S01855,U2446,T10,2025-02-13,106
S01856,U0804,T06,2023-05-13,165
S01857,U1803,T01,2025-08-13,173
S01858,U1271,T02,2026-01-29,108
S01859,U1121,T09,2024-06-23,57
S01860,U1904,T08,2024-04-20,175
S01861,U1835,T01,2025-05-24,80
S01862,U1150,T01,2023-03-17,59
S01863,U1756,T05,2024-05-10,179
S01864,U1822,T06,2024-11-04,109
S01865,U1198,T09,2023-01-03,73
S01866,U0761,T05,2023-01-14,173
S01867,U0292,T03,2023-11-26,125
S01868,U2392,T10,2023-08-01,82
S01869,U1122,T07,2024-10-26,35
S01870,U0373,T10,2023-08-27,44
S01871,U1484,T02,2023-07-26,68
S01872,U2247,T10,2024-10-06,169
S01873,U2421,T10,2023-03-15,59
S01874,U0915,T06,2023-10-14,21
S01875,U0514,T09,2023-08-28,65
S01876,U0573,T04,2025-09-03,71
S01877,U1623,T06,2025-12-18,29
S01878,U1408,T10,2023-01-03,57
S01879,U0791,T05,2025-12-06,50
S01880,U0373,T08,2023-09-07,10
S01881,U0605,T07,2024-08-20,73
S01882,U2448,T01,2023-08-13,64
S01883,U1208,T01,2024-10-14,11
S01884,U1964,T03,2024-01-28,176
S01885,U0722,T07,2023-10-20,121
S01886,U1822,T03,2024-12-17,34
S01887,U0181,T01,2023-11-02,150
S01888,U1488,T07,2023-06-17,90
S01889,U1307,T06,2023-06-25,17
S01890,U1107,T03,2026-01-01,129
S01891,U1097,T05,2026-01-03,25
S01892,U0623,T06,2023-10-01,63
S01893,U1802,T07,2026-01-07,28
S01894,U1024,T05,2025-08-25,148
S01895,U1537,T04,2023-02-13,68
S01896,U2388,T07,2025-05-01,91
S01897,U0186,T02,2023-02-16,5
S01898,U1046,T07,2023-08-14,97
S01899,U0801,T07,2023-05-19,133
S01900,U1926,T10,2023-10-06,54
S01901,U0248,T02,2026-01-18,159
S01902,U2201,T06,2025-01-14,29
S01903,U1968,T05,2024-12-04,9
S01904,U1823,T01,2024-01-15,5
S01905,U0256,T10,2026-02-14,20
S01906,U2227,T10,2024-07-01,68
S01907,U0691,T10,2023-04-14,112
S01908,U2224,T01,2025-11-11,84
S01909,U1330,T10,2026-01-25,53
S01910,U0084,T07,2026-01-28,105
S01911,U0435,T09,2023-04-10,179
S01912,U2439,T09,2025-05-17,99
S01913,U2405,T01,2024-02-07,98
S01914,U1806,T01,2023-09-19,173
S01915,U1556,T10,2025-10-03,104
S01916,U0397,T06,2023-02-10,164
S01917,U0826,T02,2024-09-18,13
S01918,U1796,T03,2023-01-13,147
S01919,U2244,T08,2023-07-03,45
S01920,U1553,T09,2025-08-19,161
S01921,U1201,T04,2024-12-02,48
S01922,U1614,T05,2026-03-25,37
S01923,U0965,T06,2023-05-18,126
S01924,U1208,T02,2025-02-19,116
S01925,U0929,T04,2024-04-03,124
S01926,U0911,T06,2025-02-07,159
S01927,U1881,T10,2025-09-23,55
S01928,U0329,T03,2026-02-19,141
S01929,U1519,T01,2023-12-24,57
S01930,U2361,T01,2023-07-29,177
S01931,U0928,T01,2025-06-16,90
S01932,U2134,T05,2024-02-17,12
S01933,U0852,T10,2025-01-30,92
S01934,U2037,T10,2024-12-05,31
S01935,U2146,T01,2023-07-16,109
S01936,U1718,T01,2024-02-05,102
S01937,U0373,T09,2026-02-18,124
S01938,U1780,T02,2024-02-26,22
S01939,U1044,T02,2026-04-02,49
S01940,U0195,T03,2024-03-28,150
S01941,U0429,T09,2024-01-29,78
S01942,U0844,T05,2026-02-26,159
S01943,U1760,T10,2024-06-19,49
S01944,U1636,T06,2023-01-06,99
S01945,U1617,T02,2023-03-06,68
S01946,U0764,T03,2024-07-29,81
S01947,U2145,T03,2025-11-17,99
S01948,U0604,T08,2025-07-23,94
S01949,U1932,T04,2024-06-09,50
S01950,U1284,T08,2023-02-12,162
S01951,U1860,T07,2023-11-08,116
S01952,U2233,T06,2023-12-07,5
S01953,U2104,T10,2025-11-13,110
S01954,U0330,T04,2023-01-11,19
S01955,U0403,T03,2023-08-11,68
S01956,U0767,T09,2025-04-26,161
S01957,U1043,T01,2024-06-21,19
S01958,U0753,T06,2024-10-17,134
S01959,U0647,T10,2025-09-08,91
S01960,U0630,T01,2025-11-12,24
S01961,U1501,T10,2024-08-18,125
S01962,U1208,T08,2024-03-20,21
S01963,U2444,T03,2024-02-28,128
S01964,U1127,T05,2026-04-08,169
S01965,U0161,T09,2023-08-25,52
S01966,U1498,T05,2023-11-12,60
S01967,U0062,T05,2026-03-18,106
S01968,U1786,T06,2025-07-05,103
S01969,U0514,T07,2024-02-16,120
S01970,U0237,T05,2024-06-27,71
S01971,U0162,T10,2024-02-07,102
S01972,U1902,T04,2026-01-08,64
S01973,U1038,T03,2026-02-24,91
S01974,U0178,T01,2025-10-02,35
S01975,U0622,T03,2023-03-11,165
S01976,U2080,T05,2024-09-10,6
S01977,U2134,T01,2024-03-18,180
S01978,U1652,T10,2023-08-13,96
S01979,U1752,T09,2023-09-19,59
S01980,U0321,T02,2025-07-04,161
S01981,U1796,T02,2025-11-25,9
S01982,U2096,T04,2023-08-10,14
S01983,U0028,T03,2025-09-26,128
S01984,U1082,T10,2025-08-26,158
S01985,U1255,T07,2024-08-31,9
S01986,U2308,T07,2025-01-16,130
S01987,U1052,T04,2025-11-04,86
S01988,U1435,T03,2023-02-05,28
S01989,U1566,T06,2024-07-06,124
S01990,U1595,T04,2024-10-09,65
S01991,U1782,T03,2023-07-13,48
S01992,U2313,T02,2025-06-18,50
S01993,U0526,T01,2024-11-05,54
S01994,U0034,T05,2023-05-10,59
S01995,U2304,T10,2023-05-02,51
S01996,U1281,T05,2023-02-10,89
S01997,U1964,T06,2025-01-12,23
S01998,U2369,T06,2024-07-16,133
S01999,U2317,T03,2024-10-18,16
S02000,U0976,T02,2024-09-02,147
S02001,U0442,T08,2025-09-25,95
S02002,U0806,T10,2025-05-10,56
S02003,U0916,T10,2023-12-20,66
S02004,U1864,T04,2023-03-30,154
S02005,U0798,T10,2025-01-10,67
S02006,U0808,T09,2023-10-20,53
S02007,U2366,T01,2024-07-06,25
S02008,U0068,T09,2026-03-19,95
S02009,U2163,T01,2023-01-25,23
S02010,U1144,T03,2026-01-03,30
S02011,U1738,T04,2024-08-18,105
S02012,U2082,T05,2023-04-02,109
S02013,U1710,T03,2025-08-10,160
S02014,U2090,T05,2023-09-25,12
S02015,U1033,T02,2025-08-16,60
S02016,U1787,T07,2024-06-20,30
S02017,U0782,T03,2024-11-04,27
S02018,U0094,T03,2026-03-09,24
S02019,U0949,T02,2024-08-05,99
S02020,U0468,T02,2024-10-03,11
S02021,U0777,T04,2024-12-27,136
S02022,U0061,T07,2024-08-02,73
S02023,U1923,T03,2023-03-21,159
S02024,U1638,T08,2025-08-21,6
S02025,U2239,T04,2023-08-23,135
S02026,U1142,T08,2023-10-25,51
S02027,U1950,T04,2023-08-29,153
S02028,U0513,T09,2024-11-09,56
S02029,U1272,T07,2025-04-27,112
S02030,U0692,T09,2025-07-12,68
S02031,U0098,T07,2023-02-26,58
S02032,U0685,T03,2025-07-06,167
S02033,U2430,T09,2024-03-09,79
S02034,U1825,T09,2024-01-15,137
S02035,U0823,T05,2023-12-26,48
S02036,U2102,T09,2023-05-31,10
S02037,U2127,T07,2024-06-24,11
S02038,U0763,T05,2025-12-10,76
S02039,U1717,T10,2023-06-06,96
S02040,U0248,T09,2025-01-27,113
S02041,U0466,T08,2024-12-11,123
S02042,U1428,T07,2023-05-24,173
S02043,U0176,T06,2026-02-27,45
S02044,U1157,T04,2023-09-18,44
S02045,U0004,T09,2026-03-31,118
S02046,U0105,T04,2025-05-24,45
S02047,U2035,T02,2023-07-25,69
S02048,U1566,T04,2025-07-17,24
S02049,U1720,T07,2025-05-18,78
S02050,U1942,T08,2025-02-18,152
S02051,U2202,T10,2023-09-08,93
S02052,U0182,T08,2024-04-27,99
S02053,U0863,T02,2025-02-10,103
S02054,U0419,T07,2025-04-12,53
S02055,U0742,T01,2023-05-13,114
S02056,U0177,T06,2025-04-10,47
S02057,U0336,T03,2025-11-22,40
S02058,U0629,T03,2025-02-26,163
S02059,U1865,T08,2025-08-04,149
S02060,U1514,T05,2023-04-19,126
S02061,U1560,T07,2025-02-11,133
S02062,U0422,T02,2025-09-15,79
S02063,U0173,T10,2025-07-15,32
S02064,U1139,T10,2023-12-23,12
S02065,U1962,T01,2024-03-02,130
S02066,U0125,T09,2025-10-06,91
S02067,U2006,T05,2025-08-05,133
S02068,U1502,T03,2024-10-04,90
S02069,U1643,T05,2023-03-23,146
S02070,U0042,T05,2025-09-24,136
S02071,U1195,T04,2025-03-22,17
S02072,U1393,T07,2026-04-05,145
S02073,U0553,T09,2025-12-03,42
S02074,U0555,T06,2023-06-12,169
S02075,U2406,T09,2023-04-22,113
S02076,U1870,T08,2026-01-26,146
S02077,U1789,T09,2023-06-22,144
S02078,U2322,T01,2023-01-09,62
S02079,U0848,T02,2024-10-31,100
S02080,U2282,T10,2025-11-08,95
S02081,U1211,T02,2025-02-05,44
S02082,U2159,T01,2023-05-19,124
S02083,U2208,T09,2024-06-24,94
S02084,U2456,T04,2024-01-02,68
S02085,U0609,T08,2025-06-18,6
S02086,U1308,T07,2025-05-08,27
S02087,U1801,T07,2025-05-11,140
S02088,U0200,T10,2024-02-01,150
S02089,U0640,T07,2023-03-14,109
S02090,U0250,T03,2025-04-24,128
S02091,U1151,T07,2023-03-18,120
S02092,U0235,T07,2023-06-10,152
S02093,U0294,T09,2025-05-25,85
S02094,U0631,T02,2024-08-16,78
S02095,U1080,T04,2023-01-10,37
S02096,U1724,T05,2023-06-26,143
S02097,U1415,T06,2023-10-13,29
S02098,U0196,T02,2025-08-16,136
S02099,U1662,T04,2026-03-13,127
S02100,U0573,T01,2023-12-27,10
S02101,U1392,T07,2024-10-22,106
S02102,U1465,T07,2025-12-12,71
S02103,U2491,T03,2025-08-08,163
S02104,U1578,T05,2024-08-30,98
S02105,U0954,T01,2025-02-09,161
S02106,U1056,T02,2023-11-03,138
S02107,U2066,T04,2025-01-20,139
S02108,U1130,T08,2025-01-31,176
S02109,U0495,T06,2023-03-18,6
S02110,U0839,T06,2026-03-31,101
S02111,U0052,T03,2025-08-21,17
S02112,U1227,T10,2023-07-20,161
S02113,U1047,T07,2024-12-16,152
S02114,U1035,T06,2026-01-15,128
S02115,U1411,T07,2024-05-26,161
S02116,U0843,T09,2024-02-04,176
S02117,U0970,T01,2025-04-02,26
S02118,U0729,T04,2026-02-10,6
S02119,U1032,T03,2025-07-25,145
S02120,U1027,T02,2023-11-05,62
S02121,U2336,T05,2023-12-06,28
S02122,U2262,T05,2025-05-06,148
S02123,U1019,T05,2024-04-22,54
S02124,U0380,T01,2024-04-07,44
S02125,U0218,T04,2024-01-29,180
S02126,U0444,T04,2025-09-30,169
S02127,U0374,T05,2025-07-05,158
S02128,U2193,T08,2025-06-15,142
S02129,U2391,T08,2023-10-12,92
S02130,U1269,T03,2023-08-04,40
S02131,U0520,T05,2025-11-19,62
S02132,U1748,T07,2023-12-27,164
S02133,U2482,T07,2023-12-19,128
S02134,U0225,T02,2025-06-10,110
S02135,U0416,T05,2023-03-14,178
S02136,U0889,T01,2026-04-14,14
S02137,U0714,T09,2025-03-12,88
S02138,U0981,T08,2025-10-23,66
S02139,U1495,T08,2024-11-03,171
S02140,U2382,T04,2023-12-25,155
S02141,U0554,T09,2023-08-22,116
S02142,U1325,T01,2023-08-08,126
S02143,U0685,T07,2024-07-01,93
S02144,U1620,T01,2025-04-16,131
S02145,U1955,T10,2024-12-25,68
S02146,U0775,T08,2025-12-01,83
S02147,U0487,T03,2025-08-22,69
S02148,U0335,T02,2025-02-16,86
S02149,U0088,T02,2024-11-28,14
S02150,U2273,T04,2026-02-02,25
S02151,U1685,T04,2023-07-29,85
S02152,U1887,T08,2023-07-22,154
S02153,U1791,T09,2024-11-27,28
S02154,U0874,T09,2026-03-12,104
S02155,U0728,T09,2025-01-02,45
S02156,U0212,T08,2023-06-02,49
S02157,U0929,T04,2024-06-24,5
S02158,U1795,T09,2025-11-24,62
S02159,U1371,T06,2025-09-03,101
S02160,U0230,T04,2024-01-06,73
S02161,U0337,T05,2025-04-21,147
S02162,U1610,T04,2023-01-13,168
S02163,U2136,T04,2023-11-18,36
S02164,U0089,T08,2024-09-29,148
S02165,U0311,T05,2023-04-22,61
S02166,U2388,T01,2023-06-13,33
S02167,U0285,T09,2024-04-18,133
S02168,U0453,T08,2025-01-21,69
S02169,U2306,T09,2023-12-14,28
S02170,U1119,T02,2025-12-21,5
S02171,U0259,T07,2023-04-19,124
S02172,U1836,T08,2023-04-03,18
S02173,U0610,T01,2023-08-01,177
S02174,U1606,T03,2023-06-22,75
S02175,U1553,T08,2023-04-02,166
S02176,U2019,T01,2023-09-20,67
S02177,U1166,T03,2023-02-06,105
S02178,U2019,T01,2024-04-29,122
S02179,U0712,T06,2023-03-15,147
S02180,U0415,T08,2024-12-09,39
S02181,U1522,T09,2025-01-04,95
S02182,U0881,T02,2023-12-07,91
S02183,U2201,T08,2023-11-08,71
S02184,U0016,T08,2023-09-13,74
S02185,U1851,T04,2023-06-20,5
S02186,U0870,T10,2024-12-12,47
S02187,U1534,T08,2025-07-05,114
S02188,U0556,T06,2025-10-20,105
S02189,U0866,T02,2023-04-04,95
S02190,U1698,T02,2024-06-29,141
S02191,U2338,T06,2023-01-12,94
S02192,U0096,T02,2023-11-24,64
S02193,U2319,T01,2023-09-18,111
S02194,U2207,T09,2023-11-07,113
S02195,U1493,T09,2024-09-14,50
S02196,U1073,T01,2024-10-11,106
S02197,U1531,T01,2023-05-01,179
S02198,U0015,T06,2025-05-16,179
S02199,U0456,T03,2025-08-29,10
S02200,U1392,T10,2023-07-28,95
S02201,U2316,T06,2023-11-04,47
S02202,U0241,T03,2024-09-26,131
S02203,U1905,T03,2025-09-19,163
S02204,U0132,T06,2024-12-07,90
S02205,U1384,T01,2023-07-28,108
S02206,U1669,T08,2025-08-08,166
S02207,U0860,T04,2023-08-11,16
S02208,U2179,T01,2025-09-14,69
S02209,U2441,T04,2025-12-15,143
S02210,U0332,T07,2025-12-31,136
S02211,U1389,T02,2026-01-30,64
S02212,U1610,T05,2024-12-11,113
S02213,U0060,T01,2024-06-10,35
S02214,U1359,T09,2023-09-20,91
S02215,U0230,T10,2023-07-20,100
S02216,U1327,T10,2025-08-27,76
S02217,U1038,T03,2025-09-07,84
S02218,U0749,T01,2024-03-03,48
S02219,U0622,T05,2025-09-22,29
S02220,U2358,T08,2024-07-27,44
S02221,U0738,T01,2023-04-29,159
S02222,U0138,T08,2024-01-04,100
S02223,U0898,T09,2024-03-10,12
S02224,U2289,T09,2025-12-26,75
S02225,U2423,T04,2025-09-23,153
S02226,U2189,T01,2023-07-28,28
S02227,U1314,T08,2025-09-02,66
S02228,U1760,T04,2023-02-10,38
S02229,U0776,T03,2024-07-08,10
S02230,U1535,T08,2024-08-04,80
S02231,U1531,T03,2025-10-16,88
S02232,U1795,T06,2023-01-01,52
S02233,U0164,T09,2023-08-08,116
S02234,U0611,T07,2024-10-28,77
S02235,U2306,T03,2023-11-23,129
S02236,U1729,T01,2024-01-17,168
S02237,U0540,T06,2023-08-18,105
S02238,U1725,T05,2026-03-31,91
S02239,U0715,T07,2024-06-28,126
S02240,U1668,T04,2024-03-25,105
S02241,U2369,T04,2023-09-26,169
S02242,U0285,T10,2024-12-18,163
S02243,U1717,T08,2024-01-26,148
S02244,U1255,T10,2024-04-24,137
S02245,U2140,T06,2023-07-06,53
S02246,U0139,T03,2025-05-23,46
S02247,U2366,T10,2025-10-09,123
S02248,U2498,T02,2025-07-13,50
S02249,U0904,T09,2024-10-09,164
S02250,U2208,T09,2024-01-24,35
S02251,U1182,T08,2024-04-27,7
S02252,U1200,T06,2024-09-02,53
S02253,U0750,T08,2024-12-12,61
S02254,U1854,T03,2025-09-09,110
S02255,U1770,T02,2025-05-29,16
S02256,U2323,T10,2023-09-17,132
S02257,U0486,T05,2024-09-13,97
S02258,U1762,T07,2024-08-15,107
S02259,U2041,T08,2023-10-19,72
S02260,U1424,T07,2023-04-04,82
S02261,U0600,T05,2024-09-20,48
S02262,U0144,T07,2023-06-11,147
S02263,U2386,T05,2025-11-13,51
S02264,U1780,T07,2023-04-22,158
S02265,U2279,T08,2023-12-26,121
S02266,U2135,T08,2023-04-14,83
S02267,U1978,T02,2023-06-21,168
S02268,U1575,T02,2025-06-16,100
S02269,U0910,T07,2024-10-25,26
S02270,U1545,T06,2025-11-13,25
S02271,U2114,T01,2024-03-30,115
S02272,U0309,T09,2023-03-18,52
S02273,U0864,T07,2023-08-01,104
S02274,U0895,T04,2025-06-05,141
S02275,U1867,T09,2024-11-07,66
S02276,U1463,T01,2025-08-16,146
S02277,U0132,T05,2025-08-02,145
S02278,U0788,T06,2026-02-21,75
S02279,U1274,T01,2024-12-02,95
S02280,U2050,T06,2025-10-15,62
S02281,U1323,T04,2024-08-03,89
S02282,U2420,T07,2025-09-03,46
S02283,U0963,T08,2026-03-28,110
S02284,U2305,T06,2025-10-11,87
S02285,U0246,T03,2025-07-21,111
S02286,U2245,T01,2026-03-14,40
S02287,U1414,T07,2024-06-24,178
S02288,U0912,T01,2025-05-30,51
S02289,U0742,T04,2025-10-17,59
S02290,U0552,T09,2023-12-13,171
S02291,U2023,T03,2023-02-09,154
S02292,U0139,T08,2023-10-27,53
S02293,U1764,T04,2025-07-17,172
S02294,U0617,T05,2025-02-11,68
S02295,U0536,T03,2023-07-18,130
S02296,U1101,T10,2025-09-18,139
S02297,U2023,T03,2025-06-27,173
S02298,U2302,T02,2023-10-10,90
S02299,U2393,T01,2023-07-05,160
S02300,U1766,T07,2026-03-16,5
S02301,U2147,T06,2024-09-20,159
S02302,U1347,T09,2023-04-06,157
S02303,U0723,T04,2023-10-16,179
S02304,U1851,T01,2024-04-29,118
S02305,U1500,T02,2023-04-19,98
S02306,U0039,T04,2024-12-30,36
S02307,U1840,T09,2025-03-05,83
S02308,U1944,T08,2023-11-15,96
S02309,U0849,T01,2023-12-16,106
S02310,U1559,T07,2023-08-15,96
S02311,U1576,T03,2025-11-15,5
S02312,U1909,T10,2023-09-05,113
S02313,U1036,T01,2025-02-18,112
S02314,U1170,T01,2025-05-18,100
S02315,U1097,T01,2024-06-18,138
S02316,U0744,T01,2024-03-15,97
S02317,U0085,T02,2025-05-18,80
S02318,U0960,T01,2024-05-25,120
S02319,U0459,T06,2024-11-10,154
S02320,U2058,T09,2024-01-17,162
S02321,U0244,T09,2024-09-30,67
S02322,U2191,T05,2024-01-16,75
S02323,U2485,T09,2026-02-06,94
S02324,U0876,T04,2023-03-04,98
S02325,U0071,T06,2025-12-03,167
S02326,U1706,T04,2025-02-25,72
S02327,U0329,T06,2025-03-05,63
S02328,U1759,T02,2024-03-19,137
S02329,U0955,T03,2024-01-24,8
S02330,U2285,T01,2025-12-16,13
S02331,U0262,T06,2025-08-30,115
S02332,U0893,T08,2024-11-03,49
S02333,U0692,T10,2024-02-05,93
S02334,U1379,T02,2023-10-13,130
S02335,U0106,T02,2024-02-28,163
S02336,U1471,T04,2024-09-30,65
S02337,U0048,T09,2023-11-15,59
S02338,U1252,T07,2024-09-21,50
S02339,U0184,T06,2024-03-09,64
S02340,U2380,T08,2026-03-21,47
S02341,U2242,T01,2025-11-02,149
S02342,U1901,T07,2025-03-13,16
S02343,U1112,T02,2026-04-05,31
S02344,U1382,T10,2025-11-29,106
S02345,U1230,T07,2026-01-13,132
S02346,U1908,T06,2025-02-18,172
S02347,U0103,T04,2023-04-07,129
S02348,U1995,T06,2024-08-07,65
S02349,U0798,T02,2024-01-16,109
S02350,U0078,T03,2025-12-14,166
S02351,U0883,T08,2025-11-22,160
S02352,U1717,T03,2024-09-27,63
S02353,U2161,T08,2024-01-12,106
S02354,U0633,T07,2023-03-19,126
S02355,U0327,T04,2023-09-16,140
S02356,U1554,T04,2024-03-23,51
S02357,U1884,T10,2024-06-15,146
S02358,U2139,T08,2024-06-12,135
S02359,U1390,T04,2024-02-17,116
S02360,U0369,T10,2026-03-23,105
S02361,U0165,T01,2023-11-12,66
S02362,U1653,T04,2024-07-12,141
S02363,U1197,T05,2025-06-27,55
S02364,U1236,T03,2025-11-27,160
S02365,U0320,T07,2025-12-05,110
S02366,U1245,T08,2023-09-20,157
S02367,U1780,T10,2026-02-14,105
S02368,U1846,T05,2025-11-11,123
S02369,U1219,T04,2023-09-11,109
S02370,U0738,T05,2023-05-09,137
S02371,U1877,T07,2025-08-25,80
S02372,U1754,T08,2023-08-24,118
S02373,U1736,T05,2023-11-20,91
S02374,U2387,T05,2025-05-26,129
S02375,U1104,T10,2025-06-29,53
S02376,U0664,T07,2025-11-28,158
S02377,U0105,T08,2024-06-02,104
S02378,U2066,T01,2024-08-30,108
S02379,U0464,T05,2026-02-28,158
S02380,U0103,T09,2023-11-17,77
S02381,U0156,T10,2023-05-05,84
S02382,U1310,T07,2024-03-16,89
S02383,U0056,T07,2024-11-07,162
S02384,U2061,T06,2024-10-02,158
S02385,U1011,T07,2024-10-26,136
S02386,U0543,T02,2023-03-24,94
S02387,U2007,T06,2024-05-11,46
S02388,U0320,T06,2023-10-31,167
S02389,U2364,T10,2023-09-21,31
S02390,U2001,T02,2023-10-19,132
S02391,U0213,T04,2024-04-18,82
S02392,U0470,T03,2026-02-25,24
S02393,U0463,T04,2025-12-09,138
S02394,U0064,T03,2023-07-14,114
S02395,U0416,T05,2024-08-25,176
S02396,U1154,T02,2025-08-30,166
S02397,U0653,T08,2026-02-05,96
S02398,U0513,T06,2023-10-21,136
S02399,U1601,T10,2025-04-13,109
S02400,U1839,T03,2025-01-13,126
S02401,U0576,T03,2024-06-26,59
S02402,U1589,T09,2023-11-02,141
S02403,U1158,T03,2023-08-23,10
S02404,U0996,T09,2023-12-23,154
S02405,U0767,T10,2024-05-13,149
S02406,U1899,T10,2025-09-06,50
S02407,U2411,T09,2023-08-08,68
S02408,U2404,T04,2025-01-17,87
S02409,U2453,T07,2025-04-06,92
S02410,U1975,T03,2024-08-06,104
S02411,U0272,T10,2025-05-19,141
S02412,U2050,T03,2025-12-21,73
S02413,U2445,T09,2024-04-11,102
S02414,U2467,T08,2023-12-31,137
S02415,U2294,T09,2025-07-27,66
S02416,U0949,T08,2023-11-27,102
S02417,U1395,T05,2023-06-30,152
S02418,U1983,T01,2024-06-09,163
S02419,U0624,T05,2024-10-16,133
S02420,U2157,T07,2025-10-23,60
S02421,U0005,T07,2023-07-16,123
S02422,U2192,T08,2023-08-02,80
S02423,U1447,T02,2025-03-20,138
S02424,U1437,T05,2025-09-15,163
S02425,U2270,T03,2023-11-04,66
S02426,U2236,T08,2023-10-21,157
S02427,U2362,T07,2025-12-12,68
S02428,U0269,T03,2025-06-05,100
S02429,U0225,T03,2023-12-28,105
S02430,U2134,T04,2025-05-09,149
S02431,U1600,T10,2025-03-17,152
S02432,U2216,T03,2024-03-07,101
S02433,U1741,T06,2023-10-27,61
S02434,U2212,T08,2024-10-15,159
S02435,U1703,T03,2026-03-26,7
S02436,U0431,T04,2025-03-03,109
S02437,U2491,T01,2024-02-23,20
S02438,U0796,T09,2025-10-12,34
S02439,U1727,T02,2024-02-16,86
S02440,U1446,T09,2024-12-30,82
S02441,U1877,T08,2025-02-01,179
S02442,U0604,T03,2025-06-26,7
S02443,U1534,T06,2024-01-20,156
S02444,U0173,T05,2023-08-28,104
S02445,U0522,T09,2024-10-05,11
S02446,U1909,T03,2026-03-14,170
S02447,U2137,T03,2024-01-01,98
S02448,U0641,T03,2025-01-01,49
S02449,U2203,T08,2025-09-26,95
S02450,U0395,T01,2025-05-31,81
S02451,U1610,T04,2025-11-09,72
S02452,U1000,T02,2025-11-12,124
S02453,U2044,T01,2025-07-29,73
S02454,U1748,T02,2023-01-06,114
S02455,U1791,T07,2023-03-30,15
S02456,U0907,T05,2023-08-21,126
S02457,U1310,T05,2024-03-25,172
S02458,U2267,T03,2025-12-05,124
S02459,U0278,T08,2023-02-09,118
S02460,U2238,T07,2025-04-12,135
S02461,U1933,T08,2025-08-30,113
S02462,U0188,T01,2025-03-22,24
S02463,U0112,T01,2023-12-17,136
S02464,U0459,T01,2025-11-26,122
S02465,U0822,T03,2024-07-21,167
S02466,U2223,T09,2025-07-02,153
S02467,U0037,T08,2024-07-25,146
S02468,U1465,T09,2023-09-10,110
S02469,U0071,T09,2026-03-23,136
S02470,U2274,T07,2025-04-25,153
S02471,U1578,T09,2023-08-16,94
S02472,U1075,T08,2025-11-01,31
S02473,U2080,T08,2024-08-09,58
S02474,U1710,T05,2023-07-22,109
S02475,U1992,T02,2024-01-02,98
S02476,U2203,T05,2025-04-20,127
S02477,U2166,T10,2026-02-23,84
S02478,U1588,T05,2023-06-08,122
S02479,U2132,T01,2026-01-10,111
S02480,U0878,T07,2024-06-07,56
S02481,U0037,T06,2025-06-21,110
S02482,U1220,T06,2024-12-11,48
S02483,U1231,T10,2025-09-19,48
S02484,U0071,T07,2026-03-25,148
S02485,U0946,T06,2023-07-26,98
S02486,U1368,T10,2024-04-26,94
S02487,U0430,T01,2024-05-30,141
S02488,U1888,T07,2025-10-17,8
S02489,U1379,T05,2024-07-08,36
S02490,U1163,T06,2024-11-21,91
S02491,U1063,T09,2024-02-29,114
S02492,U1926,T02,2024-03-09,140
S02493,U0719,T10,2025-04-11,86
S02494,U0544,T04,2025-10-25,63
S02495,U0541,T02,2023-02-20,34
S02496,U1863,T08,2024-01-02,10
S02497,U2408,T08,2024-06-25,132
S02498,U2355,T02,2023-01-11,70
S02499,U0574,T04,2025-08-08,147
S02500,U0997,T02,2024-09-28,45
S02501,U0240,T07,2023-10-20,37
S02502,U1467,T07,2024-08-13,115
S02503,U0367,T02,2025-08-25,20
S02504,U2217,T09,2025-05-21,139
S02505,U1466,T03,2025-11-21,108
S02506,U0511,T05,2024-12-05,138
S02507,U0193,T03,2024-03-08,164
S02508,U0124,T07,2024-07-24,103
S02509,U1692,T09,2025-04-25,114
S02510,U2252,T10,2025-03-22,110
S02511,U1483,T02,2025-06-01,93
S02512,U0105,T03,2024-02-27,39
S02513,U1126,T03,2024-12-16,169
S02514,U0035,T07,2025-03-31,91
S02515,U1113,T02,2023-05-29,58
S02516,U1618,T05,2025-01-23,53
S02517,U0535,T09,2023-05-10,16
S02518,U0295,T05,2025-02-15,106
S02519,U0821,T02,2023-01-22,5
S02520,U1577,T02,2024-08-11,56
S02521,U1489,T03,2023-10-23,88
S02522,U1343,T06,2023-12-01,171
S02523,U0729,T05,2026-02-21,136
S02524,U1070,T01,2024-04-12,25
S02525,U2173,T08,2024-12-08,123
S02526,U1376,T06,2023-04-30,30
S02527,U1617,T07,2023-10-05,33
S02528,U1181,T01,2025-12-29,107
S02529,U2367,T06,2024-06-24,170
S02530,U1622,T05,2025-06-11,158
S02531,U0021,T01,2023-06-17,126
S02532,U1251,T05,2024-11-10,83
S02533,U0918,T09,2025-09-30,171
S02534,U1523,T10,2025-12-11,160
S02535,U2441,T06,2023-10-11,22
S02536,U0339,T02,2023-04-30,51
S02537,U1745,T10,2025-05-07,131
S02538,U2272,T07,2023-12-29,167
S02539,U0429,T07,2026-01-23,62
S02540,U1528,T02,2025-03-02,10
S02541,U1226,T09,2024-03-19,167
S02542,U1053,T02,2025-05-26,85
S02543,U2293,T03,2024-03-17,37
S02544,U2456,T10,2023-01-01,70
S02545,U1846,T05,2023-07-21,70
S02546,U0207,T03,2025-05-05,177
S02547,U0014,T05,2023-08-13,135
S02548,U0923,T04,2024-08-27,131
S02549,U0751,T06,2024-01-28,136
S02550,U1247,T10,2025-05-31,22
S02551,U0842,T06,2024-05-06,145
S02552,U1099,T07,2023-11-20,155
S02553,U1117,T04,2024-09-03,92
S02554,U1571,T02,2025-03-24,134
S02555,U2383,T10,2023-09-30,158
S02556,U1409,T05,2023-08-23,63
S02557,U1629,T06,2023-11-23,45
S02558,U0507,T02,2023-09-07,144
S02559,U0652,T05,2024-11-15,70
S02560,U1945,T03,2025-03-08,176
S02561,U0025,T07,2023-02-06,171
S02562,U1910,T02,2023-08-12,82
S02563,U2240,T10,2024-06-02,64
S02564,U0719,T04,2023-11-16,171
S02565,U1261,T08,2024-01-30,36
S02566,U0703,T08,2025-08-19,112
S02567,U0754,T07,2023-07-19,20
S02568,U2332,T05,2024-10-28,115
S02569,U1073,T04,2023-07-10,108
S02570,U1476,T10,2023-12-23,141
S02571,U1298,T01,2025-01-13,37
S02572,U0432,T01,2024-02-05,142
S02573,U0258,T05,2023-08-28,22
S02574,U0108,T10,2025-04-20,86
S02575,U0595,T06,2025-12-10,100
S02576,U1846,T06,2025-05-09,116
S02577,U2242,T06,2024-02-19,120
S02578,U1857,T04,2023-05-02,105
S02579,U0548,T03,2025-09-03,33
S02580,U1360,T03,2023-02-01,67
S02581,U1236,T08,2025-12-03,168
S02582,U2184,T08,2023-07-13,168
S02583,U0786,T05,2025-08-15,69
S02584,U2237,T01,2024-07-05,65
S02585,U0192,T02,2023-01-25,179
S02586,U1948,T09,2025-06-07,52
S02587,U1490,T02,2024-06-01,114
S02588,U0998,T04,2024-11-14,64
S02589,U2166,T09,2024-10-09,171
S02590,U1017,T10,2026-02-21,164
S02591,U0440,T03,2024-02-04,139
S02592,U1515,T08,2024-06-30,12
S02593,U1974,T01,2023-02-08,164
S02594,U1433,T03,2024-12-06,35
S02595,U1251,T04,2024-06-20,167
S02596,U1669,T01,2025-11-10,21
S02597,U0088,T09,2023-07-05,82
S02598,U2076,T04,2024-01-12,38
S02599,U1532,T09,2024-04-02,129
S02600,U1879,T03,2023-07-30,16
S02601,U1280,T10,2025-03-10,65
S02602,U0040,T02,2023-03-29,9
S02603,U0737,T05,2025-09-16,73
S02604,U0160,T10,2023-09-04,30
S02605,U1859,T03,2023-06-08,86
S02606,U0234,T03,2023-08-03,103
S02607,U2478,T04,2025-07-12,151
S02608,U1257,T02,2024-01-31,155
S02609,U1010,T04,2025-04-07,5
S02610,U1474,T03,2026-01-18,157
S02611,U0600,T08,2026-01-23,75
S02612,U1665,T06,2024-07-03,129
S02613,U2305,T06,2025-05-29,135
S02614,U0655,T02,2024-02-01,44
S02615,U0028,T01,2023-05-05,114
S02616,U1692,T04,2025-04-07,173
S02617,U1748,T08,2023-07-27,150
S02618,U1550,T05,2025-10-08,125
S02619,U0852,T06,2023-11-10,103
S02620,U1014,T08,2025-10-15,22
S02621,U2372,T06,2023-09-20,37
S02622,U2303,T02,2025-10-14,41
S02623,U1031,T05,2025-10-09,96
S02624,U0198,T08,2025-06-23,92
S02625,U0781,T01,2026-03-18,99
S02626,U2463,T02,2024-10-18,99
S02627,U2481,T03,2023-05-18,16
S02628,U0149,T02,2024-07-27,91
S02629,U0252,T08,2024-10-23,163
S02630,U0620,T06,2025-06-02,107
S02631,U0989,T01,2024-12-28,50
S02632,U0985,T07,2025-06-01,163
S02633,U2107,T01,2024-02-06,134
S02634,U2292,T08,2024-06-02,7
S02635,U0829,T03,2025-06-22,98
S02636,U1756,T04,2025-08-16,139
S02637,U2099,T10,2024-05-22,16
S02638,U0624,T08,2023-11-10,92
S02639,U0971,T03,2025-01-28,75
S02640,U0446,T02,2025-12-15,166
S02641,U0723,T01,2023-10-30,69
S02642,U1815,T05,2023-10-05,147
S02643,U1625,T10,2025-05-19,157
S02644,U0992,T09,2024-01-19,51
S02645,U1349,T06,2024-02-06,172
S02646,U0049,T05,2023-06-27,174
S02647,U1461,T03,2023-11-16,27
S02648,U0199,T09,2023-10-21,179
S02649,U0132,T02,2025-08-16,138
S02650,U1630,T01,2023-06-15,41
S02651,U1003,T08,2025-08-18,133
S02652,U1753,T09,2023-08-22,60
S02653,U1626,T02,2023-05-09,91
S02654,U1245,T05,2025-03-29,91
S02655,U0141,T01,2023-09-02,67
S02656,U0211,T01,2023-07-23,118
S02657,U0362,T01,2025-06-06,152
S02658,U0650,T07,2023-05-16,119
S02659,U2155,T04,2023-07-17,36
S02660,U0779,T05,2024-04-21,73
S02661,U1379,T01,2023-11-03,55
S02662,U1895,T07,2025-03-21,93
S02663,U1039,T09,2023-08-30,127
S02664,U2114,T03,2024-07-17,160
S02665,U1041,T08,2026-04-02,18
S02666,U2438,T03,2023-09-16,99
S02667,U0699,T06,2025-04-16,129
S02668,U2181,T01,2025-04-06,95
S02669,U1383,T04,2023-01-14,118
S02670,U0524,T06,2024-11-11,27
S02671,U1253,T01,2024-09-21,131
S02672,U0419,T03,2023-06-09,122
S02673,U0944,T04,2024-09-25,11
S02674,U0956,T07,2023-04-04,18
S02675,U1793,T08,2024-09-24,43
S02676,U2498,T05,2025-09-29,69
S02677,U0344,T03,2024-05-04,165
S02678,U0358,T06,2024-05-21,41
S02679,U0431,T01,2023-02-17,19
S02680,U0660,T02,2023-05-05,151
S02681,U2485,T02,2025-01-26,165
S02682,U2454,T02,2023-08-13,152
S02683,U1023,T08,2023-05-09,19
S02684,U1006,T01,2025-10-14,79
S02685,U2078,T04,2023-10-12,90
S02686,U1609,T02,2025-11-11,68
S02687,U1967,T02,2024-03-05,23
S02688,U0878,T02,2023-12-12,70
S02689,U0584,T04,2024-03-04,132
S02690,U0966,T10,2025-06-01,149
S02691,U0298,T09,2023-10-09,158
S02692,U0458,T05,2023-06-21,30
S02693,U0658,T09,2023-06-22,150
S02694,U0510,T10,2023-03-03,100
S02695,U2021,T07,2025-04-03,86
S02696,U1445,T09,2025-11-21,89
S02697,U1812,T01,2023-07-10,139
S02698,U0905,T05,2024-06-01,104
S02699,U0751,T03,2023-07-21,92
S02700,U1064,T01,2023-07-11,163
S02701,U1093,T02,2024-03-12,148
S02702,U1765,T08,2025-10-15,131
S02703,U0144,T10,2023-10-26,159
S02704,U1282,T05,2023-05-03,174
S02705,U1605,T02,2023-05-29,142
S02706,U1434,T01,2024-10-25,60
S02707,U0669,T09,2024-12-16,109
S02708,U2065,T04,2024-08-27,169
S02709,U1760,T10,2025-03-24,172
S02710,U0101,T05,2025-09-15,31
S02711,U2182,T02,2024-06-19,97
S02712,U0580,T07,2024-07-22,25
S02713,U1193,T09,2025-10-07,94
S02714,U0933,T07,2024-06-16,58
S02715,U2404,T08,2025-01-10,127
S02716,U0962,T05,2024-01-25,153
S02717,U0350,T08,2023-04-16,171
S02718,U1727,T02,2023-05-26,130
S02719,U2428,T05,2024-12-13,112
S02720,U1580,T08,2026-01-01,136
S02721,U1415,T09,2023-03-20,120
S02722,U1691,T06,2024-06-23,32
S02723,U0696,T04,2024-06-23,75
S02724,U1635,T09,2023-08-31,40
S02725,U1646,T05,2024-01-27,166
S02726,U0340,T07,2023-06-23,129
S02727,U1610,T01,2023-07-29,57
S02728,U1808,T08,2024-10-16,140
S02729,U1359,T04,2025-07-01,76
S02730,U1617,T02,2024-02-01,67
S02731,U0353,T09,2023-07-01,135
S02732,U2006,T07,2023-12-05,74
S02733,U0397,T01,2023-08-31,72
S02734,U1593,T08,2025-07-16,172
S02735,U0804,T06,2023-03-21,11
S02736,U1555,T08,2024-08-01,110
S02737,U1467,T04,2024-10-11,37
S02738,U0940,T04,2025-08-08,25
S02739,U2401,T08,2024-10-19,63
S02740,U0006,T05,2025-11-17,114
S02741,U1007,T09,2025-07-13,62
S02742,U2248,T03,2024-09-09,105
S02743,U0774,T08,2023-05-24,7
S02744,U1921,T08,2025-08-10,152
S02745,U1767,T02,2026-03-20,97
S02746,U1519,T10,2024-06-01,81
S02747,U1146,T08,2026-03-06,32
S02748,U1098,T02,2025-10-07,6
S02749,U1291,T08,2024-06-04,131
S02750,U1874,T04,2023-08-23,107
S02751,U0378,T05,2024-12-04,155
S02752,U0579,T02,2025-12-28,60
S02753,U1494,T05,2024-07-07,122
S02754,U0778,T10,2023-02-19,55
S02755,U1419,T09,2023-02-08,114
S02756,U2485,T03,2024-06-24,167
S02757,U1847,T04,2023-05-24,50
S02758,U0795,T02,2023-07-05,72
S02759,U0214,T09,2023-01-27,124
S02760,U2269,T02,2023-09-29,158
S02761,U0309,T10,2023-06-26,65
S02762,U0814,T01,2025-12-19,101
S02763,U2346,T05,2023-12-17,132
S02764,U1649,T06,2025-12-10,129
S02765,U1681,T05,2023-07-06,49
S02766,U1997,T06,2024-06-30,174
S02767,U0726,T07,2023-08-31,124
S02768,U1949,T04,2025-01-09,79
S02769,U1695,T02,2023-06-15,28
S02770,U1446,T05,2025-09-30,60
S02771,U0815,T07,2024-08-21,105
S02772,U2085,T05,2025-11-27,47
S02773,U0848,T08,2023-04-04,138
S02774,U1682,T06,2024-02-25,149
S02775,U2179,T10,2024-05-04,94
S02776,U1357,T10,2024-11-08,107
S02777,U2402,T07,2024-05-08,51
S02778,U2395,T01,2025-07-24,8
S02779,U2420,T06,2023-04-15,172
S02780,U0276,T10,2023-02-03,118
S02781,U2402,T08,2023-03-13,108
S02782,U1539,T08,2023-10-12,47
S02783,U2032,T10,2024-01-12,106
S02784,U0727,T02,2024-11-14,55
S02785,U0684,T03,2025-02-11,118
S02786,U0746,T09,2024-02-05,131
S02787,U1866,T05,2023-10-13,113
S02788,U1012,T08,2025-03-01,38
S02789,U1555,T08,2023-12-25,80
S02790,U0374,T05,2024-07-24,125
S02791,U2341,T04,2024-05-14,37
S02792,U1054,T01,2023-11-14,16
S02793,U2114,T07,2025-03-23,78
S02794,U0421,T05,2023-05-16,87
S02795,U2165,T03,2023-11-14,22
S02796,U0242,T05,2024-02-26,101
S02797,U0329,T10,2025-05-19,116
S02798,U2402,T05,2023-04-28,26
S02799,U0929,T08,2024-11-25,150
S02800,U0096,T06,2024-01-23,33
S02801,U2297,T03,2024-05-07,121
S02802,U1283,T05,2024-06-15,18
S02803,U1079,T10,2025-11-13,80
S02804,U0732,T02,2023-02-20,9
S02805,U0258,T02,2023-03-04,108
S02806,U1431,T06,2024-09-21,72
S02807,U0479,T02,2024-05-22,99
S02808,U1769,T03,2024-08-13,12
S02809,U0501,T01,2025-12-18,157
S02810,U2388,T04,2023-09-20,32
S02811,U2272,T08,2024-01-22,61
S02812,U1031,T03,2023-03-27,19
S02813,U1007,T04,2025-03-12,175
S02814,U1659,T10,2025-09-06,169
S02815,U1465,T04,2023-06-27,16
S02816,U1945,T02,2025-04-07,147
S02817,U0833,T07,2024-10-17,140
S02818,U0364,T08,2025-06-01,122
S02819,U0063,T02,2024-06-11,115
S02820,U0613,T10,2023-02-22,88
S02821,U0797,T07,2023-12-20,44
S02822,U1728,T08,2025-10-09,7
S02823,U0856,T10,2025-01-11,179
S02824,U1391,T08,2023-02-21,23
S02825,U0809,T04,2023-07-06,39
S02826,U0958,T04,2025-11-19,152
S02827,U2139,T06,2024-12-25,32
S02828,U0530,T03,2025-08-28,135
S02829,U2443,T08,2024-05-06,124
S02830,U0645,T03,2023-09-25,38
S02831,U0198,T04,2026-04-10,14
S02832,U1493,T03,2023-06-03,66
S02833,U0248,T03,2024-04-01,126
S02834,U2103,T07,2024-04-12,22
S02835,U0275,T03,2025-02-16,130
S02836,U2120,T02,2026-02-01,169
S02837,U2467,T09,2023-08-10,95
S02838,U0216,T03,2025-10-31,41
S02839,U1493,T08,2024-04-13,108
S02840,U2204,T09,2025-05-28,24
S02841,U0566,T08,2025-11-02,54
S02842,U0328,T04,2026-01-17,65
S02843,U1804,T08,2024-09-12,176
S02844,U0026,T02,2024-01-26,166
S02845,U0017,T03,2025-10-26,81
S02846,U1325,T06,2023-11-06,173
S02847,U0099,T02,2024-06-23,96
S02848,U1199,T03,2025-04-03,124
S02849,U2077,T06,2023-10-18,46
S02850,U1326,T04,2024-02-13,47
S02851,U1720,T05,2024-11-28,158
S02852,U0938,T10,2024-11-07,154
S02853,U0112,T06,2024-12-21,168
S02854,U2482,T10,2025-08-28,85
S02855,U2357,T06,2023-02-18,139
S02856,U0015,T08,2024-04-29,118
S02857,U2414,T10,2025-06-17,108
S02858,U0932,T06,2024-01-22,98
S02859,U2299,T10,2023-10-23,152
S02860,U1422,T04,2024-07-28,95
S02861,U2378,T06,2025-01-02,125
S02862,U0241,T06,2025-05-11,108
S02863,U1912,T04,2024-04-22,176
S02864,U1729,T02,2024-02-29,81
S02865,U1341,T07,2024-11-12,74
S02866,U0105,T08,2026-04-12,133
S02867,U0355,T06,2025-10-08,51
S02868,U0683,T08,2024-07-13,167
S02869,U1341,T03,2023-06-25,78
S02870,U1734,T02,2026-03-14,98
S02871,U1617,T06,2023-11-30,93
S02872,U2484,T10,2023-01-22,17
S02873,U1444,T10,2024-09-29,159
S02874,U1250,T02,2024-07-18,110
S02875,U1946,T02,2026-03-12,114
S02876,U0928,T05,2025-09-10,32
S02877,U0989,T01,2023-05-21,52
S02878,U0667,T04,2023-02-05,134
S02879,U0530,T06,2023-06-27,66
S02880,U0558,T06,2026-03-11,165
S02881,U2414,T02,2023-02-07,142
S02882,U1326,T09,2024-12-23,174
S02883,U1488,T05,2025-09-02,144
S02884,U1227,T02,2024-03-16,154
S02885,U1984,T01,2024-09-28,38
S02886,U1024,T09,2025-05-02,27
S02887,U1017,T05,2026-02-02,115
S02888,U1760,T05,2025-06-13,36
S02889,U0957,T07,2023-03-22,142
S02890,U0794,T04,2025-11-18,135
S02891,U1977,T10,2025-10-13,129
S02892,U1660,T02,2024-08-04,133
S02893,U1605,T08,2024-08-08,135
S02894,U2204,T10,2025-01-21,174
S02895,U1345,T02,2025-08-22,112
S02896,U0338,T01,2025-10-24,131
S02897,U1873,T02,2024-05-10,55
S02898,U1563,T08,2024-03-28,35
S02899,U2292,T06,2026-01-14,5
S02900,U1082,T01,2024-02-26,33
S02901,U1818,T03,2025-08-18,120
S02902,U1856,T04,2023-08-30,104
S02903,U0229,T06,2023-11-12,150
S02904,U0482,T01,2023-08-22,26
S02905,U2465,T01,2025-09-23,151
S02906,U1264,T08,2025-05-08,75
S02907,U0893,T06,2025-01-29,32
S02908,U0407,T08,2025-10-18,31
S02909,U0998,T01,2025-09-07,154
S02910,U0953,T06,2023-06-26,154
S02911,U1495,T01,2024-06-29,129
S02912,U0975,T09,2024-09-16,30
S02913,U0928,T02,2024-10-01,163
S02914,U1946,T04,2025-06-11,130
S02915,U1757,T03,2023-02-26,102
S02916,U0272,T03,2025-08-20,95
S02917,U0085,T10,2025-06-22,126
S02918,U2033,T03,2023-10-14,132
S02919,U0570,T08,2024-01-21,179
S02920,U2384,T07,2025-12-26,140
S02921,U1607,T02,2026-01-07,55
S02922,U0808,T06,2024-03-24,78
S02923,U1948,T05,2025-12-08,81
S02924,U1764,T07,2024-08-14,85
S02925,U1929,T08,2025-05-18,102
S02926,U1873,T04,2024-01-26,52
S02927,U0869,T06,2024-02-29,119
S02928,U1684,T09,2026-03-19,8
S02929,U1694,T05,2024-04-07,165
S02930,U0360,T08,2025-11-02,141
S02931,U1828,T05,2025-11-15,51
S02932,U2143,T04,2024-12-13,125
S02933,U1712,T05,2024-07-25,125
S02934,U1697,T05,2023-09-29,18
S02935,U0547,T07,2024-12-11,62
S02936,U0977,T05,2024-03-25,104
S02937,U0920,T01,2023-06-26,171
S02938,U2321,T08,2025-08-11,93
S02939,U1616,T07,2025-09-09,67
S02940,U1490,T06,2023-04-24,132
S02941,U1523,T03,2024-03-20,87
S02942,U1905,T08,2023-03-30,56
S02943,U1767,T05,2024-11-13,88
S02944,U0658,T03,2025-01-23,110
S02945,U1849,T01,2025-02-17,165
S02946,U2070,T07,2025-05-26,119
S02947,U1635,T01,2023-10-08,108
S02948,U1063,T09,2024-10-16,96
S02949,U0039,T06,2024-04-08,165
S02950,U0075,T09,2023-02-01,154
S02951,U2240,T01,2023-10-16,108
S02952,U1194,T10,2023-03-09,38
S02953,U1970,T09,2026-03-03,29
S02954,U2004,T04,2023-09-30,142
S02955,U2333,T08,2024-02-21,171
S02956,U0878,T09,2025-12-28,53
S02957,U1162,T06,2025-10-30,179
S02958,U1485,T02,2023-04-17,135
S02959,U1234,T07,2026-01-30,113
S02960,U0160,T10,2025-03-06,128
S02961,U0341,T01,2024-07-02,44
S02962,U0062,T07,2024-11-04,22
S02963,U2213,T03,2023-10-26,96
S02964,U0826,T05,2026-04-09,9
S02965,U0515,T10,2025-12-10,115
S02966,U1534,T02,2025-12-09,133
S02967,U0059,T05,2024-02-18,31
S02968,U2101,T09,2026-02-01,30
S02969,U2267,T09,2023-08-14,101
S02970,U1793,T09,2023-06-12,15
S02971,U1503,T09,2025-02-08,31
S02972,U0644,T05,2025-04-09,136
S02973,U1569,T10,2025-03-16,156
S02974,U2059,T05,2024-02-02,82
S02975,U0054,T01,2023-05-20,152
S02976,U1096,T05,2024-01-29,86
S02977,U1982,T05,2023-02-25,42
S02978,U0414,T09,2025-05-03,43
S02979,U0828,T04,2025-08-06,88
S02980,U0142,T01,2025-06-13,117
S02981,U0823,T10,2023-07-08,12
S02982,U0234,T07,2024-06-18,29
S02983,U0535,T02,2026-01-28,180
S02984,U2043,T08,2025-10-30,30
S02985,U0149,T04,2023-05-05,45
S02986,U0659,T03,2025-09-07,96
S02987,U0656,T09,2024-01-31,30
S02988,U0980,T09,2023-07-18,159
S02989,U2248,T10,2023-01-28,61
S02990,U1444,T08,2025-12-28,27
S02991,U0740,T09,2024-11-26,74
S02992,U0686,T04,2024-03-18,22
S02993,U2071,T08,2024-04-14,45
S02994,U0758,T02,2023-11-12,90
S02995,U0875,T05,2025-07-19,115
S02996,U0399,T09,2024-10-02,179
S02997,U0244,T01,2023-09-30,130
S02998,U2194,T05,2023-04-19,110
S02999,U0477,T03,2026-04-02,104
S03000,U1639,T09,2026-01-26,71
S03001,U2445,T01,2024-03-08,38
S03002,U2038,T08,2025-11-14,152
S03003,U1088,T01,2025-01-17,63
S03004,U2001,T02,2024-06-20,24
S03005,U0114,T03,2025-01-17,136
S03006,U0286,T09,2025-08-30,126
S03007,U1144,T10,2024-05-17,60
S03008,U2288,T10,2024-03-04,135
S03009,U2195,T06,2024-03-02,12
S03010,U0173,T04,2024-08-14,67
S03011,U2035,T09,2023-01-20,178
S03012,U1000,T07,2024-04-04,57
S03013,U1815,T10,2026-03-08,23
S03014,U0295,T01,2023-07-12,78
S03015,U2475,T02,2024-06-14,27
S03016,U0930,T09,2024-06-13,88
S03017,U2153,T05,2024-12-03,27
S03018,U1097,T10,2025-05-09,114
S03019,U0005,T07,2025-09-23,22
S03020,U1954,T01,2025-11-06,44
S03021,U2138,T04,2025-01-25,54
S03022,U1659,T05,2023-08-29,159
S03023,U1353,T06,2025-01-31,48
S03024,U1564,T05,2024-02-24,177
S03025,U1328,T09,2025-01-29,53
S03026,U0390,T03,2023-04-26,109
S03027,U0328,T05,2025-12-25,59
S03028,U2136,T08,2024-07-22,151
S03029,U0300,T06,2024-03-07,166
S03030,U0654,T06,2024-05-24,55
S03031,U0999,T08,2026-03-26,104
S03032,U1484,T10,2023-03-27,15
S03033,U2456,T03,2024-10-02,126
S03034,U0197,T06,2025-05-14,112
S03035,U0041,T02,2023-09-20,148
S03036,U0066,T09,2023-10-25,101
S03037,U1688,T05,2026-01-15,176
S03038,U2450,T01,2023-06-29,50
S03039,U0974,T09,2024-01-04,69
S03040,U1713,T08,2024-10-01,28
S03041,U2101,T06,2024-09-28,35
S03042,U0474,T06,2026-03-15,102
S03043,U1805,T03,2025-09-27,179
S03044,U0274,T07,2024-06-03,12
S03045,U0450,T01,2023-05-20,158
S03046,U2032,T03,2025-02-13,98
S03047,U1691,T09,2025-11-12,84
S03048,U0420,T10,2025-10-29,151
S03049,U1059,T05,2025-07-04,98
S03050,U1337,T10,2025-04-04,93
S03051,U2240,T03,2023-11-17,15
S03052,U1538,T04,2024-04-29,145
S03053,U2232,T09,2024-02-23,147
S03054,U0303,T04,2024-07-03,52
S03055,U1549,T09,2023-07-16,18
S03056,U1993,T02,2025-07-12,102
S03057,U0647,T04,2026-04-15,23
S03058,U0764,T09,2025-01-04,114
S03059,U1612,T10,2025-11-11,98
S03060,U2333,T05,2023-08-13,114
S03061,U2084,T08,2024-02-10,149
S03062,U1125,T10,2025-04-25,74
S03063,U1668,T03,2024-03-29,6
S03064,U0854,T05,2025-09-26,142
S03065,U0457,T04,2026-02-02,33
S03066,U0156,T05,2024-05-06,175
S03067,U0611,T01,2024-10-20,163
S03068,U1996,T05,2023-03-16,92
S03069,U0769,T10,2024-02-18,118
S03070,U0011,T04,2024-07-18,146
S03071,U1584,T01,2026-04-12,172
S03072,U0360,T08,2023-10-25,139
S03073,U0399,T09,2023-04-08,105
S03074,U0403,T08,2023-07-06,13
S03075,U2373,T03,2024-07-14,177
S03076,U1921,T07,2023-04-16,25
S03077,U0670,T03,2023-12-07,149
S03078,U0001,T08,2023-09-21,177
S03079,U0892,T01,2024-11-07,118
S03080,U0062,T05,2023-08-29,12
S03081,U1825,T02,2026-02-23,139
S03082,U2286,T08,2026-01-30,23
S03083,U1136,T10,2025-06-28,94
S03084,U2166,T05,2024-09-25,164
S03085,U1682,T09,2025-08-13,41
S03086,U2145,T07,2024-11-23,8
S03087,U0343,T05,2024-03-12,20
S03088,U0478,T03,2025-07-12,166
S03089,U1939,T03,2023-02-07,147
S03090,U1537,T07,2024-10-02,11
S03091,U1319,T10,2026-03-11,8
S03092,U1791,T10,2024-11-06,47
S03093,U1665,T02,2024-03-09,103
S03094,U1267,T10,2023-08-17,53
S03095,U0438,T07,2024-01-16,74
S03096,U1132,T05,2023-07-13,126
S03097,U0930,T04,2023-11-25,14
S03098,U1868,T04,2023-05-08,122
S03099,U2082,T05,2025-05-14,88
S03100,U0110,T06,2023-03-29,45
S03101,U1599,T01,2024-11-28,82
S03102,U1328,T02,2025-04-04,112
S03103,U0438,T03,2024-04-24,24
S03104,U0224,T06,2023-09-21,82
S03105,U0476,T03,2023-11-10,14
S03106,U0897,T05,2024-08-12,131
S03107,U1644,T04,2024-04-13,101
S03108,U2155,T04,2025-01-09,95
S03109,U1837,T09,2025-03-13,59
S03110,U0137,T08,2024-03-25,18
S03111,U1903,T01,2025-10-25,174
S03112,U0953,T05,2023-12-18,110
S03113,U1345,T03,2024-12-04,145
S03114,U0972,T10,2025-06-30,172
S03115,U1279,T05,2024-08-17,72
S03116,U2076,T05,2023-04-09,176
S03117,U1830,T09,2024-07-03,180
S03118,U1009,T08,2023-02-03,153
S03119,U1823,T08,2023-08-18,86
S03120,U1768,T04,2023-08-19,113
S03121,U2433,T02,2024-10-01,37
S03122,U1055,T08,2024-05-07,20
S03123,U0172,T10,2024-11-08,20
S03124,U2084,T10,2024-10-05,20
S03125,U1848,T02,2025-06-13,40
S03126,U2351,T01,2024-12-31,172
S03127,U1343,T02,2025-09-29,83
S03128,U2369,T04,2023-07-19,97
S03129,U1610,T04,2025-12-18,41
S03130,U1684,T05,2023-11-10,46
S03131,U0284,T07,2024-08-25,25
S03132,U0261,T01,2023-10-14,29
S03133,U0603,T03,2024-06-10,163
S03134,U1039,T07,2024-12-12,15
S03135,U2342,T09,2025-11-19,59
S03136,U2122,T04,2024-07-23,131
S03137,U0691,T09,2023-10-10,115
S03138,U2473,T10,2023-06-22,165
S03139,U1938,T05,2023-03-24,178
S03140,U2105,T09,2024-12-20,97
S03141,U1358,T05,2023-04-22,112
S03142,U1616,T03,2025-12-20,107
S03143,U0036,T03,2024-08-01,77
S03144,U0296,T10,2025-05-16,132
S03145,U1280,T04,2023-12-25,118
S03146,U1082,T04,2024-01-19,148
S03147,U0656,T09,2024-01-04,81
S03148,U0757,T05,2025-05-06,110
S03149,U2119,T05,2024-06-01,146
S03150,U0691,T06,2025-05-08,98
S03151,U0773,T05,2023-04-05,143
S03152,U0596,T09,2024-03-29,24
S03153,U1682,T04,2023-05-24,132
S03154,U0926,T07,2024-11-06,165
S03155,U1165,T10,2024-12-24,180
S03156,U0074,T03,2026-02-22,133
S03157,U0891,T02,2023-01-15,73
S03158,U1962,T07,2025-10-01,84
S03159,U2035,T10,2026-04-14,103
S03160,U0749,T06,2023-08-02,151
S03161,U1043,T01,2024-04-08,61
S03162,U1914,T07,2025-05-13,101
S03163,U1071,T08,2024-09-20,173
S03164,U1115,T02,2023-01-13,62
S03165,U0585,T04,2024-06-01,169
S03166,U0957,T06,2023-01-27,28
S03167,U0231,T01,2024-03-11,61
S03168,U0366,T10,2026-03-03,162
S03169,U1225,T08,2025-11-19,149
S03170,U1072,T10,2026-03-29,111
S03171,U0089,T08,2024-03-21,111
S03172,U2443,T07,2023-01-27,117
S03173,U2116,T05,2024-10-05,36
S03174,U2255,T02,2023-11-07,136
S03175,U0062,T05,2024-07-10,23
S03176,U2119,T02,2025-11-07,166
S03177,U2055,T10,2023-07-09,180
S03178,U2237,T03,2023-04-20,98
S03179,U2471,T04,2023-02-15,102
S03180,U0442,T05,2024-10-16,94
S03181,U1605,T09,2026-02-20,148
S03182,U0686,T08,2023-01-13,55
S03183,U1421,T03,2024-09-27,125
S03184,U2300,T07,2025-04-14,121
S03185,U0380,T10,2025-11-18,101
S03186,U1301,T05,2025-03-25,30
S03187,U1694,T09,2023-09-04,146
S03188,U2195,T10,2023-07-21,82
S03189,U0640,T08,2025-08-21,70
S03190,U0180,T08,2024-09-30,32
S03191,U1455,T02,2023-03-26,122
S03192,U1016,T08,2024-07-02,58
S03193,U1700,T02,2025-07-23,71
S03194,U1885,T04,2024-05-27,82
S03195,U0752,T07,2023-10-02,132
S03196,U0864,T02,2023-03-11,159
S03197,U1833,T07,2026-01-12,144
S03198,U0109,T08,2024-01-22,77
S03199,U0709,T09,2025-01-28,101
S03200,U1874,T08,2025-01-08,19
S03201,U1084,T04,2023-04-06,86
S03202,U2298,T04,2025-06-19,62
S03203,U2492,T07,2023-08-22,115
S03204,U2205,T10,2025-11-30,111
S03205,U0260,T02,2026-02-01,25
S03206,U0226,T08,2026-03-12,99
S03207,U0680,T06,2024-09-29,65
S03208,U1141,T04,2023-09-06,52
S03209,U1647,T05,2025-11-12,140
S03210,U0409,T08,2024-08-09,170
S03211,U0383,T07,2025-12-10,147
S03212,U0569,T09,2024-09-08,49
S03213,U0923,T07,2023-08-15,23
S03214,U0530,T10,2025-04-28,164
S03215,U1299,T08,2025-05-05,10
S03216,U0015,T04,2026-04-02,55
S03217,U2496,T06,2023-05-19,85
S03218,U2141,T06,2023-08-15,118
S03219,U2243,T05,2024-02-01,130
S03220,U1741,T10,2024-05-10,126
S03221,U0099,T10,2023-01-04,41
S03222,U1519,T01,2023-07-31,168
S03223,U0400,T03,2025-11-17,10
S03224,U2162,T05,2025-12-25,172
S03225,U0845,T09,2025-10-01,65
S03226,U1063,T02,2024-10-07,18
S03227,U1692,T10,2023-08-10,125
S03228,U0939,T04,2024-05-12,144
S03229,U1030,T02,2024-12-27,95
S03230,U1871,T09,2023-08-22,151
S03231,U2218,T06,2026-03-08,89
S03232,U1425,T05,2025-05-04,144
S03233,U1449,T10,2026-01-03,57
S03234,U2289,T07,2026-03-03,146
S03235,U1751,T09,2023-05-23,22
S03236,U1957,T07,2026-02-17,52
S03237,U2317,T01,2026-03-09,85
S03238,U1247,T02,2024-05-15,171
S03239,U0121,T06,2023-12-06,111
S03240,U0998,T06,2024-09-03,44
S03241,U0346,T03,2025-04-28,154
S03242,U1892,T02,2025-06-16,59
S03243,U0677,T09,2023-05-03,31
S03244,U0175,T01,2025-09-11,141
S03245,U0745,T10,2023-09-25,36
S03246,U2483,T10,2025-12-21,108
S03247,U2117,T07,2023-04-24,153
S03248,U2466,T07,2023-03-10,82
S03249,U0366,T07,2023-01-09,158
S03250,U1326,T10,2023-04-12,171
S03251,U0543,T10,2023-06-07,123
S03252,U0995,T06,2024-12-07,38
S03253,U0006,T09,2023-04-28,169
S03254,U0661,T06,2025-11-03,77
S03255,U0186,T03,2023-02-21,154
S03256,U1968,T08,2025-05-25,12
S03257,U1699,T02,2024-02-15,56
S03258,U1337,T10,2025-05-23,56
S03259,U0642,T02,2023-11-08,37
S03260,U0193,T07,2023-06-29,126
S03261,U2290,T04,2026-01-30,11
S03262,U2468,T08,2023-02-05,76
S03263,U1308,T06,2023-02-16,157
S03264,U2453,T10,2024-03-29,121
S03265,U0903,T08,2023-06-01,59
S03266,U0594,T05,2023-04-20,99
S03267,U2074,T09,2024-02-09,111
S03268,U0743,T02,2024-11-28,13
S03269,U0332,T06,2024-09-08,141
S03270,U0190,T10,2026-04-06,40
S03271,U1047,T08,2024-06-20,20
S03272,U1094,T07,2025-05-12,86
S03273,U0021,T04,2025-09-30,49
S03274,U0140,T05,2024-06-04,66
S03275,U0796,T02,2023-03-28,112
S03276,U1806,T03,2025-01-10,131
S03277,U1448,T10,2024-11-08,26
S03278,U0730,T03,2025-04-21,73
S03279,U2030,T03,2025-06-03,78
S03280,U0976,T07,2024-06-05,55
S03281,U1568,T06,2023-12-30,80
S03282,U0325,T08,2025-04-09,91
S03283,U0786,T04,2023-02-23,27
S03284,U0564,T05,2024-08-09,47
S03285,U0470,T05,2024-02-20,7
S03286,U1560,T10,2025-10-20,5
S03287,U0159,T06,2023-05-06,41
S03288,U1682,T08,2026-02-05,58
S03289,U1990,T04,2024-07-02,159
S03290,U2298,T05,2023-12-01,11
S03291,U0278,T07,2024-02-03,48
S03292,U0272,T08,2025-03-03,162
S03293,U1088,T07,2025-11-12,162
S03294,U1498,T10,2023-11-14,35
S03295,U1098,T04,2026-03-27,48
S03296,U2236,T06,2025-10-20,31
S03297,U0958,T08,2024-05-29,148
S03298,U0603,T08,2025-04-25,51
S03299,U1968,T02,2024-05-14,151
S03300,U1519,T10,2023-04-06,99
S03301,U0756,T04,2023-05-20,26
S03302,U0963,T07,2026-02-02,15
S03303,U2030,T01,2023-11-18,57
S03304,U0344,T03,2023-02-17,123
S03305,U0079,T09,2023-09-07,22
S03306,U0384,T10,2024-07-06,38
S03307,U1918,T03,2025-09-13,74
S03308,U1329,T06,2026-01-03,36
S03309,U2498,T09,2023-11-16,142
S03310,U0197,T08,2024-10-15,135
S03311,U0336,T10,2023-03-26,114
S03312,U1851,T10,2025-04-06,141
S03313,U1360,T07,2023-01-06,73
S03314,U0448,T04,2023-04-05,82
S03315,U1846,T10,2023-05-17,175
S03316,U1831,T08,2025-11-07,56
S03317,U1182,T10,2024-10-16,127
S03318,U0244,T06,2025-12-28,117
S03319,U1745,T10,2023-04-27,57
S03320,U1950,T08,2023-09-14,6
S03321,U0390,T01,2024-06-26,46
S03322,U1354,T10,2023-08-18,25
S03323,U0322,T02,2023-02-09,18
S03324,U0169,T05,2023-11-24,168
S03325,U1776,T04,2023-08-30,51
S03326,U2092,T09,2025-06-11,6
S03327,U1788,T07,2024-05-28,28
S03328,U2186,T01,2023-10-30,180
S03329,U1522,T08,2025-09-22,159
S03330,U2402,T10,2025-10-22,80
S03331,U0950,T09,2025-04-04,25
S03332,U1547,T01,2023-08-24,110
S03333,U1502,T02,2023-04-12,36
S03334,U0591,T01,2024-08-30,179
S03335,U2116,T09,2026-02-25,82
S03336,U0412,T01,2025-11-19,29
S03337,U1615,T05,2025-05-17,98
S03338,U1125,T05,2023-01-30,16
S03339,U0334,T08,2025-09-17,39
S03340,U2328,T09,2025-12-17,116
S03341,U1604,T05,2026-01-23,132
S03342,U0513,T02,2025-01-25,33
S03343,U0691,T05,2023-10-28,49
S03344,U1099,T09,2023-05-25,159
S03345,U1758,T02,2025-11-03,145
S03346,U0100,T05,2023-12-03,60
S03347,U0251,T06,2023-05-28,60
S03348,U0910,T05,2024-10-26,10
S03349,U0814,T10,2026-02-19,15
S03350,U0261,T10,2023-05-08,78
S03351,U0886,T03,2025-02-02,156
S03352,U2191,T04,2025-03-20,55
S03353,U1816,T01,2023-04-11,17
S03354,U1680,T02,2025-09-28,48
S03355,U2121,T08,2025-10-07,89
S03356,U1892,T04,2025-11-28,35
S03357,U1786,T02,2024-03-24,150
S03358,U1345,T07,2025-03-21,55
S03359,U2181,T02,2023-09-02,84
S03360,U2176,T09,2025-06-18,70
S03361,U1545,T02,2024-01-25,23
S03362,U1454,T01,2025-02-09,96
S03363,U0122,T09,2024-12-05,130
S03364,U0269,T07,2024-05-09,8
S03365,U2256,T07,2024-06-22,67
S03366,U1490,T04,2025-11-14,117
S03367,U0285,T01,2024-10-19,104
S03368,U1982,T08,2024-05-13,112
S03369,U2207,T04,2024-03-09,146
S03370,U2470,T06,2026-02-20,119
S03371,U0688,T06,2023-12-22,86
S03372,U1568,T05,2024-12-07,39
S03373,U0454,T02,2023-03-29,23
S03374,U2305,T02,2025-07-18,105
S03375,U1432,T07,2024-01-27,24
S03376,U0447,T08,2025-08-06,11
S03377,U0377,T09,2023-03-14,149
S03378,U1227,T10,2024-03-08,105
S03379,U1496,T08,2026-04-04,92
S03380,U1731,T07,2023-04-01,92
S03381,U1092,T03,2024-08-16,136
S03382,U1982,T05,2023-04-17,154
S03383,U0355,T02,2025-03-01,94
S03384,U1302,T04,2024-02-16,50
S03385,U0183,T03,2023-05-21,35
S03386,U0017,T05,2024-04-14,110
S03387,U2201,T09,2023-10-15,115
S03388,U1949,T10,2023-08-22,97
S03389,U1398,T09,2025-07-17,81
S03390,U2303,T10,2024-02-05,103
S03391,U0651,T02,2023-11-08,73
S03392,U0016,T06,2025-02-12,93
S03393,U1816,T06,2024-06-01,105
S03394,U2430,T04,2024-10-28,161
S03395,U0381,T08,2025-07-31,61
S03396,U2161,T04,2024-08-24,23
S03397,U2371,T06,2025-09-03,50
S03398,U1364,T10,2026-04-14,158
S03399,U0789,T07,2025-05-22,9
S03400,U2092,T07,2024-02-23,120
S03401,U1537,T09,2023-11-21,15
S03402,U0227,T01,2024-10-22,154
S03403,U0383,T06,2025-02-10,55
S03404,U1506,T08,2024-09-10,26
S03405,U1118,T02,2025-07-21,142
S03406,U0727,T07,2023-06-06,12
S03407,U1841,T02,2025-01-27,131
S03408,U1924,T09,2023-03-07,54
S03409,U0300,T04,2024-03-30,72
S03410,U2157,T02,2023-12-06,147
S03411,U1336,T09,2023-11-21,14
S03412,U2224,T01,2025-02-18,29
S03413,U1455,T10,2025-05-22,30
S03414,U0848,T10,2025-06-23,164
S03415,U0845,T08,2026-02-08,83
S03416,U1405,T06,2024-12-11,70
S03417,U0021,T06,2024-07-28,44
S03418,U2006,T05,2024-04-03,26
S03419,U1280,T06,2025-12-16,92
S03420,U0819,T07,2025-02-27,67
S03421,U0736,T10,2023-05-05,105
S03422,U1039,T08,2023-03-23,107
S03423,U1596,T01,2024-01-29,167
S03424,U2410,T08,2025-01-26,177
S03425,U2121,T09,2025-10-19,166
S03426,U1005,T02,2025-09-09,178
S03427,U0606,T07,2025-11-14,73
S03428,U0704,T01,2026-01-05,12
S03429,U0151,T05,2025-03-25,77
S03430,U2333,T03,2025-05-18,170
S03431,U1132,T07,2025-05-19,164
S03432,U1482,T05,2025-09-24,84
S03433,U0951,T07,2024-09-10,134
S03434,U2312,T05,2025-03-31,5
S03435,U1508,T09,2024-03-15,85
S03436,U2311,T06,2025-05-21,177
S03437,U2367,T07,2023-04-21,143
S03438,U1168,T03,2025-03-20,17
S03439,U0081,T07,2023-03-22,84
S03440,U1235,T07,2025-06-29,16
S03441,U1430,T03,2024-04-07,11
S03442,U0133,T01,2024-02-07,11
S03443,U1109,T02,2024-09-08,174
S03444,U2388,T08,2023-01-05,158
S03445,U0857,T10,2025-06-11,172
S03446,U1901,T04,2023-08-08,113
S03447,U1809,T04,2025-08-14,71
S03448,U1200,T10,2024-07-09,155
S03449,U2271,T05,2023-02-20,51
S03450,U1064,T09,2026-03-11,136
S03451,U0195,T06,2024-08-14,48
S03452,U0778,T09,2023-08-30,41
S03453,U1904,T08,2025-09-14,144
S03454,U2302,T06,2024-06-06,27
S03455,U1693,T05,2024-09-09,22
S03456,U1629,T04,2025-08-26,68
S03457,U1353,T04,2025-07-19,163
S03458,U1171,T09,2024-01-27,28
S03459,U1918,T06,2024-12-22,73
S03460,U1880,T10,2023-11-30,10
S03461,U0529,T07,2025-04-30,109
S03462,U0316,T07,2023-11-17,40
S03463,U1402,T04,2025-09-17,28
S03464,U1277,T05,2026-03-09,66
S03465,U1526,T04,2023-10-15,46
S03466,U1399,T08,2025-12-22,171
S03467,U0258,T06,2024-08-26,176
S03468,U1404,T09,2024-10-23,55
S03469,U0223,T07,2023-08-12,178
S03470,U0454,T06,2024-02-02,89
S03471,U0350,T09,2024-07-16,31
S03472,U2267,T05,2024-03-21,168
S03473,U1637,T08,2025-08-07,144
S03474,U1604,T09,2025-11-22,46
S03475,U1124,T09,2025-12-05,114
S03476,U1961,T07,2024-10-02,30
S03477,U1943,T08,2023-11-03,18
S03478,U1076,T03,2026-02-04,83
S03479,U0222,T07,2024-08-27,29
S03480,U0870,T01,2024-01-03,172
S03481,U0363,T07,2024-04-30,54
S03482,U2070,T04,2024-03-13,164
S03483,U1542,T03,2023-12-14,80
S03484,U1231,T07,2023-01-29,146
S03485,U0543,T09,2023-09-18,82
S03486,U2261,T07,2023-09-13,111
S03487,U2088,T09,2026-03-27,121
S03488,U2429,T10,2023-08-13,38
S03489,U0407,T08,2024-04-06,121
S03490,U1230,T08,2023-06-06,170
S03491,U2407,T03,2026-03-07,98
S03492,U1033,T02,2025-10-29,139
S03493,U1580,T03,2025-04-27,7
S03494,U1149,T04,2025-04-06,39
S03495,U1792,T02,2025-06-10,46
S03496,U1205,T07,2025-12-14,102
S03497,U0151,T02,2024-12-09,84
S03498,U1325,T02,2024-04-18,14
S03499,U2288,T03,2025-09-08,54
S03500,U1033,T07,2025-07-25,141
S03501,U1179,T02,2025-07-21,96
S03502,U1064,T09,2024-07-14,66
S03503,U2348,T02,2023-08-15,151
S03504,U0999,T05,2024-01-13,132
S03505,U0207,T02,2023-05-08,18
S03506,U2244,T09,2024-06-08,39
S03507,U1592,T10,2025-12-03,37
S03508,U1265,T06,2024-11-26,42
S03509,U0380,T08,2024-11-11,111
S03510,U1066,T08,2024-10-24,123
S03511,U1423,T06,2025-12-28,172
S03512,U0673,T04,2024-08-09,40
S03513,U1496,T02,2023-04-25,109
S03514,U1599,T07,2026-04-10,164
S03515,U2037,T06,2024-08-20,66
S03516,U0267,T02,2023-11-28,148
S03517,U0172,T02,2024-09-01,31
S03518,U1845,T08,2025-02-04,138
S03519,U1672,T06,2025-05-20,48
S03520,U1333,T07,2026-01-26,49
S03521,U0052,T09,2024-04-21,26
S03522,U1182,T01,2025-01-22,165
S03523,U0633,T04,2025-06-01,118
S03524,U2420,T07,2023-11-12,152
S03525,U1726,T07,2025-03-27,127
S03526,U1183,T02,2024-12-24,61
S03527,U0350,T04,2024-04-28,144
S03528,U2247,T04,2024-04-14,127
S03529,U0037,T02,2025-11-16,109
S03530,U1662,T02,2023-05-21,104
S03531,U1211,T01,2024-12-02,152
S03532,U1186,T02,2026-01-02,56
S03533,U2251,T09,2025-05-26,110
S03534,U1375,T02,2024-04-14,13
S03535,U1592,T02,2024-04-17,107
S03536,U1131,T05,2023-02-05,116
S03537,U1562,T05,2023-11-26,97
S03538,U2020,T07,2024-01-26,166
S03539,U0061,T03,2025-05-10,133
S03540,U0569,T09,2024-10-28,76
S03541,U2075,T10,2025-06-03,138
S03542,U1290,T04,2024-04-06,92
S03543,U2201,T08,2025-07-26,63
S03544,U2459,T09,2025-07-09,113
S03545,U2294,T04,2026-03-23,117
S03546,U0732,T02,2023-02-15,83
S03547,U1124,T08,2024-07-27,72
S03548,U2152,T08,2023-10-25,102
S03549,U2217,T01,2024-11-15,113
S03550,U0940,T02,2023-11-15,70
S03551,U2429,T05,2023-06-02,145
S03552,U2225,T04,2026-04-06,48
S03553,U1726,T03,2025-08-25,69
S03554,U1650,T03,2025-03-12,144
S03555,U0362,T01,2024-11-17,173
S03556,U0627,T04,2023-03-10,45
S03557,U0141,T02,2024-11-07,65
S03558,U0268,T08,2025-03-26,37
S03559,U0143,T08,2024-04-12,169
S03560,U2466,T01,2025-03-31,179
S03561,U2017,T05,2023-08-15,69
S03562,U1411,T07,2024-11-30,18
S03563,U0398,T03,2023-12-05,76
S03564,U1906,T02,2023-07-03,139
S03565,U2409,T01,2025-07-30,55
S03566,U2295,T02,2025-09-28,164
S03567,U1085,T05,2025-04-10,45
S03568,U2410,T05,2024-01-03,40
S03569,U1062,T01,2024-06-19,112
S03570,U0515,T09,2024-12-06,72
S03571,U0204,T05,2023-01-31,160
S03572,U1873,T08,2024-06-30,88
S03573,U2489,T10,2023-07-10,152
S03574,U1734,T10,2023-06-10,109
S03575,U2433,T03,2024-03-07,85
S03576,U2183,T03,2024-02-29,166
S03577,U1798,T08,2023-05-23,123
S03578,U2444,T01,2024-04-22,42
S03579,U1335,T09,2023-09-16,84
S03580,U1512,T04,2025-02-23,97
S03581,U1188,T05,2025-07-03,47
S03582,U0053,T10,2025-10-17,138
S03583,U1667,T10,2024-01-17,111
S03584,U2301,T06,2025-07-22,160
S03585,U0321,T06,2024-10-30,125
S03586,U1730,T08,2025-11-20,56
S03587,U1117,T06,2024-07-07,73
S03588,U0586,T04,2024-07-31,149
S03589,U2138,T05,2023-06-22,18
S03590,U1098,T10,2023-07-02,143
S03591,U1053,T10,2024-08-08,128
S03592,U1447,T05,2025-10-24,132
S03593,U1352,T09,2023-05-23,38
S03594,U1034,T02,2025-10-22,100
S03595,U1019,T06,2025-03-16,31
S03596,U0397,T08,2025-08-11,179
S03597,U2016,T10,2024-05-31,28
S03598,U0606,T07,2024-02-09,111
S03599,U0526,T09,2025-07-19,113
S03600,U0907,T02,2024-08-18,116
S03601,U1778,T01,2026-02-12,18
S03602,U2282,T08,2023-04-08,154
S03603,U1516,T08,2025-08-26,108
S03604,U1204,T02,2024-06-03,88
S03605,U2469,T06,2024-12-01,175
S03606,U0044,T09,2025-08-28,120
S03607,U2365,T03,2025-01-16,138
S03608,U0661,T01,2023-10-02,45
S03609,U1850,T07,2025-11-26,155
S03610,U1339,T10,2024-01-14,165
S03611,U1107,T01,2024-08-17,96
S03612,U0798,T06,2024-12-24,60
S03613,U0951,T09,2024-09-15,149
S03614,U2298,T02,2023-12-22,72
S03615,U1759,T03,2025-01-06,158
S03616,U1328,T04,2024-03-14,30
S03617,U2041,T04,2026-02-22,138
S03618,U2156,T05,2024-07-29,54
S03619,U0065,T09,2025-04-21,178
S03620,U1087,T07,2026-01-20,82
S03621,U0930,T04,2023-05-28,122
S03622,U1416,T06,2025-01-19,44
S03623,U1231,T01,2025-01-08,175
S03624,U0701,T03,2024-03-29,19
S03625,U0808,T02,2025-01-31,28
S03626,U0572,T09,2025-11-06,5
S03627,U2277,T02,2026-02-02,10
S03628,U2060,T07,2023-02-14,169
S03629,U1373,T09,2023-10-22,174
S03630,U1881,T04,2024-08-22,10
S03631,U2194,T05,2025-01-01,49
S03632,U0818,T06,2026-01-24,100
S03633,U2437,T10,2025-04-21,81
S03634,U0372,T07,2024-04-20,113
S03635,U0278,T06,2024-04-21,17
S03636,U0597,T04,2023-05-30,124
S03637,U2330,T10,2025-09-13,115
S03638,U0924,T05,2023-12-08,170
S03639,U1018,T07,2023-05-13,28
S03640,U0873,T07,2024-06-11,31
S03641,U1359,T08,2023-08-08,50
S03642,U2368,T01,2023-05-16,60
S03643,U1119,T06,2026-04-15,99
S03644,U1614,T01,2023-02-21,88
S03645,U0502,T01,2023-11-18,100
S03646,U1041,T05,2025-09-23,135
S03647,U2335,T05,2024-01-16,180
S03648,U2227,T01,2025-07-19,30
S03649,U2386,T08,2025-12-27,78
S03650,U0877,T09,2023-09-21,29
S03651,U1314,T06,2023-10-02,125
S03652,U1326,T09,2024-05-12,152
S03653,U0897,T07,2023-12-14,136
S03654,U1943,T05,2025-04-06,50
S03655,U2428,T10,2024-02-09,102
S03656,U0125,T09,2024-02-10,86
S03657,U1367,T02,2024-11-16,105
S03658,U0314,T04,2024-11-14,160
S03659,U1046,T04,2024-09-07,53
S03660,U0045,T08,2024-09-07,114
S03661,U0656,T04,2023-03-11,30
S03662,U1947,T04,2024-09-19,42
S03663,U0578,T09,2025-11-05,23
S03664,U2226,T08,2023-09-05,175
S03665,U1319,T01,2025-04-10,50
S03666,U2289,T06,2024-08-07,28
S03667,U2173,T04,2025-11-14,57
S03668,U2492,T10,2024-02-25,126
S03669,U0823,T09,2023-05-04,52
S03670,U1854,T02,2023-08-15,92
S03671,U1348,T05,2024-02-13,108
S03672,U2335,T01,2023-07-22,14
S03673,U0100,T04,2023-05-11,34
S03674,U0223,T06,2023-06-05,55
S03675,U0044,T08,2023-01-26,61
S03676,U0275,T04,2023-07-21,96
S03677,U0497,T01,2023-10-02,137
S03678,U1196,T01,2025-05-24,136
S03679,U0828,T09,2023-11-29,45
S03680,U0312,T10,2023-08-20,85
S03681,U0960,T10,2025-05-16,65
S03682,U1893,T10,2023-02-20,55
S03683,U0017,T05,2024-01-09,114
S03684,U0970,T10,2024-07-04,45
S03685,U1825,T01,2024-01-29,104
S03686,U1240,T04,2023-05-14,77
S03687,U2455,T10,2023-03-07,63
S03688,U1362,T02,2025-09-16,87
S03689,U0288,T08,2024-12-24,151
S03690,U1347,T01,2023-01-05,101
S03691,U1086,T08,2024-05-29,30
S03692,U0971,T10,2024-07-12,106
S03693,U1594,T10,2025-11-04,52
S03694,U1744,T03,2023-10-28,12
S03695,U0984,T01,2024-07-12,155
S03696,U0851,T08,2023-08-01,150
S03697,U2044,T08,2025-05-20,56
S03698,U0438,T09,2023-11-27,72
S03699,U0116,T01,2023-10-11,21
S03700,U0061,T07,2024-11-16,60
S03701,U0207,T05,2023-04-20,18
S03702,U1007,T04,2025-01-13,90
S03703,U0496,T01,2025-11-19,42
S03704,U2230,T09,2024-09-16,46
S03705,U1828,T01,2023-07-01,137
S03706,U0643,T09,2023-01-20,5
S03707,U0203,T07,2025-08-03,92
S03708,U1251,T08,2024-11-03,5
S03709,U1362,T09,2024-10-02,96
S03710,U1104,T09,2024-08-08,175
S03711,U1622,T04,2024-11-19,33
S03712,U1417,T05,2026-02-10,130
S03713,U2209,T08,2024-12-09,147
S03714,U0694,T06,2024-11-11,116
S03715,U2324,T05,2025-02-26,30
S03716,U1325,T01,2024-03-07,82
S03717,U0276,T07,2023-11-03,160
S03718,U0379,T04,2023-09-05,132
S03719,U1008,T10,2023-04-29,73
S03720,U1948,T09,2023-03-12,16
S03721,U2298,T07,2025-11-10,117
S03722,U2441,T07,2025-09-17,108
S03723,U0436,T07,2025-09-21,78
S03724,U0904,T07,2024-01-27,71
S03725,U1940,T06,2023-03-19,35
S03726,U0488,T04,2025-10-26,59
S03727,U1119,T05,2025-09-03,88
S03728,U1424,T09,2023-07-08,118
S03729,U1537,T05,2024-11-12,129
S03730,U1254,T08,2024-08-09,121
S03731,U2255,T04,2024-11-07,148
S03732,U1338,T04,2024-12-17,127
S03733,U2240,T09,2024-01-20,141
S03734,U0654,T01,2024-12-18,83
S03735,U0953,T10,2024-07-03,56
S03736,U1205,T08,2024-06-22,177
S03737,U0231,T03,2025-06-01,29
S03738,U1145,T08,2024-04-27,83
S03739,U2255,T04,2024-12-28,75
S03740,U1056,T02,2023-04-13,168
S03741,U2452,T09,2023-08-30,178
S03742,U2266,T07,2024-10-27,40
S03743,U0113,T09,2026-03-26,29
S03744,U0261,T06,2025-09-10,64
S03745,U1244,T08,2026-04-01,54
S03746,U2016,T01,2023-09-21,16
S03747,U1463,T04,2026-01-29,22
S03748,U0914,T04,2025-08-03,147
S03749,U0303,T02,2023-02-07,16
S03750,U1990,T03,2023-06-23,81
S03751,U1833,T01,2026-04-12,166
S03752,U2433,T04,2024-09-24,6
S03753,U1877,T08,2025-09-01,145
S03754,U0005,T01,2024-02-29,59
S03755,U1244,T07,2023-05-06,145
S03756,U1357,T06,2024-01-23,90
S03757,U0018,T10,2023-01-08,33
S03758,U0089,T03,2025-08-29,36
S03759,U2168,T05,2025-07-10,170
S03760,U1198,T03,2025-09-17,149
S03761,U1374,T06,2025-03-30,74
S03762,U2460,T10,2023-10-21,77
S03763,U1248,T03,2025-11-09,126
S03764,U1496,T05,2025-05-03,149
S03765,U0393,T04,2023-06-03,36
S03766,U1137,T10,2024-09-29,98
S03767,U2215,T10,2025-06-23,57
S03768,U0151,T09,2024-11-05,89
S03769,U0362,T02,2025-01-27,34
S03770,U0478,T07,2026-03-06,19
S03771,U2457,T08,2023-07-24,18
S03772,U0342,T04,2023-06-23,165
S03773,U1214,T01,2025-06-22,30
S03774,U1975,T02,2023-04-28,53
S03775,U1098,T04,2025-09-16,20
S03776,U1425,T10,2025-06-04,96
S03777,U1293,T10,2024-04-11,70
S03778,U0332,T09,2025-07-30,24
S03779,U1239,T01,2023-07-13,86
S03780,U0780,T04,2024-06-30,38
S03781,U1740,T03,2025-08-11,17
S03782,U2160,T06,2024-11-17,51
S03783,U1865,T09,2023-12-09,156
S03784,U1062,T08,2025-09-20,63
S03785,U1012,T05,2024-01-16,85
S03786,U1919,T09,2026-01-24,20
S03787,U0032,T03,2024-12-13,74
S03788,U0277,T05,2023-03-09,67
S03789,U0391,T06,2025-11-16,69
S03790,U1407,T08,2024-09-24,79
S03791,U1488,T08,2023-05-27,39
S03792,U1530,T06,2023-12-23,28
S03793,U0759,T10,2025-01-02,53
S03794,U0759,T01,2025-06-12,163
S03795,U2494,T10,2024-10-25,141
S03796,U1957,T07,2024-04-29,92
S03797,U1869,T08,2023-01-05,56
S03798,U2004,T09,2023-09-01,50
S03799,U1298,T08,2023-10-24,30
S03800,U2095,T09,2025-02-28,159
S03801,U2159,T07,2023-12-05,69
S03802,U0081,T02,2023-08-17,11
S03803,U0999,T01,2026-01-03,64
S03804,U1617,T06,2026-02-28,84
S03805,U1233,T02,2023-01-17,133
S03806,U0677,T03,2023-12-03,82
S03807,U2257,T08,2025-09-24,158
S03808,U2454,T04,2023-04-25,112
S03809,U2285,T05,2024-09-25,54
S03810,U0058,T05,2023-09-18,131
S03811,U1183,T06,2023-07-27,94
S03812,U0824,T06,2025-09-14,47
S03813,U1991,T06,2024-12-06,26
S03814,U2486,T04,2024-10-12,69
S03815,U1211,T06,2025-05-16,157
S03816,U0290,T03,2024-01-16,152
S03817,U2475,T02,2024-04-14,110
S03818,U2093,T05,2026-02-08,142
S03819,U1354,T10,2025-08-02,62
S03820,U0197,T04,2024-10-29,78
S03821,U1471,T06,2023-09-08,8
S03822,U1814,T08,2025-12-18,124
S03823,U2424,T06,2025-03-31,44
S03824,U2294,T06,2025-05-02,68
S03825,U0147,T06,2026-04-15,163
S03826,U0388,T09,2026-04-08,46
S03827,U0882,T09,2025-12-26,105
S03828,U1356,T03,2023-10-22,49
S03829,U1103,T03,2026-03-25,21
S03830,U0960,T07,2023-04-14,108
S03831,U1116,T02,2025-06-20,167
S03832,U1278,T08,2024-09-20,147
S03833,U0974,T04,2023-04-10,159
S03834,U0130,T10,2025-10-21,175
S03835,U2444,T02,2025-09-30,171
S03836,U0874,T08,2023-01-15,167
S03837,U1420,T06,2023-01-23,21
S03838,U0064,T10,2025-10-17,120
S03839,U1379,T10,2025-06-10,122
S03840,U2429,T04,2024-08-30,56
S03841,U1766,T03,2026-03-24,108
S03842,U1321,T03,2023-11-16,124
S03843,U2083,T02,2023-10-27,12
S03844,U0448,T01,2025-08-18,82
S03845,U2099,T10,2024-05-04,137
S03846,U1300,T05,2023-07-06,158
S03847,U0021,T10,2024-05-05,131
S03848,U1369,T04,2023-02-12,62
S03849,U0646,T10,2023-11-10,102
S03850,U1741,T07,2025-01-30,144
S03851,U2362,T05,2023-08-05,58
S03852,U0467,T01,2025-03-05,113
S03853,U1083,T10,2024-08-06,152
S03854,U0140,T10,2026-01-15,36
S03855,U1321,T03,2026-03-20,177
S03856,U0990,T05,2024-07-20,15
S03857,U1360,T01,2026-02-02,89
S03858,U0025,T03,2023-08-21,47
S03859,U0691,T06,2023-01-03,84
S03860,U2484,T10,2025-07-17,166
S03861,U1722,T05,2025-11-24,124
S03862,U1447,T01,2024-01-14,86
S03863,U0802,T10,2025-03-08,119
S03864,U1844,T06,2024-07-12,97
S03865,U2142,T04,2025-12-30,58
S03866,U2021,T05,2024-01-18,177
S03867,U2396,T09,2026-02-26,154
S03868,U1709,T09,2024-04-06,108
S03869,U0404,T01,2023-08-03,67
S03870,U1012,T03,2025-06-03,86
S03871,U2041,T06,2023-11-06,167
S03872,U0358,T01,2023-06-07,54
S03873,U2284,T01,2024-04-12,41
S03874,U0986,T05,2023-08-30,36
S03875,U0465,T05,2024-11-25,99
S03876,U2331,T04,2024-02-20,87
S03877,U0852,T05,2025-09-10,59
S03878,U2355,T05,2025-01-28,133
S03879,U0731,T06,2023-08-31,145
S03880,U0835,T02,2025-09-16,85
S03881,U0246,T06,2025-11-11,122
S03882,U0755,T05,2025-11-17,90
S03883,U1116,T03,2023-04-10,24
S03884,U0904,T06,2024-07-18,102
S03885,U1592,T08,2025-12-26,152
S03886,U1855,T09,2023-09-26,174
S03887,U0866,T02,2023-08-27,150
S03888,U1832,T09,2025-10-19,106
S03889,U0619,T09,2024-02-09,15
S03890,U2148,T02,2024-06-18,141
S03891,U1438,T02,2024-09-20,25
S03892,U0343,T03,2025-09-19,132
S03893,U1768,T03,2023-04-13,54
S03894,U0961,T09,2024-11-28,145
S03895,U2201,T08,2024-04-21,9
S03896,U1418,T01,2023-12-23,81
S03897,U0631,T05,2024-07-20,138
S03898,U1864,T06,2025-03-22,109
S03899,U0286,T03,2025-08-01,57
S03900,U1154,T01,2025-11-15,135
S03901,U0960,T03,2025-01-29,108
S03902,U1764,T03,2024-11-16,111
S03903,U1104,T07,2024-04-06,89
S03904,U0774,T08,2025-05-26,97
S03905,U0198,T04,2024-04-04,58
S03906,U1727,T07,2023-11-08,104
S03907,U0279,T05,2026-01-25,106
S03908,U0270,T06,2023-02-22,92
S03909,U1573,T05,2023-04-25,161
S03910,U0997,T01,2024-08-15,136
S03911,U1472,T09,2025-04-28,161
S03912,U1736,T06,2023-11-17,121
S03913,U0998,T05,2025-06-28,148
S03914,U0062,T10,2025-10-04,126
S03915,U0406,T07,2025-07-31,105
S03916,U0303,T01,2024-01-03,103
S03917,U0235,T09,2025-10-22,33
S03918,U1716,T10,2024-11-10,46
S03919,U1371,T04,2023-10-15,124
S03920,U1511,T09,2025-08-13,5
S03921,U1118,T10,2024-04-04,34
S03922,U1481,T02,2026-04-05,79
S03923,U0922,T01,2024-12-14,144
S03924,U2398,T10,2024-01-04,141
S03925,U1672,T07,2024-05-25,132
S03926,U1881,T06,2023-10-25,119
S03927,U2384,T01,2024-12-07,67
S03928,U2313,T01,2023-09-27,6
S03929,U0527,T02,2024-11-16,93
S03930,U1216,T07,2023-11-17,79
S03931,U0868,T05,2023-08-17,158
S03932,U1046,T08,2025-09-02,40
S03933,U2228,T06,2024-11-14,84
S03934,U0355,T04,2025-07-31,180
S03935,U0267,T07,2023-07-12,144
S03936,U1941,T10,2023-05-17,118
S03937,U0613,T02,2023-03-27,138
S03938,U1720,T09,2024-04-18,163
S03939,U0740,T09,2025-11-26,125
S03940,U0669,T08,2023-08-12,72
S03941,U1599,T02,2023-07-30,109
S03942,U0288,T10,2024-12-14,55
S03943,U1784,T08,2026-04-08,162
S03944,U1030,T08,2023-04-16,124
S03945,U1353,T01,2025-04-17,54
S03946,U1416,T09,2024-10-16,64
S03947,U1224,T07,2026-01-12,159
S03948,U1723,T03,2026-01-01,5
S03949,U0653,T01,2026-03-26,19
S03950,U0776,T10,2023-10-31,84
S03951,U1100,T09,2023-03-20,18
S03952,U1138,T10,2023-06-22,148
S03953,U0240,T06,2024-02-14,173
S03954,U0297,T08,2023-04-16,89
S03955,U1098,T10,2025-11-19,180
S03956,U0478,T08,2024-10-13,52
S03957,U0910,T04,2023-06-09,137
S03958,U0920,T04,2023-08-03,43
S03959,U2022,T04,2024-05-15,100
S03960,U0322,T08,2023-07-30,42
S03961,U2434,T03,2024-11-03,154
S03962,U1788,T02,2023-07-09,127
S03963,U1898,T07,2023-07-19,115
S03964,U2126,T08,2023-06-21,67
S03965,U1468,T02,2025-05-23,124
S03966,U0552,T03,2025-10-31,160
S03967,U0513,T04,2025-03-28,127
S03968,U1651,T07,2025-03-11,96
S03969,U0735,T08,2023-03-03,38
S03970,U0015,T08,2024-03-17,155
S03971,U1524,T10,2025-06-10,175
S03972,U1929,T04,2023-04-08,169
S03973,U0560,T03,2025-12-14,13
S03974,U0146,T07,2023-11-20,22
S03975,U0966,T10,2023-08-08,68
S03976,U2386,T04,2024-09-13,66
S03977,U0308,T10,2025-01-03,120
S03978,U1190,T03,2023-03-30,100
S03979,U1308,T07,2025-01-08,53
S03980,U0012,T02,2026-04-07,113
S03981,U1914,T09,2024-01-26,92
S03982,U2495,T08,2023-04-01,41
S03983,U0990,T01,2023-09-22,168
S03984,U0169,T03,2024-02-20,123
S03985,U0083,T10,2023-11-10,103
S03986,U0035,T05,2023-06-01,32
S03987,U1126,T02,2026-02-19,89
S03988,U1719,T02,2026-04-14,106
S03989,U1882,T03,2023-01-11,95
S03990,U1708,T06,2023-07-20,157
S03991,U0808,T09,2025-05-26,70
S03992,U0136,T04,2023-10-27,6
S03993,U1672,T07,2024-12-10,138
S03994,U0946,T08,2024-06-06,59
S03995,U0304,T10,2025-05-07,88
S03996,U2131,T10,2023-12-25,39
S03997,U0594,T09,2025-04-08,154
S03998,U1611,T01,2023-02-19,98
S03999,U2045,T07,2023-11-18,179
S04000,U2100,T05,2025-04-23,84
S04001,U0548,T09,2023-11-15,38
S04002,U0245,T06,2024-12-04,25
S04003,U0266,T08,2023-01-21,43
S04004,U1145,T06,2026-03-26,96
S04005,U0109,T02,2025-04-10,7
S04006,U0409,T05,2024-09-14,78
S04007,U0719,T02,2023-01-26,65
S04008,U0497,T01,2023-09-23,145
S04009,U2022,T04,2025-10-05,103
S04010,U0373,T10,2025-12-24,7
S04011,U2451,T10,2024-03-31,147
S04012,U0497,T02,2023-02-06,94
S04013,U1271,T10,2023-08-03,90
S04014,U2374,T10,2024-11-08,46
S04015,U1543,T02,2025-02-05,132
S04016,U2397,T07,2024-10-12,118
S04017,U0695,T08,2025-12-28,57
S04018,U0599,T02,2024-11-24,176
S04019,U1764,T02,2025-04-14,55
S04020,U1600,T05,2025-10-22,29
S04021,U0766,T08,2024-05-22,158
S04022,U0549,T03,2024-09-28,44
S04023,U1558,T02,2023-06-04,64
S04024,U1030,T04,2023-08-29,159
S04025,U0933,T07,2026-02-09,6
S04026,U1989,T10,2024-06-04,100
S04027,U0060,T03,2023-03-26,179
S04028,U1875,T01,2025-02-23,79
S04029,U0595,T06,2025-06-06,32
S04030,U0603,T08,2025-04-19,31
S04031,U0274,T06,2026-03-04,180
S04032,U0390,T05,2023-10-22,19
S04033,U0565,T03,2025-07-19,18
S04034,U2265,T03,2026-01-11,17
S04035,U2279,T09,2026-03-24,171
S04036,U1154,T07,2024-09-20,116
S04037,U0338,T01,2025-08-19,77
S04038,U1671,T05,2024-04-13,7
S04039,U0574,T01,2023-09-24,171
S04040,U1692,T05,2023-08-21,128
S04041,U1457,T05,2023-09-25,177
S04042,U0205,T09,2026-01-31,150
S04043,U1044,T07,2023-05-08,142
S04044,U1504,T04,2025-03-16,158
S04045,U1869,T09,2023-02-13,147
S04046,U1977,T09,2023-10-31,140
S04047,U2484,T10,2024-02-23,73
S04048,U2138,T10,2023-03-05,38
S04049,U0143,T04,2024-09-11,118
S04050,U1036,T10,2025-11-08,73
S04051,U0217,T07,2025-02-07,118
S04052,U1223,T09,2024-10-31,143
S04053,U2131,T09,2026-02-10,112
S04054,U0569,T04,2023-05-01,132
S04055,U1630,T04,2023-06-20,117
S04056,U2096,T05,2026-01-28,175
S04057,U1116,T07,2025-10-23,11
S04058,U0602,T08,2024-03-28,140
S04059,U1874,T08,2024-12-01,161
S04060,U0807,T04,2025-03-21,41
S04061,U0430,T08,2024-07-01,68
S04062,U0839,T10,2024-08-20,178
S04063,U2487,T07,2024-08-22,120
S04064,U1819,T07,2025-05-23,59
S04065,U0606,T07,2025-04-03,121
S04066,U2224,T02,2026-01-14,142
S04067,U1339,T02,2024-11-01,116
S04068,U2448,T06,2023-10-21,147
S04069,U1651,T06,2023-12-14,46
S04070,U0839,T06,2024-08-28,61
S04071,U1414,T09,2024-03-14,64
S04072,U1714,T02,2024-07-19,23
S04073,U0525,T08,2023-12-16,151
S04074,U2253,T06,2023-06-27,32
S04075,U1862,T09,2025-10-31,42
S04076,U1571,T04,2023-03-23,162
S04077,U0687,T01,2025-11-12,132
S04078,U0569,T10,2023-01-13,39
S04079,U2262,T01,2026-03-11,30
S04080,U1300,T04,2024-08-03,78
S04081,U0057,T09,2023-06-11,74
S04082,U0895,T02,2023-06-10,128
S04083,U0149,T06,2024-09-25,61
S04084,U2012,T03,2025-07-06,20
S04085,U1052,T01,2023-07-01,83
S04086,U1904,T09,2023-11-25,101
S04087,U1554,T01,2023-10-10,92
S04088,U0510,T05,2023-12-27,45
S04089,U0705,T02,2025-06-05,24
S04090,U2143,T08,2024-10-05,38
S04091,U1359,T09,2026-04-03,14
S04092,U1220,T04,2023-11-14,50
S04093,U1524,T07,2024-01-15,175
S04094,U0791,T01,2025-07-13,165
S04095,U1576,T07,2025-12-12,72
S04096,U1803,T03,2025-09-26,36
S04097,U0292,T07,2025-12-05,78
S04098,U0304,T07,2024-07-30,6
S04099,U1438,T05,2024-03-23,52
S04100,U0557,T05,2024-05-16,116
S04101,U0608,T02,2024-01-01,104
S04102,U0835,T06,2023-02-24,168
S04103,U0284,T07,2024-02-04,132
S04104,U0116,T01,2024-12-05,142
S04105,U0224,T04,2023-10-21,21
S04106,U0987,T10,2023-08-18,86
S04107,U0742,T07,2023-11-16,92
S04108,U1753,T08,2024-09-08,146
S04109,U0636,T05,2023-09-27,156
S04110,U2083,T07,2024-12-13,68
S04111,U1770,T06,2023-04-11,49
S04112,U1294,T06,2026-03-02,91
S04113,U0278,T10,2025-02-03,25
S04114,U0657,T04,2023-05-29,76
S04115,U1829,T01,2023-03-03,106
S04116,U0747,T01,2025-10-01,83
S04117,U1475,T09,2025-05-17,101
S04118,U0056,T10,2023-12-23,77
S04119,U0742,T08,2025-04-22,124
S04120,U1990,T02,2025-12-17,55
S04121,U0474,T09,2024-09-29,47
S04122,U2318,T07,2025-03-30,114
S04123,U2150,T09,2025-11-12,159
S04124,U0998,T10,2024-10-16,59
S04125,U0270,T03,2024-02-20,97
S04126,U0399,T04,2026-04-03,137
S04127,U0654,T03,2025-02-18,70
S04128,U0879,T10,2025-06-03,107
S04129,U1754,T10,2025-05-21,62
S04130,U1514,T08,2023-08-12,144
S04131,U2474,T07,2025-10-18,50
S04132,U0170,T02,2025-11-18,160
S04133,U2249,T02,2023-01-13,169
S04134,U2037,T06,2023-06-04,31
S04135,U1786,T04,2023-07-02,19
S04136,U2123,T01,2023-08-02,14
S04137,U0577,T06,2025-05-28,135
S04138,U0212,T04,2023-04-25,136
S04139,U1032,T08,2025-02-01,157
S04140,U1663,T07,2024-05-09,144
S04141,U0488,T10,2023-03-18,87
S04142,U0718,T01,2026-03-15,124
S04143,U0701,T02,2023-09-13,171
S04144,U1715,T07,2024-12-31,117
S04145,U0638,T06,2024-03-24,153
S04146,U2057,T05,2025-06-21,158
S04147,U1695,T07,2025-01-30,150
S04148,U0753,T05,2023-10-14,141
S04149,U1372,T04,2023-06-30,34
S04150,U0446,T04,2023-12-30,156
S04151,U1354,T07,2025-07-03,30
S04152,U1927,T03,2024-06-29,124
S04153,U1594,T10,2026-01-03,75
S04154,U2058,T07,2025-05-26,33
S04155,U2039,T10,2023-03-23,139
S04156,U1765,T04,2026-03-15,98
S04157,U2384,T04,2025-05-19,173
S04158,U0618,T08,2026-03-02,63
S04159,U1668,T06,2026-04-14,180
S04160,U2471,T08,2026-01-25,121
S04161,U1028,T02,2023-12-15,47
S04162,U2495,T04,2025-09-13,131
S04163,U1936,T09,2024-03-01,157
S04164,U1634,T03,2023-10-01,69
S04165,U0121,T08,2026-03-24,115
S04166,U2206,T10,2023-10-19,88
S04167,U0032,T03,2025-03-30,106
S04168,U2290,T09,2025-10-11,155
S04169,U1066,T02,2024-02-25,7
S04170,U0288,T10,2025-03-10,136
S04171,U2372,T10,2023-09-13,69
S04172,U1618,T10,2026-01-01,108
S04173,U0876,T10,2025-12-26,83
S04174,U0711,T09,2024-07-05,53
S04175,U2063,T03,2025-09-17,20
S04176,U1192,T03,2023-08-24,72
S04177,U0221,T08,2026-02-12,125
S04178,U0238,T02,2025-01-06,144
S04179,U0631,T10,2025-08-01,23
S04180,U1042,T07,2026-02-03,78
S04181,U0005,T06,2023-10-17,116
S04182,U2300,T01,2026-01-14,88
S04183,U2148,T02,2025-09-22,52
S04184,U1174,T09,2025-03-22,123
S04185,U0433,T06,2023-04-15,99
S04186,U0413,T02,2024-06-05,15
S04187,U1815,T10,2024-09-29,42
S04188,U0096,T01,2024-12-11,171
S04189,U0356,T03,2024-02-02,62
S04190,U0287,T03,2024-07-27,85
S04191,U1307,T06,2024-07-07,74
S04192,U2262,T04,2023-06-01,61
S04193,U1263,T10,2023-02-13,170
S04194,U0762,T10,2023-09-09,29
S04195,U1472,T03,2025-04-21,138
S04196,U1989,T02,2025-09-12,166
S04197,U0018,T05,2023-06-12,27
S04198,U1717,T08,2026-04-02,39
S04199,U1425,T05,2024-11-08,69
S04200,U0977,T02,2024-04-01,120
S04201,U0408,T09,2024-01-07,6
S04202,U2134,T08,2023-03-09,74
S04203,U2183,T03,2025-01-20,133
S04204,U0185,T09,2025-04-08,115
S04205,U0793,T05,2024-01-23,108
S04206,U1011,T08,2023-04-11,155
S04207,U1204,T04,2025-09-21,178
S04208,U2439,T07,2024-01-08,116
S04209,U2258,T08,2024-10-16,33
S04210,U0342,T06,2024-10-16,46
S04211,U2207,T06,2024-07-04,34
S04212,U0194,T09,2025-10-29,78
S04213,U0681,T07,2023-07-04,146
S04214,U1443,T06,2025-05-31,47
S04215,U1169,T07,2023-03-31,123
S04216,U1222,T03,2023-09-23,154
S04217,U0591,T07,2024-11-27,29
S04218,U1723,T03,2026-04-02,10
S04219,U2331,T04,2023-10-18,139
S04220,U1138,T06,2026-01-16,138
S04221,U1971,T09,2026-02-13,83
S04222,U0574,T04,2023-05-26,49
S04223,U0405,T07,2023-05-22,147
S04224,U0315,T08,2024-03-15,131
S04225,U2033,T01,2024-06-18,33
S04226,U0205,T04,2024-10-30,143
S04227,U1469,T10,2023-05-06,146
S04228,U1957,T06,2023-09-20,72
S04229,U1237,T10,2024-12-16,5
S04230,U2219,T01,2023-12-19,180
S04231,U1569,T01,2025-07-25,89
S04232,U1230,T04,2024-12-11,157
S04233,U0227,T10,2024-03-25,81
S04234,U0361,T03,2024-02-20,14
S04235,U0350,T03,2026-01-31,58
S04236,U0629,T07,2024-03-20,144
S04237,U1600,T01,2025-07-18,141
S04238,U0876,T09,2025-10-28,143
S04239,U2023,T09,2024-01-04,81
S04240,U1519,T05,2024-11-08,40
S04241,U1373,T04,2025-07-25,21
S04242,U2102,T07,2025-07-03,15
S04243,U0360,T10,2024-12-01,47
S04244,U0518,T10,2023-08-19,65
S04245,U2108,T05,2024-10-14,147
S04246,U0816,T06,2023-03-14,145
S04247,U1872,T07,2026-01-15,25
S04248,U2155,T08,2025-03-08,14
S04249,U0652,T08,2026-03-06,135
S04250,U0743,T06,2025-11-05,21
S04251,U0750,T03,2024-05-20,124
S04252,U1992,T09,2023-12-10,136
S04253,U2248,T08,2023-05-19,100
S04254,U2157,T05,2023-04-06,75
S04255,U2239,T06,2024-06-13,74
S04256,U1045,T06,2023-05-15,158
S04257,U1791,T02,2024-02-22,33
S04258,U0811,T09,2023-02-10,29
S04259,U0953,T04,2025-12-09,73
S04260,U1947,T05,2024-10-04,37
S04261,U0441,T04,2024-06-26,79
S04262,U2367,T03,2023-06-03,69
S04263,U0943,T03,2023-01-21,5
S04264,U1610,T05,2024-04-26,38
S04265,U1910,T04,2023-08-11,16
S04266,U0603,T06,2025-04-26,176
S04267,U2410,T07,2023-08-12,111
S04268,U0310,T09,2023-01-17,60
S04269,U1761,T04,2026-02-26,156
S04270,U1200,T04,2026-02-11,170
S04271,U1117,T02,2026-02-15,119
S04272,U0313,T03,2024-01-07,125
S04273,U1434,T07,2025-11-05,82
S04274,U2297,T02,2024-10-10,14
S04275,U1319,T03,2024-06-08,60
S04276,U1909,T07,2023-10-10,91
S04277,U0288,T01,2024-09-25,35
S04278,U0969,T08,2025-11-14,114
S04279,U0389,T06,2024-04-19,7
S04280,U1950,T05,2024-06-07,51
S04281,U0974,T02,2025-11-09,169
S04282,U2031,T01,2026-01-29,159
S04283,U0371,T02,2025-09-07,43
S04284,U0801,T09,2025-06-14,176
S04285,U0439,T09,2025-04-23,87
S04286,U0176,T06,2024-12-04,35
S04287,U0065,T04,2023-12-11,14
S04288,U1034,T06,2025-02-06,105
S04289,U1678,T10,2026-03-22,80
S04290,U0011,T09,2023-11-09,110
S04291,U0134,T07,2023-11-20,138
S04292,U0211,T02,2023-07-08,44
S04293,U0487,T06,2025-12-14,147
S04294,U1017,T04,2023-10-31,51
S04295,U0650,T08,2023-12-18,144
S04296,U1011,T05,2024-09-19,138
S04297,U1976,T06,2023-12-08,120
S04298,U1092,T01,2024-12-16,133
S04299,U2436,T02,2023-04-13,158
S04300,U1340,T03,2025-06-23,48
S04301,U2106,T06,2024-04-12,155
S04302,U1294,T04,2025-05-06,159
S04303,U2234,T06,2024-10-14,36
S04304,U0468,T02,2026-02-13,140
S04305,U0789,T07,2023-03-26,114
S04306,U0360,T03,2024-05-01,113
S04307,U0534,T09,2023-10-28,170
S04308,U1875,T03,2023-11-10,62
S04309,U2222,T03,2025-03-18,66
S04310,U2315,T09,2024-01-25,13
S04311,U1797,T06,2023-01-29,177
S04312,U0133,T02,2023-04-15,124
S04313,U0893,T05,2023-03-15,174
S04314,U2172,T09,2023-01-17,153
S04315,U0557,T10,2025-01-14,39
S04316,U1998,T03,2023-08-05,8
S04317,U0565,T09,2025-02-24,88
S04318,U0924,T10,2023-04-28,160
S04319,U0010,T01,2025-02-12,120
S04320,U1190,T02,2024-05-04,125
S04321,U1267,T08,2025-08-31,11
S04322,U1667,T05,2024-05-06,123
S04323,U0436,T04,2024-02-14,161
S04324,U0768,T03,2026-01-29,160
S04325,U0145,T09,2025-11-18,13
S04326,U1665,T08,2024-08-20,108
S04327,U2391,T05,2024-10-16,38
S04328,U0084,T04,2025-09-12,146
S04329,U0813,T03,2024-11-13,171
S04330,U0674,T05,2025-03-01,108
S04331,U1306,T02,2025-10-16,59
S04332,U1867,T06,2026-04-08,131
S04333,U1595,T03,2023-11-04,85
S04334,U2349,T02,2023-03-01,180
S04335,U1810,T07,2025-12-24,19
S04336,U2363,T05,2025-02-16,156
S04337,U0611,T09,2025-01-23,170
S04338,U0573,T04,2024-09-07,171
S04339,U2455,T08,2026-01-21,164
S04340,U1832,T03,2025-03-29,135
S04341,U2092,T06,2023-02-26,92
S04342,U1327,T09,2024-04-14,93
S04343,U1149,T06,2024-08-23,44
S04344,U0668,T02,2025-08-17,180
S04345,U0768,T10,2024-05-19,107
S04346,U2401,T03,2023-02-14,137
S04347,U0930,T08,2023-07-08,65
S04348,U0331,T08,2023-04-07,34
S04349,U0429,T08,2025-07-31,169
S04350,U2215,T06,2024-09-05,160
S04351,U0254,T01,2026-02-17,20
S04352,U2436,T04,2025-08-08,179
S04353,U0132,T04,2024-12-26,79
S04354,U2366,T03,2025-09-15,134
S04355,U1541,T03,2023-07-23,163
S04356,U2019,T07,2024-12-03,50
S04357,U2103,T02,2024-06-24,133
S04358,U0464,T05,2023-08-18,70
S04359,U1966,T02,2024-01-22,158
S04360,U1593,T09,2023-04-19,18
S04361,U1796,T06,2024-07-29,24
S04362,U1239,T05,2024-02-27,88
S04363,U1489,T05,2025-03-10,91
S04364,U2199,T06,2025-08-30,94
S04365,U1895,T07,2025-11-12,52
S04366,U2475,T04,2024-04-26,76
S04367,U1192,T10,2025-08-06,42
S04368,U1028,T06,2025-12-20,145
S04369,U0383,T03,2023-10-25,55
S04370,U1107,T07,2025-09-14,54
S04371,U1797,T04,2025-08-13,73
S04372,U1958,T06,2024-06-17,30
S04373,U1853,T06,2024-10-08,140
S04374,U1488,T01,2023-05-14,162
S04375,U2178,T06,2025-06-15,85
S04376,U1943,T01,2026-01-12,88
S04377,U1742,T04,2025-03-10,57
S04378,U1503,T09,2023-05-04,93
S04379,U1096,T06,2023-11-24,7
S04380,U2416,T05,2025-11-17,106
S04381,U1297,T01,2026-03-18,37
S04382,U1607,T01,2024-09-14,39
S04383,U1600,T07,2025-06-24,43
S04384,U1333,T07,2025-12-21,69
S04385,U1662,T02,2026-02-07,166
S04386,U1099,T07,2024-09-08,5
S04387,U0310,T08,2023-12-27,29
S04388,U2389,T03,2024-10-06,51
S04389,U2216,T09,2023-11-20,150
S04390,U1025,T10,2023-04-19,169
S04391,U1530,T05,2026-02-28,172
S04392,U2440,T05,2023-07-01,115
S04393,U1089,T02,2023-09-27,86
S04394,U1825,T10,2023-09-30,61
S04395,U0442,T07,2025-05-24,158
S04396,U0217,T05,2025-11-29,126
S04397,U0553,T01,2024-09-09,103
S04398,U2472,T01,2025-10-17,171
S04399,U1866,T01,2026-02-14,102
S04400,U2109,T09,2024-10-20,180
S04401,U0647,T10,2025-12-05,119
S04402,U1316,T09,2025-12-25,146
S04403,U1736,T08,2025-12-22,80
S04404,U0517,T01,2024-01-06,131
S04405,U1231,T03,2023-05-05,22
S04406,U0191,T07,2024-03-31,121
S04407,U1609,T05,2023-06-11,162
S04408,U0434,T10,2024-10-31,100
S04409,U1586,T01,2023-03-07,58
S04410,U0714,T09,2023-11-05,143
S04411,U0629,T01,2023-02-26,77
S04412,U0873,T03,2023-09-05,20
S04413,U0893,T03,2024-10-19,142
S04414,U1446,T08,2023-10-07,162
S04415,U2097,T01,2026-01-02,9
S04416,U2184,T10,2024-04-19,159
S04417,U0500,T09,2024-08-04,127
S04418,U0094,T09,2026-02-13,67
S04419,U0538,T09,2024-12-23,164
S04420,U1950,T09,2023-04-28,41
S04421,U0478,T01,2024-12-03,14
S04422,U2355,T09,2024-12-15,44
S04423,U0118,T01,2026-01-12,43
S04424,U0613,T02,2023-07-07,38
S04425,U0654,T09,2025-02-08,95
S04426,U1368,T03,2023-03-02,112
S04427,U1960,T07,2023-09-05,51
S04428,U0707,T10,2023-07-09,22
S04429,U0842,T05,2026-04-06,144
S04430,U0423,T08,2023-07-16,126
S04431,U1949,T10,2023-06-04,52
S04432,U0523,T05,2025-06-17,65
S04433,U1659,T09,2024-04-12,131
S04434,U2453,T01,2023-02-21,86
S04435,U1001,T05,2023-05-27,153
S04436,U1589,T02,2024-10-25,153
S04437,U0859,T02,2023-07-11,25
S04438,U0988,T10,2025-11-07,166
S04439,U0482,T10,2025-08-04,151
S04440,U0758,T09,2025-02-27,172
S04441,U0542,T02,2024-05-21,132
S04442,U1529,T08,2025-07-16,91
S04443,U1507,T05,2026-01-08,35
S04444,U1405,T07,2023-11-20,45
S04445,U1561,T06,2025-03-10,78
S04446,U1740,T10,2024-02-15,82
S04447,U0027,T05,2024-03-13,80
S04448,U1606,T09,2023-01-06,110
S04449,U0498,T07,2024-07-23,143
S04450,U0555,T09,2024-08-11,105
S04451,U0091,T03,2024-09-23,137
S04452,U0218,T06,2024-08-21,97
S04453,U2219,T10,2024-03-11,24
S04454,U1815,T09,2023-06-06,7
S04455,U0342,T03,2026-01-13,81
S04456,U1050,T07,2025-04-03,43
S04457,U0273,T02,2026-03-03,115
S04458,U0223,T10,2026-01-01,86
S04459,U1019,T02,2023-05-21,79
S04460,U1405,T03,2026-02-03,93
S04461,U1049,T03,2025-05-09,60
S04462,U0547,T04,2024-07-23,32
S04463,U2021,T03,2024-01-31,43
S04464,U1731,T09,2024-03-25,35
S04465,U0814,T03,2024-03-07,93
S04466,U0953,T02,2024-10-01,62
S04467,U0533,T04,2024-05-01,74
S04468,U0361,T05,2023-11-30,79
S04469,U0151,T04,2024-04-24,72
S04470,U2197,T02,2024-08-01,27
S04471,U2207,T03,2026-03-14,104
S04472,U0656,T02,2025-08-13,76
S04473,U0704,T02,2023-04-04,52
S04474,U1048,T03,2024-03-09,152
S04475,U2496,T06,2026-02-17,157
S04476,U0296,T07,2025-12-13,148
S04477,U1946,T10,2026-02-20,81
S04478,U1735,T05,2025-04-21,126
S04479,U1279,T10,2025-12-05,79
S04480,U0634,T04,2025-01-29,75
S04481,U2037,T07,2026-02-26,165
S04482,U2059,T07,2023-01-23,142
S04483,U1575,T09,2026-02-01,132
S04484,U0825,T08,2024-10-11,9
S04485,U1905,T01,2025-05-06,8
S04486,U1517,T07,2024-09-27,92
S04487,U1561,T07,2025-09-01,56
S04488,U0596,T05,2025-02-23,147
S04489,U1702,T01,2026-01-31,52
S04490,U2098,T01,2023-01-26,35
S04491,U2340,T04,2025-03-31,101
S04492,U1991,T05,2026-02-15,176
S04493,U0706,T09,2023-10-12,74
S04494,U2415,T07,2024-11-07,74
S04495,U1261,T06,2024-08-07,68
S04496,U0289,T02,2024-10-29,116
S04497,U1559,T09,2023-01-11,144
S04498,U1174,T03,2024-08-09,22
S04499,U1035,T02,2025-01-25,41
S04500,U1763,T02,2025-03-24,44
S04501,U1669,T03,2025-10-17,68
S04502,U1688,T01,2023-05-16,47
S04503,U2030,T04,2023-03-03,150
S04504,U1697,T04,2025-05-10,59
S04505,U1880,T05,2023-08-23,9
S04506,U1585,T06,2023-02-16,163
S04507,U2361,T03,2023-07-05,130
S04508,U0649,T10,2023-09-14,129
S04509,U0286,T07,2026-02-23,129
S04510,U0228,T01,2024-11-30,143
S04511,U1859,T09,2025-07-04,85
S04512,U0634,T05,2023-03-09,146
S04513,U0916,T06,2023-10-16,49
S04514,U1445,T01,2026-02-04,136
S04515,U1728,T04,2023-05-03,32
S04516,U1352,T07,2023-04-22,141
S04517,U1296,T03,2024-05-14,162
S04518,U2363,T01,2024-07-02,51
S04519,U2385,T02,2024-02-26,34
S04520,U0589,T08,2024-10-11,36
S04521,U0907,T10,2025-07-09,126
S04522,U1674,T02,2023-01-21,92
S04523,U0725,T03,2024-04-21,101
S04524,U0584,T03,2023-09-07,72
S04525,U1341,T04,2023-03-12,107
S04526,U1044,T03,2023-03-23,29
S04527,U1758,T10,2023-12-29,86
S04528,U0371,T01,2023-05-31,24
S04529,U1041,T09,2023-03-15,103
S04530,U0715,T02,2025-02-11,136
S04531,U1307,T01,2025-02-01,46
S04532,U0207,T01,2023-04-21,39
S04533,U0790,T06,2024-07-05,6
S04534,U0486,T07,2026-03-09,167
S04535,U1208,T03,2026-02-09,32
S04536,U1299,T04,2025-11-02,144
S04537,U0008,T10,2023-07-17,78
S04538,U2025,T04,2025-06-10,51
S04539,U1997,T06,2024-09-28,112
S04540,U0386,T04,2025-12-31,5
S04541,U0891,T09,2026-02-23,99
S04542,U1097,T04,2024-01-29,177
S04543,U0468,T07,2024-01-31,84
S04544,U0778,T06,2024-09-12,37
S04545,U1563,T07,2023-08-28,149
S04546,U0779,T03,2023-01-13,84
S04547,U2290,T09,2023-10-19,51
S04548,U1214,T10,2025-06-27,22
S04549,U0104,T05,2025-11-25,52
S04550,U1015,T02,2025-10-08,88
S04551,U2286,T02,2023-04-14,90
S04552,U0801,T07,2023-02-02,135
S04553,U0786,T08,2023-09-24,10
S04554,U1019,T08,2025-01-23,86
S04555,U1768,T07,2024-12-14,110
S04556,U0716,T08,2023-10-22,20
S04557,U0991,T03,2024-10-23,138
S04558,U0855,T01,2025-05-15,108
S04559,U1395,T06,2023-02-19,33
S04560,U0246,T04,2024-03-24,166
S04561,U1533,T04,2023-05-04,156
S04562,U1210,T03,2024-08-07,16
S04563,U1509,T05,2025-02-23,98
S04564,U2258,T01,2024-02-24,64
S04565,U2310,T05,2024-08-21,71
S04566,U0868,T09,2023-11-09,71
S04567,U0814,T09,2025-11-24,20
S04568,U0063,T05,2025-10-07,147
S04569,U0970,T09,2024-01-04,88
S04570,U1523,T10,2024-08-23,160
S04571,U0680,T07,2024-08-06,125
S04572,U1168,T07,2025-01-15,178
S04573,U0754,T05,2025-08-09,160
S04574,U1505,T08,2023-01-13,167
S04575,U1268,T07,2024-08-24,21
S04576,U1495,T08,2024-05-20,129
S04577,U1249,T09,2024-12-04,106
S04578,U0601,T07,2023-02-05,117
S04579,U2456,T03,2023-07-07,91
S04580,U1467,T06,2025-01-02,166
S04581,U1104,T05,2024-07-28,74
S04582,U1966,T07,2025-03-10,95
S04583,U0742,T09,2023-03-24,52
S04584,U0535,T06,2026-04-13,24
S04585,U0186,T08,2024-07-05,72
S04586,U0553,T03,2026-01-12,97
S04587,U0834,T02,2025-09-04,176
S04588,U0363,T10,2024-05-04,37
S04589,U1427,T05,2024-06-02,157
S04590,U0175,T07,2025-01-04,7
S04591,U1335,T09,2024-01-19,68
S04592,U0735,T08,2023-06-28,164
S04593,U0087,T06,2023-01-06,18
S04594,U1641,T05,2024-08-28,106
S04595,U1878,T10,2024-08-10,98
S04596,U2003,T07,2026-03-05,73
S04597,U1091,T03,2025-07-27,105
S04598,U1473,T05,2023-01-21,87
S04599,U2103,T04,2024-01-20,92
S04600,U1927,T06,2024-05-24,42
S04601,U0747,T06,2024-07-18,14
S04602,U1173,T10,2025-08-25,68
S04603,U1943,T03,2025-03-28,38
S04604,U1834,T06,2023-09-06,33
S04605,U0753,T01,2025-07-27,60
S04606,U1509,T01,2025-10-09,77
S04607,U2246,T07,2024-07-27,161
S04608,U0593,T07,2025-11-09,68
S04609,U0086,T03,2026-03-31,163
S04610,U1088,T05,2025-07-21,84
S04611,U1774,T03,2023-01-03,59
S04612,U1067,T04,2023-01-01,133
S04613,U0664,T01,2023-02-18,81
S04614,U2031,T03,2024-03-03,48
S04615,U0264,T05,2023-11-09,52
S04616,U1163,T06,2025-05-08,91
S04617,U1411,T04,2023-05-02,76
S04618,U1718,T10,2024-04-21,37
S04619,U1795,T07,2024-01-02,8
S04620,U0621,T10,2026-04-01,27
S04621,U0896,T08,2023-02-25,11
S04622,U1976,T06,2025-04-18,150
S04623,U1462,T07,2023-04-14,82
S04624,U2331,T02,2025-03-27,90
S04625,U0684,T02,2023-08-19,73
S04626,U0560,T10,2026-03-04,65
S04627,U0442,T02,2023-05-17,119
S04628,U0064,T04,2023-01-01,88
S04629,U2434,T10,2024-08-11,174
S04630,U1728,T02,2025-01-19,39
S04631,U2157,T06,2024-03-02,74
S04632,U2115,T01,2023-02-23,30
S04633,U0747,T06,2026-04-12,135
S04634,U0414,T10,2023-01-26,140
S04635,U0524,T05,2023-07-09,115
S04636,U0095,T02,2024-06-01,164
S04637,U2082,T10,2025-09-27,63
S04638,U2310,T10,2026-01-16,176
S04639,U1387,T06,2024-05-06,17
S04640,U1063,T05,2023-07-06,109
S04641,U2145,T06,2024-04-03,35
S04642,U1558,T10,2025-04-07,76
S04643,U2145,T05,2025-02-01,174
S04644,U0135,T01,2023-06-13,86
S04645,U0793,T04,2023-12-02,84
S04646,U0832,T09,2024-10-06,108
S04647,U1232,T07,2024-04-17,84
S04648,U0684,T07,2025-10-09,46
S04649,U2041,T07,2025-04-15,89
S04650,U1475,T02,2024-08-23,166
S04651,U1074,T02,2024-05-26,39
S04652,U1822,T03,2025-04-25,91
S04653,U1697,T06,2023-12-27,61
S04654,U0795,T05,2025-12-26,113
S04655,U0487,T10,2025-02-06,165
S04656,U1390,T08,2025-05-01,175
S04657,U1284,T01,2024-10-02,31
S04658,U1467,T01,2026-01-08,123
S04659,U1157,T10,2024-06-20,96
S04660,U1445,T09,2023-03-09,28
S04661,U0039,T06,2025-01-07,101
S04662,U2367,T10,2025-08-16,57
S04663,U2283,T10,2024-03-15,92
S04664,U2434,T01,2024-03-11,48
S04665,U2141,T08,2026-04-13,143
S04666,U2300,T07,2024-02-01,140
S04667,U1140,T06,2025-01-29,164
S04668,U1311,T07,2024-03-11,170
S04669,U0007,T01,2023-10-17,171
S04670,U1586,T01,2025-12-16,30
S04671,U1542,T05,2023-04-12,5
S04672,U2263,T07,2025-10-09,20
S04673,U1642,T10,2024-08-11,144
S04674,U0393,T10,2025-04-14,25
S04675,U2312,T02,2023-06-18,60
S04676,U1256,T02,2023-05-09,15
S04677,U1129,T10,2024-08-06,138
S04678,U2145,T05,2024-08-03,135
S04679,U1624,T09,2024-01-25,83
S04680,U0275,T03,2024-12-03,11
S04681,U1544,T10,2024-01-17,127
S04682,U1047,T02,2023-12-08,33
S04683,U1338,T03,2025-03-23,46
S04684,U2125,T02,2023-08-03,134
S04685,U0641,T10,2026-02-04,93
S04686,U0439,T03,2024-10-06,104
S04687,U1173,T03,2025-08-18,147
S04688,U1459,T02,2024-09-22,85
S04689,U1069,T02,2024-03-16,143
S04690,U1278,T06,2025-02-27,161
S04691,U0080,T10,2025-03-25,51
S04692,U2091,T03,2024-03-24,39
S04693,U0799,T08,2024-03-23,43
S04694,U1368,T01,2025-03-09,29
S04695,U1673,T04,2024-08-28,140
S04696,U1155,T07,2024-03-01,166
S04697,U1120,T10,2024-08-21,76
S04698,U1459,T03,2024-07-21,143
S04699,U0141,T05,2024-09-24,112
S04700,U1134,T06,2024-02-19,45
S04701,U0329,T09,2023-03-20,25
S04702,U2034,T07,2023-04-23,160
S04703,U0838,T03,2023-08-01,48
S04704,U0802,T05,2025-02-02,71
S04705,U0591,T04,2025-10-08,24
S04706,U1241,T07,2023-11-02,128
S04707,U2131,T09,2025-10-21,169
S04708,U1246,T08,2023-12-16,160
S04709,U0683,T08,2024-12-04,112
S04710,U2433,T07,2024-09-01,94
S04711,U2458,T06,2026-01-07,134
S04712,U1821,T04,2025-02-06,118
S04713,U0307,T08,2024-05-07,30
S04714,U1640,T05,2026-03-16,71
S04715,U0667,T05,2024-06-01,38
S04716,U1445,T09,2023-11-17,149
S04717,U2090,T04,2023-01-20,120
S04718,U1237,T01,2025-01-20,56
S04719,U1527,T01,2023-11-15,66
S04720,U0247,T04,2024-05-10,121
S04721,U1881,T10,2023-06-04,98
S04722,U1247,T03,2024-01-07,122
S04723,U2144,T10,2024-06-07,99
S04724,U1960,T04,2025-09-10,26
S04725,U0934,T02,2024-02-24,25
S04726,U1755,T08,2024-01-13,22
S04727,U2435,T01,2023-09-22,73
S04728,U2153,T03,2026-01-10,90
S04729,U1167,T10,2023-11-30,69
S04730,U2262,T10,2025-10-14,101
S04731,U1023,T08,2026-01-27,91
S04732,U0469,T04,2023-06-07,65
S04733,U1414,T05,2023-04-24,60
S04734,U1891,T01,2023-05-24,129
S04735,U0439,T07,2023-02-01,56
S04736,U1664,T06,2024-12-28,123
S04737,U2085,T04,2024-08-17,87
S04738,U1642,T03,2024-04-26,132
S04739,U0743,T04,2025-04-27,52
S04740,U0695,T10,2024-01-17,112
S04741,U1655,T05,2025-04-13,87
S04742,U2314,T07,2024-03-25,76
S04743,U0547,T07,2025-11-15,134
S04744,U0722,T01,2023-06-24,46
S04745,U2383,T10,2026-01-01,113
S04746,U2389,T03,2023-07-22,50
S04747,U2400,T01,2025-06-26,126
S04748,U0612,T04,2023-03-30,6
S04749,U0448,T09,2023-09-15,180
S04750,U0908,T05,2023-03-18,163
S04751,U1928,T03,2023-09-28,29
S04752,U0335,T01,2024-12-20,142
S04753,U0426,T09,2023-12-06,152
S04754,U0137,T02,2025-12-13,123
S04755,U2247,T07,2023-03-10,109
S04756,U2180,T04,2024-03-12,83
S04757,U0226,T05,2023-07-30,155
S04758,U0298,T10,2025-10-14,39
S04759,U0576,T08,2024-10-02,150
S04760,U0548,T10,2025-04-01,51
S04761,U2097,T09,2023-10-05,33
S04762,U1808,T03,2026-02-28,18
S04763,U0852,T04,2023-03-12,156
S04764,U0597,T01,2024-04-09,32
S04765,U2407,T03,2026-04-11,47
S04766,U0980,T01,2025-11-03,138
S04767,U1915,T01,2023-03-12,124
S04768,U0217,T07,2024-08-29,46
S04769,U2188,T03,2024-09-05,99
S04770,U2321,T08,2023-08-23,14
S04771,U0676,T09,2024-11-11,111
S04772,U1488,T07,2025-11-07,5
S04773,U1544,T06,2025-07-11,133
S04774,U0475,T03,2024-07-22,97
S04775,U1748,T02,2023-07-29,46
S04776,U0418,T06,2025-11-13,155
S04777,U2252,T10,2023-05-02,148
S04778,U0011,T04,2025-08-02,148
S04779,U0202,T02,2025-12-27,134
S04780,U2167,T08,2025-06-23,160
S04781,U1117,T06,2023-08-06,125
S04782,U0074,T09,2025-03-09,16
S04783,U0327,T09,2025-09-02,94
S04784,U2131,T04,2024-10-18,33
S04785,U1552,T01,2025-01-17,76
S04786,U1072,T09,2025-04-19,52
S04787,U1064,T09,2025-08-19,14
S04788,U2255,T08,2025-01-12,132
S04789,U0497,T03,2025-12-02,90
S04790,U0874,T03,2024-08-12,144
S04791,U0868,T02,2023-04-06,158
S04792,U0097,T06,2025-05-03,7
S04793,U1282,T07,2025-01-23,65
S04794,U1872,T04,2023-05-23,161
S04795,U1660,T06,2026-02-19,13
S04796,U0763,T03,2025-07-15,96
S04797,U1888,T10,2025-07-20,89
S04798,U2076,T09,2025-04-26,28
S04799,U0490,T07,2026-03-26,155
S04800,U0081,T05,2025-09-11,144
S04801,U0467,T05,2025-10-26,23
S04802,U0166,T04,2023-11-30,147
S04803,U1694,T04,2023-12-19,124
S04804,U1066,T03,2023-02-17,101
S04805,U0333,T10,2025-04-23,178
S04806,U2019,T09,2024-10-30,56
S04807,U1999,T09,2025-01-05,14
S04808,U2368,T08,2024-05-16,34
S04809,U1760,T06,2023-09-20,159
S04810,U2112,T08,2025-04-01,62
S04811,U0708,T06,2023-02-17,165
S04812,U0748,T10,2026-02-08,32
S04813,U0551,T03,2024-09-15,56
S04814,U0749,T08,2023-06-27,95
S04815,U1387,T03,2025-05-12,62
S04816,U2454,T08,2024-05-22,95
S04817,U0968,T07,2024-10-21,15
S04818,U1251,T08,2023-08-22,173
S04819,U0509,T09,2025-03-15,39
S04820,U1586,T05,2025-11-10,125
S04821,U0369,T09,2025-11-16,148
S04822,U2058,T05,2023-09-06,118
S04823,U0416,T08,2023-12-05,12
S04824,U1013,T02,2025-11-10,129
S04825,U2351,T01,2023-04-06,72
S04826,U1726,T02,2023-09-13,72
S04827,U1554,T03,2023-12-21,113
S04828,U1802,T02,2025-02-10,5
S04829,U2108,T05,2023-06-30,175
S04830,U1885,T04,2024-11-03,71
S04831,U2384,T02,2025-09-27,13
S04832,U1517,T09,2024-04-17,7
S04833,U2101,T03,2026-03-09,11
S04834,U0208,T01,2024-06-03,16
S04835,U1042,T07,2025-10-27,97
S04836,U2259,T06,2025-10-04,26
S04837,U1666,T05,2025-09-23,96
S04838,U0976,T07,2024-04-21,152
S04839,U1376,T07,2023-07-05,73
S04840,U2237,T09,2023-07-26,47
S04841,U0129,T08,2026-01-07,30
S04842,U2352,T05,2025-05-24,68
S04843,U1736,T06,2025-11-01,9
S04844,U2340,T07,2024-06-18,72
S04845,U1232,T06,2023-08-05,162
S04846,U2028,T05,2025-10-16,41
S04847,U0485,T07,2025-08-29,84
S04848,U0056,T09,2026-01-10,34
S04849,U1734,T05,2024-10-09,141
S04850,U2153,T08,2023-11-23,11
S04851,U1258,T06,2025-08-04,21
S04852,U1067,T03,2025-02-14,165
S04853,U0619,T01,2024-08-08,178
S04854,U0410,T10,2023-02-24,85
S04855,U0448,T06,2024-11-23,7
S04856,U1506,T09,2023-05-12,41
S04857,U0032,T08,2025-03-24,61
S04858,U0726,T06,2023-01-17,9
S04859,U1048,T08,2025-02-26,63
S04860,U0100,T07,2023-05-30,165
S04861,U0523,T03,2025-05-27,134
S04862,U0160,T01,2025-12-06,96
S04863,U0693,T06,2024-07-15,47
S04864,U1644,T10,2025-02-19,175
S04865,U1394,T01,2023-03-15,80
S04866,U2030,T07,2025-12-17,171
S04867,U1421,T02,2025-01-11,87
S04868,U2464,T07,2024-03-15,57
S04869,U2302,T06,2024-02-22,134
S04870,U0801,T09,2025-08-19,83
S04871,U2022,T08,2025-01-13,93
S04872,U2021,T03,2024-05-12,169
S04873,U0832,T08,2024-11-10,13
S04874,U2272,T09,2025-04-22,148
S04875,U1509,T01,2024-04-14,87
S04876,U0417,T07,2025-03-10,34
S04877,U0821,T01,2024-11-09,28
S04878,U0702,T04,2025-02-01,99
S04879,U0296,T02,2023-04-29,172
S04880,U0032,T05,2025-03-05,101
S04881,U1091,T03,2025-12-29,29
S04882,U1781,T06,2024-06-12,64
S04883,U1281,T06,2024-10-20,72
S04884,U1573,T01,2025-12-08,145
S04885,U1403,T01,2025-04-30,117
S04886,U2342,T02,2024-01-21,147
S04887,U2488,T09,2024-12-30,82
S04888,U0700,T04,2024-11-13,72
S04889,U0497,T07,2025-10-20,105
S04890,U1856,T06,2026-04-08,72
S04891,U1901,T09,2024-06-10,33
S04892,U1593,T04,2025-06-24,135
S04893,U2051,T10,2024-09-20,129
S04894,U1949,T03,2025-05-12,129
S04895,U2125,T09,2026-03-06,161
S04896,U0554,T07,2023-02-19,68
S04897,U1210,T01,2025-10-28,25
S04898,U2474,T06,2025-03-15,48
S04899,U1875,T03,2024-10-30,58
S04900,U0556,T05,2025-04-12,128
S04901,U2372,T06,2024-02-16,41
S04902,U0349,T01,2023-07-09,133
S04903,U2234,T07,2024-08-18,139
S04904,U1757,T03,2024-05-19,89
S04905,U1617,T08,2026-02-02,167
S04906,U0505,T08,2025-12-03,54
S04907,U2351,T07,2023-07-09,119
S04908,U0599,T08,2025-06-06,115
S04909,U2268,T02,2023-07-24,150
S04910,U1298,T06,2023-03-11,15
S04911,U2195,T07,2023-09-16,13
S04912,U0046,T06,2023-04-13,170
S04913,U1334,T04,2023-03-24,46
S04914,U0574,T07,2025-02-27,132
S04915,U1989,T10,2024-09-03,137
S04916,U1182,T05,2026-01-15,150
S04917,U2443,T03,2025-07-01,159
S04918,U0161,T05,2026-03-12,96
S04919,U1956,T01,2025-10-03,112
S04920,U1281,T04,2023-09-09,57
S04921,U2025,T08,2023-11-25,110
S04922,U2380,T10,2023-08-06,33
S04923,U0329,T02,2024-04-24,129
S04924,U2184,T06,2024-02-22,138
S04925,U0725,T03,2023-06-15,67
S04926,U0269,T05,2023-03-16,116
S04927,U1064,T07,2025-08-31,104
S04928,U0257,T09,2025-09-28,140
S04929,U1787,T06,2024-09-03,82
S04930,U2102,T08,2025-05-05,129
S04931,U0155,T06,2023-02-27,86
S04932,U1876,T10,2025-08-23,166
S04933,U1706,T05,2025-01-16,127
S04934,U2093,T02,2023-12-11,171
S04935,U1203,T07,2026-01-25,66
S04936,U0734,T08,2026-03-29,34
S04937,U1498,T10,2025-01-07,120
S04938,U1516,T08,2023-03-16,70
S04939,U1806,T03,2024-07-19,21
S04940,U0979,T01,2024-03-12,37
S04941,U1704,T02,2025-05-06,47
S04942,U0367,T07,2025-04-22,8
S04943,U0575,T03,2025-07-03,24
S04944,U0716,T07,2023-02-16,162
S04945,U1926,T01,2024-06-24,78
S04946,U0028,T01,2023-06-20,157
S04947,U1060,T02,2025-07-10,162
S04948,U0103,T06,2023-06-22,99
S04949,U1645,T08,2023-03-31,77
S04950,U1942,T03,2026-03-14,134
S04951,U1360,T02,2025-11-24,85
S04952,U0006,T05,2023-10-09,46
S04953,U1177,T05,2026-02-26,127
S04954,U2137,T01,2023-02-02,27
S04955,U0235,T02,2024-11-05,124
S04956,U0555,T09,2024-04-18,45
S04957,U0359,T03,2023-11-07,69
S04958,U0382,T09,2024-12-10,65
S04959,U0346,T02,2024-05-11,100
S04960,U1173,T04,2024-11-14,165
S04961,U1191,T02,2024-06-01,13
S04962,U0894,T07,2023-07-28,15
S04963,U1878,T04,2024-06-28,113
S04964,U0761,T09,2023-01-20,151
S04965,U1289,T03,2023-02-24,106
S04966,U0302,T06,2026-04-14,35
S04967,U2190,T01,2024-08-04,98
S04968,U0387,T02,2023-08-27,160
S04969,U0896,T09,2024-05-17,13
S04970,U0099,T02,2023-01-10,38
S04971,U0952,T02,2024-07-05,37
S04972,U1124,T02,2025-01-27,178
S04973,U1241,T01,2024-11-13,116
S04974,U2412,T06,2025-11-18,130
S04975,U2436,T06,2026-04-14,57
S04976,U2186,T05,2023-09-25,132
S04977,U1832,T10,2024-09-22,7
S04978,U1073,T10,2024-09-24,109
S04979,U1726,T07,2023-11-15,64
S04980,U2128,T10,2024-08-22,63
S04981,U0563,T01,2024-09-23,54
S04982,U1630,T06,2025-06-29,40
S04983,U0307,T05,2025-10-12,114
S04984,U1107,T10,2024-04-24,29
S04985,U2204,T08,2024-02-03,22
S04986,U2226,T08,2024-02-21,5
S04987,U0887,T07,2024-04-27,40
S04988,U0144,T05,2026-01-04,179
S04989,U0784,T05,2024-12-04,43
S04990,U1440,T01,2026-01-07,172
S04991,U1421,T03,2026-01-28,121
S04992,U1822,T02,2023-05-23,114
S04993,U0736,T06,2025-02-03,155
S04994,U2198,T08,2023-08-18,68
S04995,U0638,T04,2024-01-31,26
S04996,U0377,T08,2024-10-03,63
S04997,U1580,T07,2026-04-11,100
S04998,U1645,T01,2024-05-08,103
S04999,U0230,T03,2025-03-07,60
S05000,U0389,T06,2023-01-25,96
S05001,U0233,T03,2025-09-02,22
S05002,U0090,T02,2026-02-16,107
S05003,U2059,T01,2024-10-24,164
S05004,U2106,T05,2023-05-05,53
S05005,U2315,T01,2023-03-25,83
S05006,U1770,T03,2024-07-02,5
S05007,U0606,T05,2024-01-18,150
S05008,U1313,T09,2025-07-18,87
S05009,U2393,T09,2025-01-05,173
S05010,U0095,T10,2025-05-29,173
S05011,U0946,T08,2023-01-31,129
S05012,U1221,T05,2024-09-06,20
S05013,U1335,T03,2024-11-17,174
S05014,U1294,T05,2025-02-06,173
S05015,U0057,T03,2025-07-03,96
S05016,U1156,T04,2025-05-01,124
S05017,U0034,T05,2023-09-21,90
S05018,U1954,T01,2023-11-07,149
S05019,U1642,T06,2025-03-15,145
S05020,U1971,T04,2024-05-22,6
S05021,U2025,T09,2024-08-19,180
S05022,U1979,T02,2023-11-21,148
S05023,U0788,T08,2023-04-05,88
S05024,U0239,T07,2024-01-14,29
S05025,U0903,T08,2025-09-22,63
S05026,U0095,T06,2024-09-28,56
S05027,U0230,T01,2025-04-23,9
S05028,U1940,T03,2025-02-28,62
S05029,U1505,T06,2026-02-10,101
S05030,U0996,T08,2025-11-09,42
S05031,U0647,T06,2023-09-15,92
S05032,U2183,T10,2026-03-29,57
S05033,U1603,T06,2024-05-01,118
S05034,U0300,T07,2025-01-29,132
S05035,U0700,T06,2023-09-09,140
S05036,U1043,T04,2024-08-08,99
S05037,U0301,T03,2026-03-16,28
S05038,U1170,T05,2024-12-15,79
S05039,U1944,T06,2023-09-23,124
S05040,U2188,T07,2025-06-02,167
S05041,U2471,T01,2025-07-14,113
S05042,U0037,T05,2024-06-20,147
S05043,U2198,T02,2025-04-10,76
S05044,U0679,T09,2024-08-10,118
S05045,U1151,T09,2023-06-30,5
S05046,U0065,T02,2024-07-05,173
S05047,U1971,T07,2026-04-09,47
S05048,U2355,T08,2024-01-25,84
S05049,U1352,T07,2023-10-22,23
S05050,U1379,T06,2023-11-29,100
S05051,U1430,T01,2026-02-13,135
S05052,U1928,T01,2025-06-21,86
S05053,U1292,T04,2025-03-07,36
S05054,U1087,T08,2026-04-13,58
S05055,U2492,T02,2024-04-17,17
S05056,U0066,T06,2023-01-23,134
S05057,U1438,T10,2023-03-30,80
S05058,U0979,T01,2026-02-10,100
S05059,U1874,T09,2024-05-24,169
S05060,U0291,T02,2026-04-10,24
S05061,U1839,T03,2023-06-04,79
S05062,U0606,T04,2024-03-01,60
S05063,U1805,T06,2025-10-01,156
S05064,U1507,T02,2024-10-21,173
S05065,U1909,T10,2023-07-30,146
S05066,U0825,T01,2026-02-22,25
S05067,U1819,T02,2026-04-11,27
S05068,U1732,T07,2024-11-16,138
S05069,U2289,T07,2023-05-07,28
S05070,U0805,T10,2024-09-12,53
S05071,U1185,T09,2024-05-02,27
S05072,U0227,T05,2025-09-08,89
S05073,U2431,T02,2023-04-15,8
S05074,U0060,T01,2026-02-13,8
S05075,U1414,T09,2025-10-01,135
S05076,U1529,T04,2025-04-10,161
S05077,U1753,T08,2023-11-09,95
S05078,U1798,T07,2024-02-20,9
S05079,U1767,T02,2025-04-15,83
S05080,U0734,T06,2023-05-12,24
S05081,U2266,T10,2023-02-02,169
S05082,U0027,T04,2023-06-06,80
S05083,U2476,T06,2023-12-14,153
S05084,U1363,T01,2023-10-19,61
S05085,U1359,T06,2023-01-11,146
S05086,U2293,T01,2024-11-05,116
S05087,U1340,T06,2023-07-10,154
S05088,U2423,T03,2025-09-17,24
S05089,U1880,T03,2023-03-24,163
S05090,U0362,T02,2024-02-18,43
S05091,U0932,T04,2024-08-29,157
S05092,U1212,T06,2023-11-14,43
S05093,U1030,T06,2023-02-11,19
S05094,U1818,T03,2023-04-12,107
S05095,U2192,T01,2024-07-17,127
S05096,U2370,T02,2023-07-14,44
S05097,U1408,T10,2024-07-21,176
S05098,U1060,T02,2023-04-07,92
S05099,U2471,T02,2023-08-25,142
S05100,U1423,T09,2025-05-17,39
S05101,U1510,T09,2023-01-01,121
S05102,U1775,T09,2023-10-22,72
S05103,U0256,T08,2023-12-14,21
S05104,U2219,T05,2023-10-26,59
S05105,U0609,T01,2023-10-24,135
S05106,U1860,T07,2024-01-08,134
S05107,U1639,T06,2023-12-14,29
S05108,U2021,T09,2023-03-19,10
S05109,U1646,T10,2024-08-26,167
S05110,U0483,T03,2024-07-06,27
S05111,U0031,T02,2024-10-18,107
S05112,U0217,T05,2024-06-06,44
S05113,U1540,T02,2026-02-10,126
S05114,U1226,T08,2023-10-20,59
S05115,U2092,T04,2024-10-25,57
S05116,U1440,T07,2023-08-28,122
S05117,U1943,T04,2024-04-10,136
S05118,U0563,T06,2025-07-11,63
S05119,U2043,T01,2024-12-26,155
S05120,U2247,T09,2026-01-17,19
S05121,U1147,T06,2024-09-17,131
S05122,U2056,T10,2025-01-10,165
S05123,U2148,T03,2023-11-09,168
S05124,U1157,T10,2025-08-28,145
S05125,U1374,T03,2025-01-28,54
S05126,U0130,T06,2026-04-15,139
S05127,U2339,T03,2023-08-17,165
S05128,U1923,T04,2023-01-11,34
S05129,U2452,T05,2025-12-05,92
S05130,U0561,T10,2024-06-20,161
S05131,U0136,T08,2024-10-17,137
S05132,U2409,T02,2024-01-28,20
S05133,U0890,T05,2024-06-17,72
S05134,U0787,T02,2024-11-17,127
S05135,U2329,T07,2023-07-05,104
S05136,U0650,T06,2024-03-18,98
S05137,U0364,T06,2024-01-06,106
S05138,U1861,T01,2024-11-10,67
S05139,U1080,T07,2023-06-03,47
S05140,U1585,T06,2023-07-06,10
S05141,U2431,T08,2024-04-12,21
S05142,U0103,T07,2023-01-08,26
S05143,U2413,T07,2025-05-28,156
S05144,U2025,T07,2024-11-25,159
S05145,U1543,T09,2025-04-09,161
S05146,U1010,T05,2023-02-15,147
S05147,U2446,T05,2026-02-28,26
S05148,U2486,T06,2024-11-01,76
S05149,U0758,T01,2023-08-05,146
S05150,U2347,T01,2024-07-17,99
S05151,U0932,T06,2023-08-13,125
S05152,U0908,T06,2023-09-15,137
S05153,U2030,T09,2024-11-27,37
S05154,U2018,T05,2025-05-30,125
S05155,U2495,T07,2023-03-29,124
S05156,U1645,T08,2023-08-19,129
S05157,U2274,T07,2025-11-13,16
S05158,U1109,T08,2025-07-19,5
S05159,U1936,T07,2025-03-15,151
S05160,U2112,T07,2023-03-22,178
S05161,U2288,T03,2024-09-07,44
S05162,U0456,T01,2023-10-13,178
S05163,U1199,T05,2026-01-28,165
S05164,U1785,T08,2023-03-11,17
S05165,U0679,T03,2023-07-07,156
S05166,U1916,T04,2023-12-25,49
S05167,U0496,T04,2024-12-19,127
S05168,U1506,T10,2025-11-29,89
S05169,U1601,T06,2023-02-26,178
S05170,U1594,T07,2025-06-09,116
S05171,U0953,T07,2024-04-29,52
S05172,U0446,T06,2023-01-22,143
S05173,U1621,T01,2025-12-29,87
S05174,U2142,T09,2025-04-08,69
S05175,U1755,T01,2026-04-02,174
S05176,U1409,T09,2023-01-03,9
S05177,U1860,T05,2025-02-13,50
S05178,U0888,T01,2024-08-20,25
S05179,U0766,T03,2025-11-17,155
S05180,U0706,T06,2024-11-05,87
S05181,U1602,T03,2023-01-25,166
S05182,U0668,T01,2025-12-26,91
S05183,U2201,T07,2026-03-08,166
S05184,U0455,T04,2023-12-07,72
S05185,U0152,T08,2023-08-28,67
S05186,U2204,T04,2024-01-04,12
S05187,U0103,T05,2025-01-29,134
S05188,U1210,T01,2024-05-04,173
S05189,U0271,T01,2024-06-19,175
S05190,U1247,T07,2025-11-06,114
S05191,U2444,T01,2024-03-10,63
S05192,U1686,T04,2024-09-07,38
S05193,U0761,T03,2023-06-10,10
S05194,U2298,T03,2025-06-10,129
S05195,U1859,T09,2023-10-17,133
S05196,U0395,T06,2023-01-22,106
S05197,U0447,T10,2023-09-28,61
S05198,U0835,T07,2024-05-31,19
S05199,U1551,T06,2024-04-14,132
S05200,U1640,T09,2026-01-05,112
S05201,U1771,T06,2024-03-09,120
S05202,U1554,T05,2025-12-03,37
S05203,U0180,T08,2023-01-02,105
S05204,U1468,T09,2025-11-26,24
S05205,U0651,T04,2023-01-08,5
S05206,U1556,T08,2023-12-17,22
S05207,U0628,T06,2025-04-06,15
S05208,U1860,T02,2024-02-04,36
S05209,U2263,T08,2025-01-16,76
S05210,U2073,T02,2025-11-25,28
S05211,U0835,T01,2025-08-13,65
S05212,U0444,T03,2024-08-06,142
S05213,U1230,T03,2023-02-13,39
S05214,U1835,T07,2025-02-17,29
S05215,U0251,T09,2025-02-22,116
S05216,U2440,T02,2023-06-19,17
S05217,U1786,T04,2024-08-12,11
S05218,U2377,T04,2024-12-29,126
S05219,U2095,T04,2025-03-11,79
S05220,U0171,T03,2023-05-16,158
S05221,U0510,T07,2023-05-30,91
S05222,U0282,T10,2024-02-02,143
S05223,U1029,T04,2025-01-03,84
S05224,U2456,T07,2024-09-27,54
S05225,U2101,T09,2025-04-06,39
S05226,U1983,T09,2026-04-06,100
S05227,U1936,T08,2026-03-28,134
S05228,U2462,T08,2025-04-21,89
S05229,U1336,T05,2023-08-06,36
S05230,U1196,T03,2023-02-04,141
S05231,U1386,T05,2024-08-13,123
S05232,U0056,T05,2023-02-23,95
S05233,U1276,T02,2023-09-01,35
S05234,U2124,T01,2026-02-09,78
S05235,U0579,T03,2023-03-29,178
S05236,U0078,T05,2023-05-19,62
S05237,U1590,T02,2025-08-02,85
S05238,U1052,T01,2023-03-24,30
S05239,U2225,T04,2023-12-24,116
S05240,U2302,T02,2023-08-19,128
S05241,U2210,T02,2025-10-01,51
S05242,U0392,T01,2025-05-19,85
S05243,U2341,T03,2023-11-24,167
S05244,U0721,T10,2024-05-27,136
S05245,U1203,T02,2023-04-21,163
S05246,U2123,T03,2023-11-06,101
S05247,U1451,T02,2025-07-28,30
S05248,U2494,T04,2024-12-14,127
S05249,U1889,T09,2023-04-28,102
S05250,U2212,T08,2025-06-11,100
S05251,U1203,T10,2023-12-31,122
S05252,U2218,T03,2025-10-29,112
S05253,U1986,T06,2024-06-15,27
S05254,U1199,T09,2023-06-03,128
S05255,U0322,T10,2024-01-03,166
S05256,U1646,T02,2025-10-08,152
S05257,U1344,T06,2026-04-08,17
S05258,U1752,T08,2025-11-17,154
S05259,U2119,T07,2024-12-23,106
S05260,U1599,T03,2024-12-25,84
S05261,U1584,T10,2026-02-08,126
S05262,U0739,T08,2026-04-11,121
S05263,U2371,T04,2025-11-15,84
S05264,U1213,T08,2025-09-18,145
S05265,U0528,T08,2024-03-21,107
S05266,U1347,T05,2023-12-19,13
S05267,U1858,T06,2024-09-19,94
S05268,U0892,T09,2025-08-07,76
S05269,U0093,T06,2024-03-15,127
S05270,U1819,T03,2023-10-22,30
S05271,U1344,T02,2024-12-13,164
S05272,U2246,T06,2025-12-30,33
S05273,U1032,T06,2023-10-06,141
S05274,U1487,T03,2024-12-25,43
S05275,U0884,T06,2023-05-07,81
S05276,U1473,T09,2023-03-01,96
S05277,U1437,T10,2025-01-15,67
S05278,U2488,T04,2025-08-30,76
S05279,U0527,T10,2023-01-14,65
S05280,U0819,T10,2024-02-10,55
S05281,U1603,T10,2023-05-21,153
S05282,U0030,T04,2023-06-18,114
S05283,U0231,T08,2025-12-14,59
S05284,U0279,T09,2025-03-13,141
S05285,U1265,T06,2023-05-30,60
S05286,U2306,T01,2023-11-04,158
S05287,U1484,T07,2023-07-28,136
S05288,U1863,T02,2023-10-12,46
S05289,U2145,T01,2025-05-06,102
S05290,U1954,T03,2025-07-24,155
S05291,U0412,T10,2024-12-01,63
S05292,U2402,T02,2025-11-04,13
S05293,U1073,T02,2025-05-21,129
S05294,U0615,T01,2024-08-09,154
S05295,U1952,T09,2024-03-15,117
S05296,U0111,T05,2023-04-22,37
S05297,U0033,T05,2025-04-20,149
S05298,U0693,T03,2023-04-23,55
S05299,U0360,T03,2024-01-07,44
S05300,U1352,T08,2026-02-05,136
S05301,U1450,T08,2025-11-08,123
S05302,U0915,T10,2024-10-05,132
S05303,U2226,T09,2025-03-06,71
S05304,U0597,T10,2025-06-28,179
S05305,U1122,T09,2025-01-30,163
S05306,U2088,T05,2025-12-09,94
S05307,U1770,T03,2025-11-25,16
S05308,U1237,T08,2023-03-27,119
S05309,U2369,T02,2023-09-28,144
S05310,U0741,T03,2025-03-19,178
S05311,U1018,T09,2025-03-04,159
S05312,U0963,T05,2026-01-15,64
S05313,U0724,T03,2026-01-30,109
S05314,U0142,T07,2023-01-09,54
S05315,U2247,T08,2024-07-06,34
S05316,U1469,T10,2023-11-18,171
S05317,U1140,T03,2026-02-23,47
S05318,U1169,T09,2025-11-30,130
S05319,U1216,T05,2024-02-29,99
S05320,U2325,T09,2025-10-03,72
S05321,U2091,T05,2023-11-28,52
S05322,U1911,T03,2024-02-05,46
S05323,U0584,T04,2023-03-07,40
S05324,U1987,T08,2023-06-15,108
S05325,U2254,T10,2023-03-26,159
S05326,U0025,T08,2025-08-05,32
S05327,U1866,T07,2026-04-08,119
S05328,U1313,T06,2023-03-08,29
S05329,U0346,T05,2025-02-03,13
S05330,U2314,T05,2024-06-25,68
S05331,U1503,T04,2025-03-29,59
S05332,U0673,T02,2023-04-10,166
S05333,U1813,T03,2023-02-03,40
S05334,U0111,T08,2026-02-24,7
S05335,U0190,T08,2025-12-05,141
S05336,U1022,T04,2024-06-12,85
S05337,U1720,T09,2024-04-19,10
S05338,U1315,T09,2025-08-01,80
S05339,U1788,T04,2024-08-23,54
S05340,U1583,T03,2024-01-23,7
S05341,U0457,T02,2024-09-09,114
S05342,U0744,T07,2025-06-11,60
S05343,U0699,T09,2025-11-13,114
S05344,U1742,T10,2024-09-15,156
S05345,U2317,T06,2023-05-30,57
S05346,U1592,T10,2025-07-06,58
S05347,U2100,T02,2024-11-10,60
S05348,U1441,T01,2025-08-06,177
S05349,U1405,T02,2023-04-14,125
S05350,U1229,T06,2026-01-14,16
S05351,U2355,T02,2024-12-17,114
S05352,U2287,T10,2025-11-20,136
S05353,U1481,T04,2024-09-06,170
S05354,U2483,T07,2024-03-03,64
S05355,U1178,T07,2023-10-01,133
S05356,U2158,T06,2024-08-23,92
S05357,U0672,T10,2024-07-18,79
S05358,U1765,T03,2025-11-09,22
S05359,U0380,T10,2023-08-07,11
S05360,U0216,T08,2024-11-07,176
S05361,U1140,T03,2024-05-25,147
S05362,U0333,T08,2023-09-25,69
S05363,U0159,T02,2023-07-07,90
S05364,U1029,T10,2026-03-31,126
S05365,U2460,T07,2023-08-02,15
S05366,U1359,T09,2023-09-17,154
S05367,U1867,T06,2025-02-03,160
S05368,U1903,T01,2024-10-31,178
S05369,U1532,T05,2025-10-12,53
S05370,U1088,T03,2024-09-02,125
S05371,U0137,T05,2023-08-24,58
S05372,U1860,T08,2023-03-28,22
S05373,U0775,T05,2025-04-25,73
S05374,U0907,T01,2025-09-29,56
S05375,U0481,T02,2025-12-08,149
S05376,U1834,T07,2024-10-01,27
S05377,U0382,T08,2024-12-28,8
S05378,U1444,T04,2026-03-14,86
S05379,U1405,T07,2023-08-01,167
S05380,U0920,T05,2024-12-11,35
S05381,U0093,T10,2023-12-01,128
S05382,U0562,T06,2025-07-20,147
S05383,U2178,T03,2024-11-16,127
S05384,U1921,T08,2025-05-02,117
S05385,U1246,T03,2025-05-02,52
S05386,U1781,T06,2024-12-14,41
S05387,U1386,T03,2023-02-02,29
S05388,U1730,T06,2023-02-08,135
S05389,U1996,T08,2024-07-11,53
S05390,U0837,T01,2024-01-21,88
S05391,U2242,T10,2025-08-24,138
S05392,U0975,T01,2024-07-03,72
S05393,U1544,T01,2023-09-24,96
S05394,U2002,T07,2023-09-27,150
S05395,U2143,T07,2023-01-10,58
S05396,U1175,T06,2025-07-10,151
S05397,U2185,T05,2023-03-03,50
S05398,U2463,T06,2023-11-07,47
S05399,U2333,T10,2024-11-23,68
S05400,U1092,T10,2024-10-10,77
S05401,U1561,T09,2024-09-12,70
S05402,U0112,T08,2024-12-23,64
S05403,U1138,T03,2025-06-07,174
S05404,U2340,T06,2024-11-30,106
S05405,U0742,T07,2024-07-17,76
S05406,U1033,T06,2024-08-08,178
S05407,U0555,T08,2025-12-30,167
S05408,U2414,T06,2025-01-23,36
S05409,U0301,T05,2024-03-11,121
S05410,U0773,T07,2025-07-07,102
S05411,U1879,T07,2023-01-23,138
S05412,U1018,T01,2025-06-05,163
S05413,U1968,T07,2025-08-06,177
S05414,U1180,T08,2024-10-12,178
S05415,U1397,T08,2024-01-23,123
S05416,U0129,T01,2023-02-24,68
S05417,U2140,T01,2023-12-03,61
S05418,U0493,T04,2023-10-19,79
S05419,U2476,T06,2025-02-01,95
S05420,U2079,T04,2025-09-10,96
S05421,U0887,T03,2024-03-13,79
S05422,U0983,T03,2023-03-19,140
S05423,U1511,T05,2023-09-09,38
S05424,U0332,T07,2024-04-05,139
S05425,U1035,T09,2023-06-22,9
S05426,U0051,T09,2024-03-07,21
S05427,U2216,T09,2025-06-29,21
S05428,U1259,T07,2024-02-09,157
S05429,U0940,T05,2023-11-24,22
S05430,U2065,T10,2026-03-24,167
S05431,U2248,T06,2023-06-09,29
S05432,U1850,T05,2025-10-05,93
S05433,U1494,T08,2023-10-17,79
S05434,U2497,T08,2025-05-08,151
S05435,U2130,T03,2023-08-06,127
S05436,U1775,T02,2024-06-28,57
S05437,U1470,T05,2024-07-29,160
S05438,U1971,T03,2024-09-19,5
S05439,U1808,T05,2025-03-07,156
S05440,U0749,T08,2025-10-08,42
S05441,U1104,T03,2023-06-27,116
S05442,U1977,T03,2026-02-06,82
S05443,U2397,T05,2025-01-19,104
S05444,U0305,T01,2024-06-08,92
S05445,U0182,T07,2026-02-10,75
S05446,U1768,T03,2025-03-18,7
S05447,U1284,T10,2026-02-19,162
S05448,U1735,T10,2023-06-25,90
S05449,U1909,T09,2024-11-11,130
S05450,U0984,T08,2024-02-17,149
S05451,U0750,T07,2023-09-08,136
S05452,U0507,T05,2025-08-24,145
S05453,U0277,T04,2025-09-28,108
S05454,U2200,T08,2023-09-21,152
S05455,U1075,T06,2025-04-04,157
S05456,U2113,T07,2023-01-12,72
S05457,U1742,T05,2024-01-16,63
S05458,U1538,T03,2026-01-11,135
S05459,U1130,T02,2025-02-28,96
S05460,U2301,T05,2023-12-23,56
S05461,U1641,T01,2025-06-04,110
S05462,U0340,T10,2024-09-24,46
S05463,U1759,T02,2023-02-01,100
S05464,U0293,T01,2024-03-10,12
S05465,U1033,T02,2026-01-03,91
S05466,U0093,T03,2025-11-05,53
S05467,U2261,T01,2024-02-05,65
S05468,U1667,T08,2025-12-05,140
S05469,U2274,T09,2025-07-09,89
S05470,U1611,T02,2024-10-01,127
S05471,U0091,T02,2025-02-04,155
S05472,U1032,T07,2025-05-15,86
S05473,U1787,T08,2023-08-15,131
S05474,U1589,T10,2025-07-07,103
S05475,U2043,T02,2024-02-22,88
S05476,U2089,T07,2025-07-06,62
S05477,U1906,T10,2024-08-15,115
S05478,U0714,T02,2023-07-11,10
S05479,U0246,T05,2025-07-15,37
S05480,U1808,T07,2024-10-04,67
S05481,U0335,T02,2024-10-03,18
S05482,U1908,T05,2023-03-06,133
S05483,U0395,T02,2024-03-10,109
S05484,U1779,T04,2025-04-14,86
S05485,U0313,T01,2023-04-13,154
S05486,U1907,T08,2026-01-12,32
S05487,U1047,T01,2024-10-31,32
S05488,U0022,T05,2024-03-01,61
S05489,U0622,T04,2025-02-19,43
S05490,U0859,T07,2024-09-29,78
S05491,U1493,T08,2025-12-03,8
S05492,U0541,T02,2025-02-19,146
S05493,U1568,T04,2025-02-14,179
S05494,U1211,T03,2023-01-21,20
S05495,U1764,T02,2024-10-03,91
S05496,U1667,T06,2025-03-14,58
S05497,U0892,T07,2023-11-23,22
S05498,U0669,T06,2026-03-08,9
S05499,U0236,T01,2023-02-01,93
S05500,U2426,T10,2025-10-27,14
S05501,U1567,T07,2026-03-20,138
S05502,U1658,T10,2025-11-17,109
S05503,U1871,T03,2023-04-18,37
S05504,U0122,T06,2025-05-16,54
S05505,U0573,T08,2024-02-11,114
S05506,U0961,T04,2023-12-04,103
S05507,U2224,T10,2026-01-01,165
S05508,U0095,T01,2023-10-15,170
S05509,U0592,T08,2023-04-18,179
S05510,U1317,T03,2023-12-02,112
S05511,U1917,T08,2023-02-15,71
S05512,U0842,T08,2025-06-02,135
S05513,U0979,T06,2024-03-27,83
S05514,U0396,T05,2024-01-13,11
S05515,U1712,T01,2023-10-26,112
S05516,U0538,T07,2023-12-15,119
S05517,U2271,T05,2024-11-07,179
S05518,U2313,T02,2025-05-15,141
S05519,U2500,T09,2025-01-19,143
S05520,U0786,T04,2025-06-16,164
S05521,U0127,T08,2026-02-19,94
S05522,U1641,T06,2024-02-28,46
S05523,U2230,T03,2023-09-08,174
S05524,U0062,T01,2023-06-29,96
S05525,U1620,T04,2025-06-04,74
S05526,U1228,T03,2024-07-27,134
S05527,U0484,T05,2024-09-23,170
S05528,U0861,T10,2024-05-01,157
S05529,U1209,T05,2024-06-03,164
S05530,U1563,T02,2023-12-21,72
S05531,U1180,T06,2024-06-13,102
S05532,U0963,T03,2026-02-02,19
S05533,U2341,T06,2025-08-03,180
S05534,U2340,T08,2023-10-07,118
S05535,U0757,T02,2024-11-28,166
S05536,U2432,T01,2025-12-14,54
S05537,U2322,T01,2023-06-22,39
S05538,U0864,T02,2025-12-06,18
S05539,U0469,T05,2024-06-20,98
S05540,U1873,T10,2025-10-13,92
S05541,U1055,T06,2023-09-04,21
S05542,U1318,T08,2023-01-15,6
S05543,U0800,T09,2023-06-18,52
S05544,U1260,T10,2025-02-05,51
S05545,U2261,T08,2025-01-03,146
S05546,U0943,T04,2024-07-03,38
S05547,U2490,T02,2025-07-09,12
S05548,U1410,T04,2025-10-18,147
S05549,U0940,T01,2023-05-13,26
S05550,U1171,T05,2023-12-31,78
S05551,U0206,T07,2024-06-20,115
S05552,U1089,T04,2025-03-01,43
S05553,U0404,T02,2024-02-20,74
S05554,U0869,T10,2023-01-17,166
S05555,U1099,T05,2025-03-01,169
S05556,U1855,T02,2026-02-19,72
S05557,U2343,T01,2023-12-22,161
S05558,U0498,T01,2023-10-15,25
S05559,U1136,T04,2023-02-02,134
S05560,U1268,T06,2026-01-07,174
S05561,U2303,T06,2023-03-01,83
S05562,U1445,T04,2025-04-07,70
S05563,U0110,T10,2024-11-05,28
S05564,U2431,T01,2025-10-20,146
S05565,U1719,T09,2023-10-17,116
S05566,U1479,T05,2023-06-14,136
S05567,U1030,T09,2024-11-17,109
S05568,U1315,T10,2025-06-28,23
S05569,U1086,T01,2023-09-26,166
S05570,U0998,T09,2023-02-08,135
S05571,U0958,T01,2023-01-09,120
S05572,U2470,T09,2024-01-22,72
S05573,U1729,T01,2024-07-04,32
S05574,U0928,T04,2023-07-03,64
S05575,U0894,T10,2026-02-28,123
S05576,U1566,T03,2024-03-02,129
S05577,U1092,T09,2023-12-18,129
S05578,U0439,T10,2025-12-01,95
S05579,U0012,T07,2024-12-24,60
S05580,U0558,T04,2024-06-03,20
S05581,U1238,T06,2025-06-09,26
S05582,U1123,T09,2025-10-06,49
S05583,U0555,T09,2023-02-16,75
S05584,U1902,T01,2025-02-25,124
S05585,U0876,T07,2024-07-13,41
S05586,U0136,T01,2024-05-06,34
S05587,U1993,T03,2026-02-07,115
S05588,U2176,T07,2023-02-09,5
S05589,U0181,T05,2023-02-08,123
S05590,U2278,T04,2023-01-07,132
S05591,U0069,T10,2025-11-16,9
S05592,U0233,T03,2025-11-27,113
S05593,U0198,T07,2024-03-18,162
S05594,U0656,T10,2024-09-24,51
S05595,U2418,T06,2023-10-20,167
S05596,U2122,T08,2024-01-20,65
S05597,U0659,T08,2024-12-17,122
S05598,U0006,T05,2024-05-01,8
S05599,U1065,T06,2025-11-30,153
S05600,U0662,T06,2025-08-06,63
S05601,U0939,T04,2024-02-16,98
S05602,U0789,T05,2024-04-23,112
S05603,U0045,T02,2023-09-06,172
S05604,U0316,T04,2023-05-19,115
S05605,U2373,T09,2025-08-13,60
S05606,U1364,T09,2025-12-28,68
S05607,U2095,T06,2025-01-15,104
S05608,U2043,T01,2026-03-29,143
S05609,U0302,T03,2025-04-14,39
S05610,U1733,T02,2025-12-15,35
S05611,U2266,T01,2023-12-12,45
S05612,U2456,T05,2023-11-06,128
S05613,U0299,T01,2023-04-13,156
S05614,U0527,T07,2026-04-08,5
S05615,U0415,T05,2026-01-21,67
S05616,U2299,T06,2025-08-09,146
S05617,U0421,T04,2025-08-04,95
S05618,U1396,T08,2025-09-21,21
S05619,U1078,T10,2024-11-05,138
S05620,U0657,T01,2026-03-01,129
S05621,U1583,T01,2023-04-06,32
S05622,U2493,T02,2025-04-01,67
S05623,U1543,T07,2024-03-20,125
S05624,U1169,T03,2024-05-22,98
S05625,U1784,T07,2025-12-17,175
S05626,U0953,T03,2025-05-14,15
S05627,U0778,T05,2023-03-04,104
S05628,U0764,T06,2025-08-11,148
S05629,U1948,T01,2023-08-18,79
S05630,U0890,T07,2023-06-03,57
S05631,U0532,T05,2023-08-06,110
S05632,U1794,T02,2023-06-09,29
S05633,U0898,T05,2023-03-03,134
S05634,U1113,T10,2023-09-26,128
S05635,U1104,T10,2023-05-13,127
S05636,U2073,T06,2024-05-20,152
S05637,U2116,T08,2023-01-03,76
S05638,U2324,T01,2023-04-16,5
S05639,U2288,T02,2024-05-09,38
S05640,U1798,T04,2024-04-21,58
S05641,U0442,T08,2024-01-10,62
S05642,U1583,T05,2024-11-08,55
S05643,U2312,T02,2024-11-09,174
S05644,U1134,T07,2023-02-26,73
S05645,U0448,T05,2025-04-20,116
S05646,U2134,T07,2025-10-23,145
S05647,U1113,T04,2025-01-24,129
S05648,U1285,T05,2024-02-22,88
S05649,U0230,T01,2025-05-19,41
S05650,U2237,T04,2025-03-17,130
S05651,U1440,T07,2026-03-29,12
S05652,U2254,T10,2023-05-20,85
S05653,U1393,T06,2025-03-19,9
S05654,U0651,T09,2025-09-29,57
S05655,U2354,T06,2026-03-02,47
S05656,U0865,T09,2026-02-23,117
S05657,U1747,T01,2026-01-23,107
S05658,U2470,T01,2026-04-10,41
S05659,U1514,T04,2023-08-25,75
S05660,U1709,T04,2024-06-13,14
S05661,U0440,T01,2024-11-11,180
S05662,U2056,T07,2023-12-08,26
S05663,U2176,T07,2026-01-07,39
S05664,U0688,T02,2023-11-22,118
S05665,U0970,T06,2024-12-18,86
S05666,U1562,T04,2023-12-15,19
S05667,U1354,T08,2025-04-13,139
S05668,U0926,T04,2024-08-01,20
S05669,U0404,T07,2023-08-10,138
S05670,U0303,T08,2024-04-13,86
S05671,U0162,T08,2025-09-05,160
S05672,U2387,T02,2023-07-24,155
S05673,U1184,T10,2025-10-09,143
S05674,U0215,T07,2023-09-12,171
S05675,U0661,T07,2024-12-15,6
S05676,U2030,T05,2024-09-13,84
S05677,U1599,T02,2024-05-09,31
S05678,U1895,T04,2024-05-31,5
S05679,U2334,T04,2024-12-25,29
S05680,U0951,T08,2024-03-07,133
S05681,U1517,T01,2026-03-05,53
S05682,U1099,T03,2023-05-31,29
S05683,U2170,T04,2024-04-28,105
S05684,U1909,T08,2023-12-04,90
S05685,U2408,T07,2024-08-16,49
S05686,U1137,T05,2024-05-30,159
S05687,U0677,T03,2024-01-19,125
S05688,U0688,T02,2026-02-28,30
S05689,U2082,T10,2026-02-15,6
S05690,U1062,T10,2025-01-01,177
S05691,U0689,T01,2023-07-24,44
S05692,U0837,T06,2025-08-01,178
S05693,U1417,T07,2023-05-09,43
S05694,U1035,T02,2025-01-25,78
S05695,U2297,T02,2024-05-18,139
S05696,U0053,T02,2024-10-12,7
S05697,U1696,T04,2023-04-06,43
S05698,U2206,T07,2025-02-17,171
S05699,U0887,T07,2026-03-17,168
S05700,U0517,T02,2023-09-30,8
S05701,U2277,T01,2023-07-15,169
S05702,U0455,T09,2023-02-18,95
S05703,U0901,T02,2023-01-07,132
S05704,U2494,T02,2024-06-30,55
S05705,U2327,T06,2023-04-10,25
S05706,U0696,T10,2024-10-25,29
S05707,U2449,T04,2024-06-15,158
S05708,U2443,T06,2024-12-15,112
S05709,U0757,T01,2023-02-09,73
S05710,U2121,T09,2024-05-29,158
S05711,U0610,T10,2025-02-03,26
S05712,U1696,T04,2024-10-12,160
S05713,U2033,T10,2024-09-26,114
S05714,U1172,T05,2023-05-30,113
S05715,U0802,T01,2024-03-29,67
S05716,U0082,T08,2023-02-05,55
S05717,U1590,T03,2025-08-12,25
S05718,U1242,T01,2025-01-12,11
S05719,U2351,T07,2024-12-19,176
S05720,U2285,T08,2024-06-19,9
S05721,U1659,T06,2025-03-08,73
S05722,U2194,T04,2024-07-05,105
S05723,U0632,T03,2023-05-09,113
S05724,U1827,T04,2023-10-30,11
S05725,U0003,T09,2024-09-13,52
S05726,U2332,T10,2026-04-10,15
S05727,U0123,T04,2025-12-01,72
S05728,U0480,T06,2025-01-21,48
S05729,U0068,T07,2025-12-14,180
S05730,U0101,T03,2023-01-07,46
S05731,U2314,T05,2024-10-26,111
S05732,U1250,T10,2025-12-31,51
S05733,U1320,T10,2024-02-12,129
S05734,U0859,T07,2024-09-28,157
S05735,U1228,T04,2024-12-17,20
S05736,U2107,T01,2025-01-20,73
S05737,U0672,T01,2024-03-30,67
S05738,U0103,T04,2025-05-07,135
S05739,U0049,T02,2025-02-25,32
S05740,U1317,T04,2023-03-19,144
S05741,U0630,T04,2025-08-16,67
S05742,U0611,T05,2025-09-24,42
S05743,U0225,T09,2026-01-13,71
S05744,U1808,T05,2026-04-09,140
S05745,U2245,T01,2025-05-24,167
S05746,U1117,T10,2024-01-22,84
S05747,U1395,T06,2024-05-18,82
S05748,U0553,T03,2024-03-20,15
S05749,U2124,T02,2024-08-30,23
S05750,U2359,T06,2023-07-27,24
S05751,U1003,T03,2023-10-01,54
S05752,U0347,T10,2024-06-27,161
S05753,U2059,T06,2025-04-25,159
S05754,U2239,T07,2024-11-12,55
S05755,U0245,T01,2025-07-12,10
S05756,U2330,T01,2024-12-18,16
S05757,U1863,T08,2023-11-29,178
S05758,U1374,T07,2024-12-19,168
S05759,U0913,T09,2023-12-02,148
S05760,U1595,T06,2024-08-11,145
S05761,U1740,T10,2023-04-08,32
S05762,U1127,T02,2026-03-17,128
S05763,U0214,T02,2024-09-16,68
S05764,U2137,T03,2024-03-25,145
S05765,U1692,T02,2026-01-06,73
S05766,U0177,T03,2023-08-19,86
S05767,U0631,T01,2025-02-08,55
S05768,U1686,T10,2024-03-27,19
S05769,U0354,T02,2023-04-25,20
S05770,U0039,T08,2023-08-02,99
S05771,U0858,T06,2026-01-17,46
S05772,U0311,T10,2024-08-20,17
S05773,U0600,T02,2025-04-24,49
S05774,U1095,T07,2023-02-08,152
S05775,U1019,T05,2023-11-12,179
S05776,U1746,T08,2025-09-29,14
S05777,U1880,T09,2026-02-04,48
S05778,U1678,T05,2024-12-08,68
S05779,U0542,T09,2023-09-05,82
S05780,U0061,T05,2026-01-09,155
S05781,U2175,T07,2024-03-10,27
S05782,U2424,T01,2025-06-30,111
S05783,U0333,T07,2024-06-19,159
S05784,U0183,T06,2025-09-26,64
S05785,U1642,T02,2024-01-27,144
S05786,U0838,T07,2026-02-10,13
S05787,U0979,T07,2025-09-12,163
S05788,U0648,T05,2023-06-15,84
S05789,U0880,T09,2023-06-25,52
S05790,U1212,T09,2024-12-03,125
S05791,U1699,T02,2024-10-20,40
S05792,U0003,T08,2024-07-30,81
S05793,U1428,T06,2023-05-04,147
S05794,U0501,T01,2026-04-15,172
S05795,U1529,T05,2025-01-06,178
S05796,U1377,T03,2024-08-10,169
S05797,U0467,T03,2024-10-19,40
S05798,U2195,T03,2023-01-12,121
S05799,U2285,T09,2023-04-27,104
S05800,U0103,T06,2023-08-19,119
S05801,U0616,T08,2024-09-09,114
S05802,U0017,T02,2023-10-22,88
S05803,U1983,T05,2024-10-05,161
S05804,U1615,T08,2024-02-18,157
S05805,U0924,T04,2023-11-07,46
S05806,U1912,T01,2025-05-13,83
S05807,U1147,T04,2024-10-26,123
S05808,U1771,T05,2024-05-11,131
S05809,U0917,T10,2025-05-09,103
S05810,U1043,T06,2025-03-06,28
S05811,U0078,T05,2023-06-23,89
S05812,U0840,T02,2025-09-20,176
S05813,U0430,T07,2023-12-19,89
S05814,U1696,T10,2025-10-10,96
S05815,U1382,T09,2025-01-10,104
S05816,U0762,T10,2024-12-08,52
S05817,U2305,T03,2023-04-30,159
S05818,U0109,T01,2026-01-15,55
S05819,U1387,T04,2026-04-03,70
S05820,U1098,T07,2024-12-29,161
S05821,U1743,T08,2026-03-10,36
S05822,U0579,T04,2024-09-22,172
S05823,U0720,T09,2023-04-05,179
S05824,U0934,T02,2023-12-21,94
S05825,U0958,T10,2026-01-28,54
S05826,U2296,T02,2025-03-04,89
S05827,U2297,T10,2025-08-04,174
S05828,U2160,T10,2024-07-04,121
S05829,U0504,T05,2025-12-26,42
S05830,U1401,T02,2026-03-25,17
S05831,U2256,T06,2025-07-08,15
S05832,U2050,T01,2025-08-06,162
S05833,U1712,T06,2025-11-06,104
S05834,U1456,T04,2025-04-11,162
S05835,U0199,T09,2024-09-05,89
S05836,U1912,T01,2024-09-25,174
S05837,U1289,T05,2025-12-10,57
S05838,U1519,T05,2023-07-23,80
S05839,U2022,T04,2023-07-01,40
S05840,U1179,T10,2025-11-02,123
S05841,U1825,T06,2026-03-30,49
S05842,U0688,T06,2023-10-29,17
S05843,U0304,T05,2024-07-17,74
S05844,U1945,T09,2024-10-15,82
S05845,U1793,T07,2023-05-31,125
S05846,U2298,T10,2024-11-16,72
S05847,U2198,T08,2024-07-26,180
S05848,U0295,T06,2025-07-03,91
S05849,U0720,T04,2025-06-18,133
S05850,U1518,T02,2025-07-09,144
S05851,U2010,T10,2026-03-26,11
S05852,U0333,T07,2023-10-27,107
S05853,U1653,T07,2025-03-25,97
S05854,U0073,T03,2025-07-06,44
S05855,U2321,T06,2023-10-29,113
S05856,U0541,T01,2023-04-21,102
S05857,U2430,T04,2025-07-26,113
S05858,U1561,T05,2023-04-25,53
S05859,U1171,T05,2025-05-13,59
S05860,U0749,T01,2025-09-06,136
S05861,U0190,T03,2026-02-04,107
S05862,U1465,T01,2024-02-01,115
S05863,U1222,T04,2026-01-20,50
S05864,U2494,T01,2026-03-19,64
S05865,U2099,T02,2023-02-02,157
S05866,U2289,T01,2024-01-31,94
S05867,U1163,T05,2025-03-22,157
S05868,U0788,T10,2026-01-22,14
S05869,U2207,T09,2023-06-29,67
S05870,U2178,T01,2023-01-18,141
S05871,U0461,T09,2024-11-24,75
S05872,U2072,T09,2024-10-10,14
S05873,U2219,T04,2024-05-08,180
S05874,U0121,T04,2025-08-30,8
S05875,U1306,T04,2023-01-11,18
S05876,U2192,T10,2024-05-08,148
S05877,U1150,T07,2023-08-30,148
S05878,U2464,T06,2023-09-30,43
S05879,U1523,T08,2023-06-07,166
S05880,U1514,T09,2023-01-09,122
S05881,U1223,T08,2023-08-25,33
S05882,U1224,T01,2026-02-05,52
S05883,U1447,T10,2025-11-29,11
S05884,U2211,T05,2024-01-14,155
S05885,U0461,T04,2025-06-24,139
S05886,U1144,T10,2024-03-12,79
S05887,U1627,T07,2025-07-18,11
S05888,U1069,T07,2025-12-27,90
S05889,U1171,T06,2023-08-05,108
S05890,U1921,T09,2025-01-09,9
S05891,U0265,T03,2025-03-18,86
S05892,U0936,T03,2025-02-14,6
S05893,U0776,T10,2023-01-17,92
S05894,U0029,T07,2024-03-19,54
S05895,U0334,T01,2024-09-25,101
S05896,U0645,T10,2025-07-27,98
S05897,U1650,T03,2025-05-20,68
S05898,U1872,T07,2023-06-04,155
S05899,U0295,T10,2023-11-20,38
S05900,U1540,T07,2023-05-31,43
S05901,U0930,T10,2026-04-11,41
S05902,U2401,T01,2023-06-28,150
S05903,U2267,T09,2025-09-29,93
S05904,U1383,T01,2024-09-28,24
S05905,U0329,T04,2024-02-29,49
S05906,U1977,T08,2025-08-10,10
S05907,U2191,T03,2024-05-17,71
S05908,U0235,T03,2023-03-07,49
S05909,U2236,T09,2024-05-28,146
S05910,U2043,T04,2026-03-15,162
S05911,U0619,T09,2023-01-04,96
S05912,U2000,T06,2024-06-28,156
S05913,U0268,T03,2023-02-20,147
S05914,U1842,T07,2025-05-31,76
S05915,U0478,T03,2024-01-27,74
S05916,U0096,T07,2024-08-04,49
S05917,U0391,T01,2024-04-19,43
S05918,U1815,T09,2024-07-17,101
S05919,U0767,T02,2025-01-09,44
S05920,U1494,T06,2025-08-13,168
S05921,U0285,T09,2025-06-30,42
S05922,U0459,T06,2023-06-22,24
S05923,U0445,T01,2023-07-21,108
S05924,U1024,T08,2023-07-20,167
S05925,U0151,T07,2024-03-05,13
S05926,U2352,T02,2024-12-02,75
S05927,U2330,T03,2024-05-25,122
S05928,U1719,T05,2023-01-14,161
S05929,U1462,T06,2024-05-02,89
S05930,U1979,T02,2023-05-26,114
S05931,U2327,T10,2025-03-14,149
S05932,U0032,T01,2024-11-18,156
S05933,U1563,T01,2023-06-18,45
S05934,U0905,T01,2025-03-11,61
S05935,U1835,T08,2025-07-24,23
S05936,U1293,T02,2024-04-09,6
S05937,U0325,T06,2025-12-20,44
S05938,U0206,T02,2024-07-18,140
S05939,U0796,T09,2025-07-25,61
S05940,U1397,T06,2024-06-30,73
S05941,U0514,T07,2024-06-22,164
S05942,U1377,T04,2024-07-06,127
S05943,U0593,T10,2025-08-20,47
S05944,U1636,T02,2026-03-14,59
S05945,U2309,T01,2025-01-09,94
S05946,U1410,T09,2024-04-03,162
S05947,U0173,T06,2024-06-21,143
S05948,U0831,T03,2025-09-14,21
S05949,U1290,T09,2024-11-25,126
S05950,U0364,T09,2024-07-26,133
S05951,U0937,T08,2025-12-27,178
S05952,U0177,T09,2024-08-06,166
S05953,U1085,T05,2025-05-22,85
S05954,U1439,T09,2024-05-25,61
S05955,U2435,T06,2023-09-30,43
S05956,U1541,T10,2023-08-17,46
S05957,U0818,T09,2024-09-09,30
S05958,U2418,T01,2025-08-21,127
S05959,U1053,T03,2025-08-28,111
S05960,U1215,T08,2023-08-23,172
S05961,U1136,T05,2024-12-29,53
S05962,U2076,T05,2023-12-22,96
S05963,U0650,T02,2023-06-28,53
S05964,U0631,T05,2023-09-27,22
S05965,U0911,T03,2023-06-17,69
S05966,U2228,T10,2026-03-20,99
S05967,U0534,T09,2025-06-24,41
S05968,U0521,T07,2023-08-27,22
S05969,U0476,T10,2025-11-15,65
S05970,U0786,T05,2024-10-06,19
S05971,U0996,T02,2025-07-25,106
S05972,U0747,T06,2023-04-11,158
S05973,U1585,T03,2025-04-02,156
S05974,U1237,T07,2023-03-31,38
S05975,U1152,T09,2023-05-08,63
S05976,U2401,T10,2024-02-04,35
S05977,U2304,T09,2024-04-11,54
S05978,U1297,T02,2025-04-17,159
S05979,U1439,T05,2023-01-29,99
S05980,U0520,T05,2024-04-03,157
S05981,U0258,T06,2026-01-06,116
S05982,U0996,T03,2024-05-07,133
S05983,U0612,T03,2023-06-20,75
S05984,U1282,T04,2024-07-09,86
S05985,U1639,T04,2024-03-06,38
S05986,U0218,T03,2025-11-01,129
S05987,U0246,T07,2026-02-19,100
S05988,U0535,T03,2026-02-18,106
S05989,U2349,T02,2023-10-31,123
S05990,U1230,T01,2023-03-17,82
S05991,U1433,T05,2023-12-14,100
S05992,U2019,T01,2023-07-30,61
S05993,U2037,T06,2024-04-22,86
S05994,U1761,T10,2023-08-08,84
S05995,U2352,T10,2024-08-06,144
S05996,U1969,T03,2023-10-15,65
S05997,U2296,T01,2023-04-10,177
S05998,U1136,T08,2026-03-27,44
S05999,U1234,T06,2024-10-20,76
S06000,U0324,T02,2025-12-06,103
S06001,U2044,T09,2024-06-13,123
S06002,U0904,T03,2026-03-14,53
S06003,U1133,T08,2025-05-12,82
S06004,U0824,T07,2025-06-08,94
S06005,U1017,T01,2025-02-18,150
S06006,U1374,T10,2025-11-05,126
S06007,U1265,T04,2024-07-12,15
S06008,U0222,T07,2024-08-14,27
S06009,U0715,T10,2023-06-09,89
S06010,U1331,T10,2023-06-30,161
S06011,U1449,T03,2024-06-29,87
S06012,U1086,T03,2026-01-06,162
S06013,U0001,T01,2025-06-04,166
S06014,U2369,T01,2023-11-15,73
S06015,U1145,T02,2024-11-06,43
S06016,U1445,T09,2024-12-09,108
S06017,U1056,T02,2024-06-27,139
S06018,U0388,T08,2023-06-08,125
S06019,U1591,T06,2024-11-08,97
S06020,U1887,T09,2024-08-30,16
S06021,U1852,T01,2024-01-14,50
S06022,U0577,T02,2023-08-12,118
S06023,U0503,T10,2024-10-19,87
S06024,U0944,T10,2024-12-13,151
S06025,U1427,T04,2025-04-16,101
S06026,U1445,T08,2023-07-30,106
S06027,U0624,T05,2023-06-01,111
S06028,U0144,T08,2023-06-29,124
S06029,U0126,T03,2023-08-09,160
S06030,U0543,T01,2024-08-05,18
S06031,U1447,T01,2024-02-12,147
S06032,U0303,T01,2023-02-05,8
S06033,U0047,T09,2024-01-30,20
S06034,U1547,T03,2026-01-09,46
S06035,U0562,T10,2025-12-27,25
S06036,U0143,T05,2024-04-09,83
S06037,U0095,T08,2023-06-01,61
S06038,U0427,T03,2025-10-02,11
S06039,U0466,T10,2025-09-10,92
S06040,U1229,T05,2025-06-14,105
S06041,U1389,T02,2026-04-14,39
S06042,U1421,T08,2025-06-06,143
S06043,U2262,T09,2023-07-24,16
S06044,U2000,T10,2024-08-04,144
S06045,U0503,T03,2025-04-26,164
S06046,U0375,T08,2023-04-18,33
S06047,U1425,T09,2023-04-07,49
S06048,U0888,T08,2025-08-19,73
S06049,U0721,T09,2025-01-07,27
S06050,U1679,T04,2023-11-05,49
S06051,U1064,T02,2026-02-18,54
S06052,U0819,T09,2025-05-09,20
S06053,U0010,T02,2025-09-25,156
S06054,U1554,T08,2023-10-02,104
S06055,U2018,T01,2023-10-09,137
S06056,U2321,T07,2024-10-14,180
S06057,U2397,T05,2024-12-27,54
S06058,U1084,T07,2025-06-05,21
S06059,U1510,T04,2026-04-02,45
S06060,U0211,T01,2024-05-22,128
S06061,U0480,T09,2024-07-28,175
S06062,U0808,T06,2024-03-14,125
S06063,U0141,T07,2024-01-21,52
S06064,U1193,T09,2026-02-17,136
S06065,U0828,T02,2023-07-20,71
S06066,U2423,T09,2025-06-16,110
S06067,U2239,T03,2025-12-08,141
S06068,U1752,T02,2025-11-06,158
S06069,U0588,T09,2026-04-13,6
S06070,U0217,T03,2024-07-09,105
S06071,U1308,T07,2025-06-01,47
S06072,U2145,T09,2024-07-20,117
S06073,U0837,T03,2024-04-19,149
S06074,U1092,T09,2024-01-05,22
S06075,U1102,T01,2023-06-15,168
S06076,U1796,T05,2024-07-08,115
S06077,U0094,T08,2024-03-28,88
S06078,U1942,T02,2025-04-21,74
S06079,U1858,T07,2023-06-26,101
S06080,U1926,T08,2026-02-16,136
S06081,U2318,T07,2023-01-14,179
S06082,U0100,T10,2025-07-11,135
S06083,U2379,T01,2025-11-12,138
S06084,U1035,T03,2023-11-03,9
S06085,U1529,T07,2023-03-09,29
S06086,U0377,T03,2025-09-16,9
S06087,U2255,T04,2024-12-17,30
S06088,U0627,T01,2024-11-07,47
S06089,U2173,T07,2025-10-24,136
S06090,U1549,T08,2023-02-11,153
S06091,U2143,T08,2025-10-26,60
S06092,U1452,T10,2024-08-17,21
S06093,U1391,T06,2025-02-17,176
S06094,U0021,T05,2023-07-13,60
S06095,U0073,T07,2025-02-18,45
S06096,U2063,T09,2023-06-15,8
S06097,U2382,T03,2024-05-02,73
S06098,U1447,T04,2023-11-27,128
S06099,U2132,T09,2025-08-24,89
S06100,U0087,T06,2025-10-23,32
S06101,U2296,T02,2025-07-29,160
S06102,U0743,T09,2026-03-24,154
S06103,U0441,T10,2024-08-03,111
S06104,U1433,T09,2024-12-18,44
S06105,U2328,T05,2023-09-10,26
S06106,U1620,T10,2024-09-03,28
S06107,U2014,T07,2024-09-07,167
S06108,U0816,T01,2024-01-07,12
S06109,U2394,T05,2025-06-12,120
S06110,U2085,T09,2026-02-24,114
S06111,U1005,T06,2024-08-11,145
S06112,U0554,T04,2024-05-31,140
S06113,U0277,T10,2026-03-02,27
S06114,U0427,T01,2024-11-26,17
S06115,U0352,T01,2025-01-31,41
S06116,U1877,T02,2025-02-06,84
S06117,U0400,T07,2025-09-28,175
S06118,U1037,T04,2024-03-12,97
S06119,U0253,T01,2025-07-14,180
S06120,U0848,T10,2023-02-26,108
S06121,U1869,T04,2025-10-28,120
S06122,U2077,T05,2024-10-15,25
S06123,U0646,T01,2023-10-21,105
S06124,U2013,T01,2025-11-07,180
S06125,U2358,T07,2025-05-12,160
S06126,U1991,T10,2024-06-09,121
S06127,U0120,T07,2024-10-07,36
S06128,U1585,T06,2025-08-21,159
S06129,U1480,T02,2024-09-07,148
S06130,U0272,T05,2025-07-31,75
S06131,U1709,T04,2026-03-30,87
S06132,U1231,T06,2024-02-01,169
S06133,U2297,T07,2024-06-09,118
S06134,U0034,T09,2023-05-19,22
S06135,U2129,T05,2024-08-11,169
S06136,U0409,T04,2023-11-06,36
S06137,U1340,T06,2025-12-30,169
S06138,U1884,T08,2026-04-04,115
S06139,U1374,T01,2025-02-03,179
S06140,U0149,T08,2024-12-16,20
S06141,U1308,T05,2025-11-05,78
S06142,U0580,T07,2024-07-13,102
S06143,U1244,T06,2024-08-03,69
S06144,U0665,T09,2025-04-11,168
S06145,U0833,T08,2023-03-30,179
S06146,U2346,T08,2023-12-21,126
S06147,U1631,T04,2025-12-31,92
S06148,U0944,T03,2024-06-23,11
S06149,U2325,T01,2023-09-19,40
S06150,U2081,T07,2023-09-11,165
S06151,U0613,T09,2023-03-13,170
S06152,U2429,T10,2026-02-28,137
S06153,U1572,T03,2024-12-09,11
S06154,U1903,T10,2023-05-03,148
S06155,U2053,T07,2024-07-08,142
S06156,U2193,T05,2023-03-09,8
S06157,U0475,T05,2023-07-28,61
S06158,U0612,T09,2025-02-10,175
S06159,U1236,T04,2023-07-27,144
S06160,U0542,T09,2025-10-28,8
S06161,U0895,T04,2025-04-10,158
S06162,U0830,T03,2023-04-11,179
S06163,U1586,T06,2025-03-15,139
S06164,U2384,T05,2025-04-24,17
S06165,U0903,T05,2023-03-11,28
S06166,U2026,T09,2024-09-20,38
S06167,U1839,T10,2023-02-28,105
S06168,U2011,T04,2024-08-30,141
S06169,U0775,T08,2023-03-28,174
S06170,U1213,T10,2023-11-27,174
S06171,U0038,T01,2025-06-28,24
S06172,U0743,T03,2025-11-06,150
S06173,U2286,T06,2023-08-08,118
S06174,U0764,T09,2025-09-06,152
S06175,U1674,T05,2023-09-10,150
S06176,U1033,T03,2024-11-13,122
S06177,U0112,T03,2023-07-24,46
S06178,U1948,T09,2024-08-29,66
S06179,U1379,T08,2023-07-03,62
S06180,U0195,T08,2023-08-16,72
S06181,U1109,T07,2024-06-07,169
S06182,U1560,T02,2024-04-10,17
S06183,U0646,T04,2024-07-02,34
S06184,U2016,T04,2024-11-07,64
S06185,U2151,T01,2024-11-29,86
S06186,U0091,T07,2023-05-05,18
S06187,U0416,T04,2026-04-11,106
S06188,U2227,T03,2026-02-12,137
S06189,U0562,T06,2025-07-12,26
S06190,U0148,T08,2023-08-22,106
S06191,U1719,T07,2024-07-09,98
S06192,U0484,T10,2025-11-17,107
S06193,U1287,T09,2025-11-21,37
S06194,U1529,T05,2024-02-17,33
S06195,U0884,T02,2023-07-03,12
S06196,U2194,T04,2024-11-09,104
S06197,U1595,T03,2024-04-23,120
S06198,U0850,T10,2023-05-23,107
S06199,U0125,T04,2024-11-23,67
S06200,U2164,T07,2023-09-03,122
S06201,U1983,T01,2023-01-11,64
S06202,U1949,T04,2025-02-18,149
S06203,U0602,T08,2025-01-13,98
S06204,U1118,T08,2026-02-09,51
S06205,U1915,T02,2023-09-07,30
S06206,U0886,T10,2025-01-25,50
S06207,U1676,T08,2024-08-28,160
S06208,U1013,T05,2023-01-05,54
S06209,U0022,T04,2025-05-24,66
S06210,U1328,T05,2024-09-29,26
S06211,U1482,T08,2026-01-30,52
S06212,U0711,T09,2025-05-04,156
S06213,U1515,T02,2024-09-17,10
S06214,U0646,T05,2023-06-01,128
S06215,U1374,T10,2026-01-14,138
S06216,U0738,T03,2023-08-30,173
S06217,U2024,T08,2025-05-19,27
S06218,U2127,T07,2024-03-15,84
S06219,U2315,T06,2024-08-26,117
S06220,U1106,T05,2025-04-02,117
S06221,U2346,T04,2023-09-29,153
S06222,U1289,T03,2025-03-18,19
S06223,U2061,T01,2026-01-22,57
S06224,U0958,T06,2025-12-11,45
S06225,U1008,T07,2025-06-26,30
S06226,U1039,T08,2025-02-19,154
S06227,U1270,T10,2023-09-11,57
S06228,U1836,T04,2023-03-04,141
S06229,U2336,T04,2023-01-02,75
S06230,U1750,T09,2025-01-23,83
S06231,U0502,T09,2025-04-01,6
S06232,U2107,T05,2024-07-13,173
S06233,U1891,T01,2023-05-26,32
S06234,U0559,T02,2025-11-04,74
S06235,U1171,T07,2024-08-06,25
S06236,U0839,T05,2023-12-27,137
S06237,U0911,T08,2026-01-30,58
S06238,U0634,T06,2023-08-01,95
S06239,U0404,T06,2023-09-21,131
S06240,U2156,T09,2024-08-01,57
S06241,U0972,T07,2023-01-06,175
S06242,U1644,T06,2023-09-20,146
S06243,U2252,T04,2023-05-14,126
S06244,U1267,T10,2023-06-21,169
S06245,U1057,T03,2025-04-05,65
S06246,U0209,T04,2023-10-21,173
S06247,U1228,T03,2023-06-02,154
S06248,U0765,T03,2024-01-17,53
S06249,U0659,T07,2023-03-14,122
S06250,U1090,T01,2024-06-06,69
S06251,U1706,T08,2023-10-03,138
S06252,U1126,T01,2026-02-06,144
S06253,U0201,T10,2023-01-22,141
S06254,U1612,T08,2025-03-10,112
S06255,U1387,T05,2025-12-21,87
S06256,U0791,T09,2025-08-06,48
S06257,U2061,T10,2024-02-28,10
S06258,U1540,T08,2023-01-06,130
S06259,U1946,T06,2026-01-28,116
S06260,U0501,T03,2025-06-21,37
S06261,U0005,T10,2024-06-09,137
S06262,U2102,T10,2024-11-12,139
S06263,U1261,T02,2025-06-19,65
S06264,U0435,T09,2024-10-24,129
S06265,U2033,T10,2025-08-05,114
S06266,U1468,T05,2024-07-17,174
S06267,U1179,T02,2024-08-11,14
S06268,U1962,T01,2023-05-12,65
S06269,U0076,T03,2026-01-01,59
S06270,U2437,T02,2025-11-04,100
S06271,U1709,T05,2023-04-16,151
S06272,U0996,T06,2025-01-18,6
S06273,U0709,T02,2026-03-21,76
S06274,U0044,T07,2025-08-07,104
S06275,U0961,T04,2025-04-16,165
S06276,U1686,T06,2023-02-15,47
S06277,U0273,T08,2025-09-05,44
S06278,U2466,T05,2025-01-24,14
S06279,U1639,T04,2025-03-07,144
S06280,U1692,T08,2024-07-09,13
S06281,U0949,T09,2025-12-06,112
S06282,U1301,T05,2024-09-17,42
S06283,U0597,T01,2023-07-15,53
S06284,U2308,T04,2024-04-11,12
S06285,U1982,T03,2023-04-18,17
S06286,U1315,T02,2023-03-15,80
S06287,U0490,T05,2025-01-07,8
S06288,U2361,T01,2024-01-29,171
S06289,U0123,T05,2024-10-11,12
S06290,U1626,T02,2025-11-29,168
S06291,U1416,T02,2024-03-13,31
S06292,U0688,T07,2024-05-31,127
S06293,U1713,T03,2024-05-25,149
S06294,U1688,T09,2024-08-28,64
S06295,U0987,T04,2025-04-07,60
S06296,U2332,T06,2025-08-13,173
S06297,U1948,T07,2025-03-08,89
S06298,U0992,T10,2023-10-29,31
S06299,U0807,T05,2023-01-18,126
S06300,U1144,T03,2025-09-18,84
S06301,U1011,T02,2023-03-18,57
S06302,U1292,T10,2025-10-25,158
S06303,U0565,T01,2025-08-17,62
S06304,U0587,T05,2025-09-02,14
S06305,U1370,T05,2025-12-21,34
S06306,U1539,T10,2024-06-24,151
S06307,U2044,T08,2024-09-10,115
S06308,U1111,T10,2025-01-21,5
S06309,U0986,T07,2026-04-01,44
S06310,U0587,T08,2024-03-31,68
S06311,U1105,T10,2023-05-10,84
S06312,U0451,T10,2025-08-17,165
S06313,U2104,T09,2025-08-10,105
S06314,U1143,T10,2025-10-23,76
S06315,U0195,T02,2024-09-05,123
S06316,U0586,T08,2024-06-20,90
S06317,U0052,T01,2024-09-30,119
S06318,U0654,T09,2024-04-28,44
S06319,U1979,T07,2023-04-03,154
S06320,U1948,T03,2023-12-22,150
S06321,U1210,T02,2025-06-14,9
S06322,U2125,T03,2026-03-06,98
S06323,U2359,T08,2024-02-28,85
S06324,U0030,T04,2024-02-28,76
S06325,U0939,T02,2023-11-27,45
S06326,U2458,T04,2024-07-16,118
S06327,U0899,T09,2024-10-03,139
S06328,U2120,T05,2025-02-26,150
S06329,U0212,T09,2024-11-30,139
S06330,U1550,T05,2025-06-20,70
S06331,U2331,T05,2023-06-10,29
S06332,U0177,T05,2025-06-26,114
S06333,U0768,T09,2023-01-03,24
S06334,U0615,T02,2023-12-27,35
S06335,U1072,T10,2024-12-01,132
S06336,U1465,T08,2025-06-16,79
S06337,U0565,T07,2023-04-12,38
S06338,U1117,T03,2023-04-26,160
S06339,U0626,T08,2026-02-24,39
S06340,U1507,T04,2025-04-27,168
S06341,U1075,T05,2025-01-31,65
S06342,U0815,T05,2025-03-19,133
S06343,U1323,T06,2024-12-12,9
S06344,U0191,T01,2025-10-24,7
S06345,U0383,T04,2024-11-07,56
S06346,U2364,T08,2024-12-25,166
S06347,U0433,T02,2023-01-21,149
S06348,U1340,T05,2023-11-14,31
S06349,U0678,T09,2024-01-25,71
S06350,U2138,T08,2024-04-22,139
S06351,U0996,T08,2023-12-09,8
S06352,U0892,T04,2026-02-26,65
S06353,U0934,T09,2025-08-13,114
S06354,U1195,T06,2024-08-08,173
S06355,U0540,T07,2025-03-16,153
S06356,U2037,T03,2026-03-28,175
S06357,U0233,T10,2026-02-12,43
S06358,U0654,T01,2025-09-24,169
S06359,U0666,T03,2026-04-15,12
S06360,U1302,T07,2025-01-31,130
S06361,U0907,T02,2024-01-20,113
S06362,U1624,T03,2025-03-28,20
S06363,U0543,T08,2024-10-28,62
S06364,U1026,T03,2024-11-06,165
S06365,U0811,T08,2023-08-11,43
S06366,U1496,T04,2024-04-25,135
S06367,U2486,T04,2025-12-20,126
S06368,U0990,T07,2025-04-11,154
S06369,U0608,T02,2025-07-29,45
S06370,U1776,T08,2024-02-26,155
S06371,U2242,T06,2024-05-08,141
S06372,U0728,T05,2023-12-22,120
S06373,U1302,T09,2024-09-28,179
S06374,U0685,T03,2025-02-07,106
S06375,U0890,T01,2026-01-30,24
S06376,U2014,T03,2024-08-06,76
S06377,U1069,T06,2025-01-18,40
S06378,U1168,T06,2023-02-22,50
S06379,U2343,T02,2024-07-25,72
S06380,U0405,T02,2025-02-28,155
S06381,U1775,T09,2023-09-06,138
S06382,U1587,T08,2026-01-14,93
S06383,U1776,T02,2023-11-04,68
S06384,U1625,T06,2023-06-15,150
S06385,U1362,T10,2025-02-12,133
S06386,U0631,T02,2025-09-24,125
S06387,U2224,T08,2023-07-30,88
S06388,U1336,T06,2024-01-28,40
S06389,U1207,T03,2025-08-01,24
S06390,U1899,T09,2025-05-22,97
S06391,U2287,T06,2025-08-30,78
S06392,U2303,T06,2023-08-18,147
S06393,U0378,T07,2024-11-19,133
S06394,U1393,T01,2025-06-25,166
S06395,U1156,T03,2023-09-12,61
S06396,U1708,T07,2025-05-08,176
S06397,U0287,T09,2023-11-29,61
S06398,U0642,T02,2024-06-21,164
S06399,U1905,T02,2023-07-20,30
S06400,U2312,T06,2023-04-18,116
S06401,U1455,T08,2023-11-18,10
S06402,U0852,T07,2025-01-24,146
S06403,U1658,T05,2024-04-03,56
S06404,U1946,T02,2025-07-21,130
S06405,U0350,T05,2025-07-09,97
S06406,U1866,T02,2025-10-11,121
S06407,U2055,T07,2025-06-23,137
S06408,U1527,T01,2025-10-25,72
S06409,U1262,T02,2023-09-06,35
S06410,U2044,T10,2026-03-30,150
S06411,U0525,T10,2024-07-29,46
S06412,U2102,T08,2023-11-27,9
S06413,U2014,T04,2024-04-08,138
S06414,U2184,T05,2025-12-08,148
S06415,U1253,T08,2025-03-13,98
S06416,U1790,T09,2025-08-05,143
S06417,U1667,T02,2023-07-21,179
S06418,U1735,T02,2023-10-28,127
S06419,U0133,T07,2023-12-20,179
S06420,U0375,T03,2025-10-06,88
S06421,U0574,T08,2024-03-08,141
S06422,U1238,T03,2025-03-29,69
S06423,U1335,T06,2024-09-05,35
S06424,U0508,T01,2025-09-07,99
S06425,U0394,T01,2025-07-18,13
S06426,U1951,T10,2023-08-31,81
S06427,U1211,T08,2026-02-14,71
S06428,U1156,T09,2023-01-16,84
S06429,U0038,T04,2025-04-16,99
S06430,U1670,T06,2025-02-21,112
S06431,U0793,T08,2023-07-05,49
S06432,U0483,T07,2024-10-20,153
S06433,U0867,T07,2025-01-21,46
S06434,U0391,T06,2025-09-22,75
S06435,U0110,T04,2024-07-04,138
S06436,U1733,T09,2024-10-28,24
S06437,U1553,T03,2025-07-02,99
S06438,U2163,T09,2023-04-12,96
S06439,U1332,T03,2025-02-14,62
S06440,U0319,T04,2025-10-13,116
S06441,U0626,T09,2023-01-25,109
S06442,U2297,T06,2023-05-29,103
S06443,U1987,T01,2025-04-15,83
S06444,U2017,T01,2025-06-05,34
S06445,U2288,T06,2024-01-30,120
S06446,U1460,T08,2023-07-14,54
S06447,U0797,T06,2023-09-11,179
S06448,U0841,T08,2023-01-19,150
S06449,U2411,T07,2025-01-22,163
S06450,U1609,T08,2024-07-06,26
S06451,U1716,T01,2023-05-24,103
S06452,U1751,T01,2025-12-17,35
S06453,U2407,T07,2025-12-25,151
S06454,U0796,T05,2025-03-28,102
S06455,U2295,T01,2024-07-19,5
S06456,U1131,T05,2023-09-24,20
S06457,U1155,T02,2024-05-06,64
S06458,U0407,T02,2024-06-26,160
S06459,U0804,T02,2025-05-13,124
S06460,U0728,T05,2025-02-24,64
S06461,U2316,T08,2024-03-24,114
S06462,U1344,T09,2025-10-02,87
S06463,U1549,T09,2023-03-27,57
S06464,U0889,T04,2023-03-30,70
S06465,U0428,T10,2025-09-26,136
S06466,U1713,T07,2026-03-05,24
S06467,U0643,T02,2025-10-25,61
S06468,U0538,T04,2025-05-19,36
S06469,U0316,T07,2024-03-25,67
S06470,U0187,T07,2025-12-06,102
S06471,U0300,T04,2025-07-21,98
S06472,U0440,T05,2025-06-15,105
S06473,U1354,T05,2023-10-03,131
S06474,U2011,T07,2025-09-28,68
S06475,U2082,T05,2025-08-16,77
S06476,U2217,T06,2025-01-01,5
S06477,U1082,T06,2023-09-30,41
S06478,U1387,T10,2023-05-10,132
S06479,U0333,T09,2026-04-05,116
S06480,U2251,T06,2024-07-25,56
S06481,U2087,T03,2023-12-08,32
S06482,U1306,T05,2025-04-02,22
S06483,U0358,T04,2024-11-21,44
S06484,U0519,T05,2024-01-05,77
S06485,U0691,T02,2023-03-05,127
S06486,U1761,T01,2024-05-06,24
S06487,U2309,T06,2023-11-13,145
S06488,U1299,T07,2024-01-28,175
S06489,U0676,T05,2023-10-29,176
S06490,U1405,T01,2025-07-09,122
S06491,U0662,T05,2023-02-16,139
S06492,U2236,T08,2024-07-03,102
S06493,U1736,T06,2025-12-17,25
S06494,U1581,T03,2023-03-04,72
S06495,U0546,T10,2025-12-01,109
S06496,U1994,T08,2024-10-21,18
S06497,U0871,T07,2024-10-19,143
S06498,U1365,T04,2023-05-20,82
S06499,U0873,T05,2025-11-04,118
S06500,U1101,T09,2023-08-23,145
S06501,U0527,T04,2026-04-12,164
S06502,U1440,T01,2025-06-12,130
S06503,U1307,T05,2023-11-28,59
S06504,U2017,T06,2024-01-25,67
S06505,U0318,T07,2025-09-07,170
S06506,U1670,T03,2023-10-27,77
S06507,U0895,T05,2026-02-01,158
S06508,U0977,T06,2024-07-19,138
S06509,U1486,T10,2024-01-04,159
S06510,U1611,T06,2026-01-18,49
S06511,U1548,T08,2025-10-20,134
S06512,U1094,T07,2023-02-15,81
S06513,U1125,T02,2025-05-07,164
S06514,U0223,T05,2025-10-15,37
S06515,U0539,T06,2025-12-19,131
S06516,U1151,T10,2024-11-17,78
S06517,U0220,T02,2025-04-21,12
S06518,U0977,T03,2023-03-03,12
S06519,U1664,T07,2023-10-14,146
S06520,U0393,T05,2023-04-08,55
S06521,U0083,T08,2025-07-19,39
S06522,U1132,T09,2023-04-07,103
S06523,U0048,T10,2024-01-29,110
S06524,U1824,T03,2024-07-29,128
S06525,U0680,T09,2024-06-05,69
S06526,U2484,T01,2023-10-02,12
S06527,U2325,T08,2023-07-08,172
S06528,U0568,T01,2025-09-23,126
S06529,U0293,T04,2024-04-27,33
S06530,U2471,T05,2024-04-09,125
S06531,U1414,T08,2025-06-19,22
S06532,U1644,T03,2026-04-05,110
S06533,U1652,T08,2023-07-12,43
S06534,U2328,T09,2024-08-20,113
S06535,U0719,T10,2023-12-14,85
S06536,U0670,T02,2026-01-16,161
S06537,U0927,T06,2024-08-27,103
S06538,U1670,T04,2024-04-17,174
S06539,U0554,T06,2025-02-24,30
S06540,U0300,T07,2025-05-04,29
S06541,U0954,T03,2026-01-05,134
S06542,U1905,T10,2025-07-11,33
S06543,U1909,T10,2025-06-17,123
S06544,U2355,T04,2023-03-05,17
S06545,U1529,T02,2025-08-02,176
S06546,U2206,T06,2025-03-14,147
S06547,U0139,T09,2023-02-22,112
S06548,U0739,T04,2026-01-20,18
S06549,U1833,T05,2025-01-02,175
S06550,U0782,T02,2024-08-19,154
S06551,U1228,T03,2023-11-22,26
S06552,U0584,T02,2023-12-27,84
S06553,U0844,T03,2024-03-02,92
S06554,U2109,T03,2023-01-10,14
S06555,U0097,T10,2025-12-22,76
S06556,U2229,T03,2025-03-31,136
S06557,U1716,T05,2026-02-12,32
S06558,U1489,T04,2025-06-20,147
S06559,U0289,T09,2024-08-27,41
S06560,U1002,T09,2024-02-22,84
S06561,U1475,T09,2024-11-01,169
S06562,U2493,T07,2025-04-29,42
S06563,U0180,T09,2023-03-10,6
S06564,U0312,T08,2025-07-30,29
S06565,U0056,T05,2024-01-07,63
S06566,U0720,T03,2024-03-15,104
S06567,U1325,T03,2023-08-14,129
S06568,U2423,T04,2025-11-15,154
S06569,U2287,T08,2023-06-29,49
S06570,U1922,T04,2023-12-02,59
S06571,U1019,T06,2024-01-17,73
S06572,U0875,T06,2024-07-29,81
S06573,U0699,T09,2023-02-18,10
S06574,U1029,T09,2026-03-29,11
S06575,U0387,T07,2024-07-20,90
S06576,U2125,T08,2024-05-18,129
S06577,U1808,T02,2025-03-25,115
S06578,U0009,T01,2025-01-30,95
S06579,U0136,T05,2024-04-05,29
S06580,U2452,T07,2024-07-16,41
S06581,U0348,T09,2023-06-15,157
S06582,U1470,T02,2026-03-30,131
S06583,U1532,T08,2025-03-17,78
S06584,U0547,T03,2025-10-21,105
S06585,U0852,T09,2025-10-23,41
S06586,U1745,T03,2024-06-09,16
S06587,U2179,T05,2024-08-23,142
S06588,U1103,T05,2024-06-16,97
S06589,U0946,T02,2023-05-02,70
S06590,U1673,T07,2024-08-13,164
S06591,U0709,T05,2024-02-21,89
S06592,U1600,T07,2026-03-26,148
S06593,U1108,T03,2024-01-20,107
S06594,U0756,T01,2023-09-05,110
S06595,U0573,T02,2023-11-12,17
S06596,U0569,T06,2026-01-26,21
S06597,U0876,T08,2023-04-02,23
S06598,U0976,T09,2024-11-27,97
S06599,U0931,T02,2025-10-02,168
S06600,U1980,T05,2025-09-24,44
S06601,U1134,T08,2025-09-03,169
S06602,U1096,T09,2023-06-07,27
S06603,U2442,T07,2023-04-15,56
S06604,U1519,T03,2024-02-19,158
S06605,U1796,T09,2024-04-03,47
S06606,U1809,T09,2026-02-08,57
S06607,U1682,T05,2024-05-07,144
S06608,U1677,T05,2023-10-20,52
S06609,U0074,T07,2025-05-06,40
S06610,U2187,T06,2024-01-31,67
S06611,U1880,T07,2023-03-16,64
S06612,U0664,T07,2023-05-19,15
S06613,U1729,T05,2024-12-22,15
S06614,U0464,T01,2025-05-14,156
S06615,U2204,T07,2026-03-21,150
S06616,U0432,T09,2023-08-10,26
S06617,U1290,T03,2024-12-14,76
S06618,U1582,T08,2023-08-06,48
S06619,U0812,T06,2025-10-21,12
S06620,U1587,T04,2024-04-25,112
S06621,U2301,T10,2024-02-29,169
S06622,U0355,T01,2026-04-10,58
S06623,U1164,T03,2024-11-04,22
S06624,U0106,T10,2023-01-10,68
S06625,U1460,T10,2023-05-20,53
S06626,U1315,T02,2024-11-10,20
S06627,U2009,T08,2024-09-27,9
S06628,U1476,T10,2023-09-29,180
S06629,U2473,T06,2023-07-20,148
S06630,U0721,T07,2025-07-18,125
S06631,U1678,T03,2026-02-12,59
S06632,U2127,T09,2025-09-06,154
S06633,U0361,T10,2025-01-16,152
S06634,U0658,T01,2025-07-13,113
S06635,U1675,T03,2024-02-01,8
S06636,U1438,T03,2025-02-11,110
S06637,U2443,T03,2023-12-12,32
S06638,U0815,T06,2024-05-31,144
S06639,U0077,T09,2026-03-18,157
S06640,U0834,T05,2024-11-09,78
S06641,U1953,T05,2023-10-08,167
S06642,U1648,T05,2024-10-01,52
S06643,U0573,T04,2026-01-20,76
S06644,U2268,T07,2023-02-05,143
S06645,U2190,T09,2023-07-25,85
S06646,U0144,T04,2024-08-11,93
S06647,U2201,T10,2024-07-24,54
S06648,U0109,T08,2023-11-08,139
S06649,U0036,T01,2025-04-11,107
S06650,U1604,T06,2024-07-28,93
S06651,U0434,T05,2025-07-13,19
S06652,U1344,T04,2023-10-18,91
S06653,U1067,T08,2025-01-18,51
S06654,U1578,T06,2025-12-18,81
S06655,U1162,T07,2023-11-14,86
S06656,U1293,T07,2024-02-14,88
S06657,U1758,T05,2023-12-12,157
S06658,U1189,T03,2025-08-26,33
S06659,U0991,T03,2024-01-02,75
S06660,U2367,T06,2023-11-22,164
S06661,U1153,T08,2023-05-03,58
S06662,U2220,T07,2023-09-03,82
S06663,U2348,T02,2024-12-28,75
S06664,U0113,T09,2025-06-13,130
S06665,U2130,T01,2025-09-21,67
S06666,U0604,T09,2026-01-12,139
S06667,U1470,T04,2024-07-16,134
S06668,U1212,T06,2025-07-23,102
S06669,U1920,T08,2025-08-06,12
S06670,U1493,T09,2023-04-15,88
S06671,U0157,T05,2025-09-22,59
S06672,U0406,T10,2023-11-08,41
S06673,U0825,T01,2023-12-19,37
S06674,U2102,T09,2025-12-06,117
S06675,U1426,T06,2024-05-24,180
S06676,U2290,T01,2025-07-24,112
S06677,U1736,T08,2025-01-03,172
S06678,U1419,T02,2023-06-25,41
S06679,U2490,T01,2025-10-26,121
S06680,U0005,T07,2025-03-03,156
S06681,U1903,T03,2025-09-15,86
S06682,U1264,T05,2024-03-28,164
S06683,U0055,T03,2024-01-31,54
S06684,U2372,T05,2024-07-29,125
S06685,U2433,T06,2024-04-26,99
S06686,U1782,T06,2023-04-05,81
S06687,U1927,T03,2024-09-22,56
S06688,U2080,T09,2023-09-15,137
S06689,U0153,T04,2023-03-09,16
S06690,U2172,T07,2025-07-11,155
S06691,U1713,T04,2024-08-12,155
S06692,U1561,T02,2023-08-26,6
S06693,U1101,T04,2023-01-26,57
S06694,U0360,T10,2023-09-01,156
S06695,U0510,T02,2023-04-27,169
S06696,U1900,T02,2025-03-22,11
S06697,U0167,T10,2023-06-16,170
S06698,U1270,T03,2023-08-13,165
S06699,U2026,T03,2025-11-11,169
S06700,U1275,T05,2024-05-29,124
S06701,U1588,T07,2025-10-15,128
S06702,U1018,T01,2023-11-30,110
S06703,U1387,T09,2024-07-13,174
S06704,U1171,T07,2026-02-11,155
S06705,U2226,T02,2024-09-05,65
S06706,U0180,T04,2025-07-15,110
S06707,U1399,T07,2024-03-20,156
S06708,U0523,T02,2024-03-16,165
S06709,U1304,T07,2025-07-19,26
S06710,U0608,T01,2026-01-13,87
S06711,U0572,T01,2025-04-23,41
S06712,U1038,T08,2024-01-10,56
S06713,U1830,T04,2023-02-06,167
S06714,U1405,T08,2026-04-11,127
S06715,U1831,T01,2023-10-13,73
S06716,U1702,T04,2023-05-06,113
S06717,U1233,T02,2024-05-21,144
S06718,U1527,T07,2023-11-17,158
S06719,U0289,T04,2024-07-12,59
S06720,U0194,T08,2025-12-27,143
S06721,U0140,T05,2023-09-08,25
S06722,U0344,T02,2023-04-17,17
S06723,U1331,T07,2023-04-02,55
S06724,U0504,T10,2025-05-22,160
S06725,U1524,T08,2023-11-08,19
S06726,U1308,T10,2025-08-15,82
S06727,U1995,T08,2023-10-07,109
S06728,U1844,T01,2025-02-13,13
S06729,U0576,T03,2025-10-06,164
S06730,U2210,T06,2025-11-30,120
S06731,U0712,T06,2024-09-13,65
S06732,U2453,T07,2025-01-29,135
S06733,U1257,T08,2024-03-02,34
S06734,U2342,T04,2026-04-03,8
S06735,U0901,T03,2023-12-06,89
S06736,U2297,T09,2024-07-02,43
S06737,U0555,T04,2023-04-12,14
S06738,U0974,T03,2024-07-02,10
S06739,U1934,T08,2023-05-07,128
S06740,U1405,T07,2025-12-26,102
S06741,U0849,T05,2026-03-27,100
S06742,U0627,T08,2026-01-30,108
S06743,U0531,T07,2025-10-04,40
S06744,U0716,T05,2024-04-12,77
S06745,U1811,T04,2023-08-14,56
S06746,U0018,T06,2026-03-02,60
S06747,U0740,T09,2025-06-12,132
S06748,U2094,T09,2023-04-15,126
S06749,U1001,T08,2025-04-14,89
S06750,U0034,T05,2024-11-22,165
S06751,U0086,T07,2024-06-12,119
S06752,U1883,T08,2023-11-22,156
S06753,U0747,T01,2025-05-06,68
S06754,U0366,T09,2023-11-04,54
S06755,U1861,T09,2024-08-28,161
S06756,U1504,T03,2025-07-18,121
S06757,U2215,T07,2023-12-13,71
S06758,U0645,T03,2024-03-10,62
S06759,U0091,T07,2023-07-11,124
S06760,U1167,T07,2025-02-18,113
S06761,U2405,T10,2024-01-26,88
S06762,U1856,T03,2024-02-12,8
S06763,U1624,T06,2024-05-24,138
S06764,U0677,T09,2023-05-03,156
S06765,U1894,T02,2023-12-08,26
S06766,U1177,T03,2024-10-08,127
S06767,U1321,T03,2024-10-22,131
S06768,U2298,T06,2023-04-17,145
S06769,U0863,T10,2026-01-28,180
S06770,U0564,T08,2026-03-11,49
S06771,U0827,T06,2024-09-07,10
S06772,U0497,T10,2025-12-05,104
S06773,U1729,T06,2024-02-28,76
S06774,U0018,T10,2024-12-21,19
S06775,U1112,T03,2024-03-11,75
S06776,U1432,T01,2024-10-20,96
S06777,U0557,T01,2023-09-20,34
S06778,U1951,T04,2025-12-28,173
S06779,U1678,T02,2026-02-13,8
S06780,U0649,T04,2024-09-02,111
S06781,U2235,T04,2025-06-28,155
S06782,U1496,T09,2024-04-07,90
S06783,U2033,T01,2025-08-09,161
S06784,U1811,T04,2023-10-28,119
S06785,U0534,T07,2024-11-17,69
S06786,U0926,T05,2025-06-18,161
S06787,U1599,T01,2024-06-20,17
S06788,U1477,T07,2025-02-20,92
S06789,U0500,T09,2024-08-17,73
S06790,U2314,T08,2024-04-08,121
S06791,U1941,T06,2025-03-13,68
S06792,U2333,T02,2023-02-26,145
S06793,U0065,T10,2026-03-21,164
S06794,U0867,T03,2025-08-09,42
S06795,U2030,T10,2025-05-17,178
S06796,U1179,T03,2025-02-13,167
S06797,U2342,T05,2023-01-18,29
S06798,U2419,T07,2025-06-12,126
S06799,U1635,T07,2023-09-12,71
S06800,U1856,T01,2024-11-08,152
S06801,U1036,T07,2024-03-11,72
S06802,U1626,T09,2025-03-30,117
S06803,U2277,T09,2023-01-31,72
S06804,U2231,T09,2023-03-07,82
S06805,U0405,T01,2025-09-01,25
S06806,U0762,T09,2024-02-15,87
S06807,U1476,T05,2024-05-01,72
S06808,U2106,T03,2025-03-19,77
S06809,U2242,T10,2023-09-03,132
S06810,U0644,T05,2026-01-17,25
S06811,U0853,T05,2026-02-25,73
S06812,U1352,T03,2025-05-19,111
S06813,U2051,T01,2025-08-15,35
S06814,U0147,T08,2023-03-06,68
S06815,U2073,T05,2023-09-27,29
S06816,U0152,T02,2025-09-13,136
S06817,U0724,T04,2026-01-20,83
S06818,U0941,T10,2024-12-25,90
S06819,U1379,T03,2023-01-20,106
S06820,U1928,T10,2025-11-25,41
S06821,U1570,T04,2026-03-09,35
S06822,U2069,T08,2025-06-25,65
S06823,U0004,T10,2025-05-11,94
S06824,U0603,T04,2023-03-09,73
S06825,U0680,T01,2026-01-18,38
S06826,U1609,T01,2023-08-15,81
S06827,U2413,T07,2025-07-27,178
S06828,U0929,T05,2024-11-18,100
S06829,U2293,T10,2025-05-26,131
S06830,U0901,T04,2025-05-11,63
S06831,U0294,T07,2023-03-16,36
S06832,U0792,T04,2026-01-05,19
S06833,U2228,T07,2024-08-06,89
S06834,U2436,T04,2024-02-16,58
S06835,U0919,T07,2023-10-05,156
S06836,U2238,T04,2025-12-03,59
S06837,U0168,T07,2023-03-21,45
S06838,U2340,T02,2024-11-20,9
S06839,U0168,T04,2025-09-14,152
S06840,U0420,T01,2025-04-05,162
S06841,U2097,T06,2024-03-04,90
S06842,U1101,T08,2025-08-04,157
S06843,U1027,T09,2024-02-01,114
S06844,U0637,T10,2025-06-07,131
S06845,U0721,T03,2025-08-18,158
S06846,U0161,T06,2024-08-27,123
S06847,U1639,T04,2025-07-27,58
S06848,U0137,T08,2024-08-02,19
S06849,U0516,T10,2024-12-11,54
S06850,U0678,T03,2023-12-01,173
S06851,U2369,T04,2025-10-04,131
S06852,U1986,T09,2026-03-10,116
S06853,U1258,T02,2024-12-12,129
S06854,U0621,T05,2025-02-22,164
S06855,U2153,T04,2025-09-07,51
S06856,U0277,T08,2024-01-01,146
S06857,U1324,T01,2024-05-11,70
S06858,U0057,T02,2024-06-06,70
S06859,U1464,T01,2024-10-22,100
S06860,U1764,T10,2025-04-22,173
S06861,U0675,T07,2023-12-01,108
S06862,U0795,T07,2025-02-16,49
S06863,U2142,T05,2023-12-30,100
S06864,U1340,T07,2024-08-28,142
S06865,U2282,T07,2024-10-31,163
S06866,U1015,T05,2025-08-09,25
S06867,U2048,T01,2024-05-13,46
S06868,U0196,T05,2025-03-11,101
S06869,U0518,T02,2023-08-24,54
S06870,U2376,T05,2023-08-07,104
S06871,U0203,T08,2024-07-03,122
S06872,U0720,T10,2026-03-05,180
S06873,U0398,T05,2025-02-18,130
S06874,U0769,T05,2023-01-27,98
S06875,U1068,T07,2024-12-09,126
S06876,U0035,T06,2023-08-10,52
S06877,U1296,T02,2024-10-03,26
S06878,U2345,T07,2023-09-16,108
S06879,U2421,T06,2023-06-09,166
S06880,U2252,T03,2023-10-28,21
S06881,U0651,T06,2025-08-17,131
S06882,U2209,T09,2023-07-16,28
S06883,U2244,T08,2025-09-13,113
S06884,U1994,T06,2025-04-21,172
S06885,U1670,T04,2024-07-01,37
S06886,U1706,T07,2023-03-03,17
S06887,U0749,T03,2025-11-12,108
S06888,U0966,T01,2026-02-02,135
S06889,U0358,T09,2023-08-11,42
S06890,U0443,T07,2024-06-07,56
S06891,U1671,T03,2025-07-08,39
S06892,U0529,T07,2023-08-17,77
S06893,U1322,T10,2024-12-05,72
S06894,U0144,T02,2025-09-16,106
S06895,U1171,T10,2023-02-16,42
S06896,U2146,T03,2026-01-21,57
S06897,U2213,T02,2025-06-17,54
S06898,U0275,T06,2025-05-31,78
S06899,U1344,T03,2025-01-15,9
S06900,U0526,T10,2023-09-30,175
S06901,U2018,T03,2025-12-03,123
S06902,U2171,T05,2025-07-30,68
S06903,U1609,T10,2024-10-14,136
S06904,U1294,T01,2023-05-15,39
S06905,U1081,T03,2023-11-26,86
S06906,U1149,T02,2023-10-07,47
S06907,U1404,T07,2026-01-21,27
S06908,U2328,T06,2025-02-17,71
S06909,U2307,T08,2023-02-01,118
S06910,U0646,T08,2024-05-29,65
S06911,U0848,T06,2023-09-23,118
S06912,U1606,T04,2026-03-25,121
S06913,U2050,T06,2023-09-09,121
S06914,U1259,T03,2025-02-07,75
S06915,U1607,T08,2025-07-20,31
S06916,U2417,T05,2023-01-27,50
S06917,U2005,T10,2025-12-24,165
S06918,U1643,T09,2023-09-23,6
S06919,U0906,T01,2025-06-06,77
S06920,U0401,T07,2025-08-28,90
S06921,U2111,T06,2023-04-08,108
S06922,U0568,T01,2024-10-07,42
S06923,U1665,T01,2023-08-06,43
S06924,U1377,T06,2023-09-30,72
S06925,U1168,T02,2025-02-05,99
S06926,U1002,T08,2024-08-24,56
S06927,U1571,T02,2026-01-17,15
S06928,U1451,T03,2024-06-06,166
S06929,U2478,T08,2023-11-08,19
S06930,U1899,T07,2023-04-03,154
S06931,U2183,T03,2023-02-01,74
S06932,U0214,T05,2023-11-11,17
S06933,U2013,T10,2025-09-24,88
S06934,U0594,T06,2025-08-03,119
S06935,U1945,T04,2025-12-20,126
S06936,U2224,T03,2023-08-25,44
S06937,U1743,T09,2024-08-30,124
S06938,U0662,T07,2024-08-16,73
S06939,U0942,T01,2025-11-15,146
S06940,U0440,T10,2023-11-30,73
S06941,U1794,T01,2024-04-25,133
S06942,U0506,T08,2025-11-29,57
S06943,U1531,T06,2023-01-15,95
S06944,U2205,T01,2023-08-18,131
S06945,U0966,T02,2023-12-13,76
S06946,U0072,T02,2025-11-03,158
S06947,U0169,T09,2024-01-29,140
S06948,U1809,T02,2023-09-01,167
S06949,U0895,T08,2023-02-21,169
S06950,U2098,T05,2025-11-13,71
S06951,U1763,T06,2024-01-22,44
S06952,U0429,T05,2023-11-30,132
S06953,U2233,T01,2024-07-07,15
S06954,U0615,T08,2023-06-09,159
S06955,U0915,T06,2026-01-23,168
S06956,U2373,T09,2025-12-14,64
S06957,U0204,T06,2024-10-27,68
S06958,U0729,T08,2024-06-14,21
S06959,U2392,T03,2023-08-28,99
S06960,U0364,T04,2026-03-03,106
S06961,U1769,T01,2023-04-25,107
S06962,U1735,T01,2024-10-24,107
S06963,U0440,T10,2025-07-05,59
S06964,U1478,T06,2023-04-27,95
S06965,U0483,T05,2023-03-20,65
S06966,U1886,T10,2025-06-30,160
S06967,U2106,T03,2025-09-14,133
S06968,U2267,T04,2023-05-23,30
S06969,U0426,T01,2025-09-26,123
S06970,U0060,T01,2023-12-04,21
S06971,U1090,T01,2023-11-17,16
S06972,U1601,T01,2023-09-16,47
S06973,U0151,T08,2023-03-21,58
S06974,U0616,T08,2023-04-07,40
S06975,U0211,T07,2025-06-11,34
S06976,U0156,T01,2024-04-12,127
S06977,U2490,T08,2024-05-14,5
S06978,U0411,T10,2026-01-25,147
S06979,U0437,T04,2024-03-17,26
S06980,U2289,T05,2024-12-13,110
S06981,U1823,T03,2026-03-06,128
S06982,U0735,T10,2024-11-19,166
S06983,U0102,T08,2023-10-19,144
S06984,U0375,T04,2024-05-30,166
S06985,U2122,T10,2024-05-05,115
S06986,U0119,T01,2025-07-25,153
S06987,U1166,T06,2024-11-16,126
S06988,U1272,T05,2024-08-24,83
S06989,U1582,T06,2024-12-16,180
S06990,U1946,T10,2023-09-16,110
S06991,U0744,T09,2023-10-14,19
S06992,U0902,T07,2025-11-09,23
S06993,U2447,T09,2023-03-02,91
S06994,U0210,T09,2023-08-08,128
S06995,U1238,T09,2023-12-22,8
S06996,U0020,T04,2024-07-23,77
S06997,U1764,T01,2023-08-11,5
S06998,U2146,T07,2026-02-06,177
S06999,U0716,T08,2024-06-05,152
S07000,U1619,T02,2025-04-05,37
S07001,U0724,T10,2024-07-13,98
S07002,U1974,T05,2024-02-26,65
S07003,U0385,T07,2023-12-17,32
S07004,U2458,T04,2025-07-23,132
S07005,U1726,T09,2023-07-09,173
S07006,U0046,T02,2025-12-29,84
S07007,U0393,T08,2025-04-04,27
S07008,U1429,T05,2023-01-25,151
S07009,U0341,T05,2026-02-18,68
S07010,U2309,T06,2026-04-11,68
S07011,U2231,T08,2025-02-27,130
S07012,U0564,T04,2025-09-07,118
S07013,U0423,T09,2026-03-24,113
S07014,U1002,T02,2024-12-19,15
S07015,U1070,T08,2023-12-28,80
S07016,U2134,T06,2025-11-13,57
S07017,U2033,T03,2026-01-28,158
S07018,U2466,T07,2024-09-18,126
S07019,U1214,T03,2025-11-09,100
S07020,U1439,T08,2023-11-03,167
S07021,U2444,T08,2024-04-15,36
S07022,U0118,T09,2024-01-16,124
S07023,U1565,T02,2023-05-16,10
S07024,U0205,T09,2023-06-13,81
S07025,U1929,T04,2023-03-13,6
S07026,U0407,T09,2025-11-10,96
S07027,U2339,T09,2023-08-16,94
S07028,U0506,T02,2025-06-26,132
S07029,U0620,T10,2024-02-19,84
S07030,U1386,T07,2025-05-13,45
S07031,U1866,T05,2025-06-02,21
S07032,U1252,T02,2023-05-05,167
S07033,U0885,T02,2024-11-14,175
S07034,U1068,T01,2023-09-05,57
S07035,U0872,T07,2024-04-14,106
S07036,U0944,T08,2024-10-20,161
S07037,U2365,T08,2023-01-29,142
S07038,U1158,T05,2025-09-30,10
S07039,U1634,T03,2024-01-30,65
S07040,U0189,T07,2023-08-15,150
S07041,U2202,T07,2024-03-24,153
S07042,U0299,T05,2023-11-14,122
S07043,U0012,T03,2024-06-11,79
S07044,U1457,T07,2023-01-31,126
S07045,U0324,T09,2023-05-23,26
S07046,U0513,T06,2023-04-12,68
S07047,U0281,T01,2025-04-12,81
S07048,U1561,T10,2023-04-10,93
S07049,U2148,T08,2024-02-13,114
S07050,U1881,T02,2025-05-18,46
S07051,U0875,T02,2023-08-31,142
S07052,U2200,T09,2025-08-05,65
S07053,U0536,T05,2026-04-05,58
S07054,U1545,T03,2024-12-24,156
S07055,U1431,T09,2024-12-28,63
S07056,U0443,T07,2023-12-26,9
S07057,U0973,T07,2024-07-18,65
S07058,U1690,T04,2023-03-31,96
S07059,U0590,T08,2025-01-01,104
S07060,U2362,T06,2023-07-05,118
S07061,U2199,T01,2024-05-25,54
S07062,U0452,T04,2025-02-14,90
S07063,U0201,T02,2023-04-23,126
S07064,U0597,T04,2024-10-23,133
S07065,U2105,T06,2024-08-09,142
S07066,U2493,T08,2025-10-14,145
S07067,U2272,T04,2025-06-16,15
S07068,U1010,T01,2025-07-10,83
S07069,U1715,T10,2024-01-18,82
S07070,U2387,T09,2024-01-10,49
S07071,U2193,T10,2024-08-01,65
S07072,U2235,T08,2023-10-01,95
S07073,U1083,T01,2025-09-24,118
S07074,U1763,T06,2025-12-07,21
S07075,U2335,T07,2025-12-29,123
S07076,U1605,T04,2023-04-27,84
S07077,U0942,T09,2023-01-26,58
S07078,U0667,T10,2024-03-24,121
S07079,U0671,T04,2026-02-23,28
S07080,U0458,T10,2026-03-09,9
S07081,U0305,T03,2024-07-15,102
S07082,U0022,T05,2024-03-27,77
S07083,U1935,T02,2023-05-29,141
S07084,U2088,T07,2024-02-14,11
S07085,U1445,T10,2024-03-17,179
S07086,U0419,T10,2024-01-18,38
S07087,U1194,T04,2023-10-21,168
S07088,U1644,T01,2023-12-27,129
S07089,U0215,T05,2025-08-12,107
S07090,U1819,T02,2024-03-02,48
S07091,U1306,T05,2023-01-26,124
S07092,U0666,T09,2024-12-20,38
S07093,U1634,T08,2026-03-02,12
S07094,U0329,T07,2025-12-05,178
S07095,U2486,T07,2025-04-13,142
S07096,U0886,T05,2023-08-23,49
S07097,U0282,T05,2024-02-29,73
S07098,U0786,T09,2023-06-26,130
S07099,U0194,T06,2025-11-04,150
S07100,U0559,T03,2023-08-27,38
S07101,U1858,T01,2023-11-19,9
S07102,U1576,T02,2024-11-05,117
S07103,U2304,T06,2023-06-17,113
S07104,U1607,T08,2023-07-03,21
S07105,U0207,T04,2025-11-02,22
S07106,U1645,T08,2023-07-22,5
S07107,U2138,T09,2024-11-06,156
S07108,U2005,T09,2024-11-28,12
S07109,U1484,T07,2023-07-20,153
S07110,U0513,T02,2025-10-08,17
S07111,U1504,T09,2024-08-03,76
S07112,U0506,T01,2023-05-12,149
S07113,U1887,T07,2023-09-10,35
S07114,U1522,T09,2024-12-14,88
S07115,U1950,T05,2024-05-14,61
S07116,U1099,T10,2025-07-18,104
S07117,U1099,T04,2024-12-29,116
S07118,U1385,T05,2024-12-13,144
S07119,U2141,T06,2024-08-18,47
S07120,U1908,T09,2026-03-27,143
S07121,U0221,T05,2024-09-01,39
S07122,U0841,T07,2024-11-22,17
S07123,U1157,T10,2024-01-05,44
S07124,U0776,T09,2025-12-08,151
S07125,U1735,T05,2025-02-04,26
S07126,U1488,T03,2023-08-18,31
S07127,U0952,T01,2026-02-06,21
S07128,U1951,T01,2023-05-28,89
S07129,U1534,T02,2025-11-01,82
S07130,U0210,T08,2024-03-19,129
S07131,U0119,T09,2025-03-10,174
S07132,U2462,T01,2025-08-10,85
S07133,U1518,T02,2025-04-16,112
S07134,U0176,T08,2023-02-24,109
S07135,U1088,T07,2024-12-15,77
S07136,U0667,T06,2024-02-25,174
S07137,U2055,T10,2023-01-23,26
S07138,U1353,T07,2025-09-28,91
S07139,U0101,T07,2025-06-06,133
S07140,U2408,T09,2024-10-24,124
S07141,U2387,T05,2024-11-22,24
S07142,U0584,T02,2023-09-07,179
S07143,U0990,T09,2025-04-19,67
S07144,U0557,T05,2026-02-24,67
S07145,U1558,T01,2024-05-21,17
S07146,U1168,T06,2023-12-19,34
S07147,U0370,T02,2025-09-28,141
S07148,U0763,T04,2023-07-09,91
S07149,U1813,T08,2025-07-02,73
S07150,U1591,T05,2024-02-21,63
S07151,U0329,T08,2023-01-23,105
S07152,U2062,T10,2023-07-18,67
S07153,U1770,T05,2025-05-28,180
S07154,U1292,T06,2025-10-18,99
S07155,U0028,T01,2023-10-22,60
S07156,U0245,T04,2023-04-01,127
S07157,U2381,T03,2025-03-12,146
S07158,U0360,T04,2025-11-15,79
S07159,U0155,T01,2025-11-04,145
S07160,U1954,T06,2025-04-18,165
S07161,U0256,T09,2025-11-04,137
S07162,U0938,T05,2026-04-09,101
S07163,U0258,T07,2023-02-25,35
S07164,U0811,T04,2023-10-23,176
S07165,U0299,T04,2026-03-28,59
S07166,U1789,T09,2023-06-06,73
S07167,U0981,T08,2026-03-01,104
S07168,U2007,T01,2023-05-11,180
S07169,U1319,T06,2024-12-06,161
S07170,U0225,T07,2023-12-17,98
S07171,U0789,T10,2024-11-19,5
S07172,U2406,T01,2023-11-26,38
S07173,U2032,T01,2024-01-06,58
S07174,U2265,T05,2023-01-06,45
S07175,U1878,T07,2023-09-02,38
S07176,U1576,T08,2023-11-10,131
S07177,U0336,T05,2024-03-28,70
S07178,U1572,T02,2023-02-13,68
S07179,U1393,T09,2026-03-16,135
S07180,U0174,T01,2023-11-25,115
S07181,U0634,T03,2024-05-03,129
S07182,U0797,T03,2023-01-25,42
S07183,U0047,T08,2023-07-03,123
S07184,U0213,T08,2026-01-03,129
S07185,U0803,T04,2023-10-05,73
S07186,U2182,T02,2025-06-18,151
S07187,U2104,T07,2023-02-25,128
S07188,U1755,T02,2023-12-11,114
S07189,U0003,T08,2024-10-13,38
S07190,U2272,T03,2024-11-16,11
S07191,U1840,T06,2025-11-16,117
S07192,U2333,T04,2025-06-29,10
S07193,U1900,T04,2024-05-16,142
S07194,U1061,T03,2023-11-09,81
S07195,U1209,T01,2024-04-18,115
S07196,U0556,T01,2024-08-02,123
S07197,U0291,T04,2025-10-24,21
S07198,U0434,T09,2025-03-13,28
S07199,U2495,T02,2024-12-30,17
S07200,U0677,T02,2024-09-22,91
S07201,U1577,T09,2026-02-23,167
S07202,U2044,T01,2024-08-30,152
S07203,U1054,T08,2023-09-08,31
S07204,U0033,T02,2023-01-27,61
S07205,U2325,T05,2024-07-03,155
S07206,U2022,T10,2025-08-30,33
S07207,U2460,T05,2025-12-09,131
S07208,U0881,T03,2026-04-12,41
S07209,U1391,T01,2024-03-07,126
S07210,U0366,T03,2025-04-21,152
S07211,U1655,T09,2023-02-24,167
S07212,U0459,T08,2023-04-03,135
S07213,U1006,T02,2023-06-03,162
S07214,U1822,T02,2023-05-05,59
S07215,U0502,T03,2024-04-28,48
S07216,U1767,T01,2024-03-31,154
S07217,U2003,T07,2023-12-15,162
S07218,U2015,T08,2024-03-21,20
S07219,U2254,T07,2025-04-05,72
S07220,U0204,T07,2025-08-10,178
S07221,U0859,T07,2023-09-08,172
S07222,U1770,T08,2025-04-26,19
S07223,U0648,T06,2025-07-23,73
S07224,U1926,T09,2023-03-13,74
S07225,U0746,T03,2023-10-21,154
S07226,U1103,T06,2024-07-14,78
S07227,U1292,T03,2023-12-06,16
S07228,U2105,T07,2025-05-01,86
S07229,U1236,T05,2023-09-04,171
S07230,U1684,T02,2023-10-27,14
S07231,U0989,T04,2023-03-10,112
S07232,U0408,T10,2026-04-08,75
S07233,U0490,T01,2026-01-18,138
S07234,U0911,T02,2023-08-13,45
S07235,U1798,T10,2025-11-11,34
S07236,U1308,T06,2026-03-24,149
S07237,U2076,T02,2024-10-14,138
S07238,U1149,T03,2024-06-09,165
S07239,U0953,T06,2023-05-08,147
S07240,U1958,T09,2026-04-05,158
S07241,U2367,T04,2023-10-09,82
S07242,U0076,T09,2023-02-15,42
S07243,U1969,T09,2024-05-15,132
S07244,U1693,T10,2023-06-03,59
S07245,U1792,T09,2024-05-21,16
S07246,U0962,T05,2025-10-05,87
S07247,U1888,T08,2023-09-01,130
S07248,U2237,T04,2024-12-14,111
S07249,U1727,T07,2023-05-17,122
S07250,U1082,T01,2024-04-17,44
S07251,U2356,T08,2024-05-07,178
S07252,U1634,T08,2025-05-09,116
S07253,U0473,T09,2025-01-28,82
S07254,U2442,T08,2023-05-18,173
S07255,U2352,T03,2026-03-24,12
S07256,U0452,T01,2024-01-03,39
S07257,U2351,T01,2023-07-09,170
S07258,U0679,T05,2024-10-24,42
S07259,U0853,T05,2023-05-05,134
S07260,U0221,T01,2024-02-10,154
S07261,U1008,T06,2025-01-01,79
S07262,U2462,T09,2025-09-19,67
S07263,U0973,T05,2024-06-15,82
S07264,U1062,T04,2026-04-04,174
S07265,U0594,T03,2026-02-01,12
S07266,U0656,T05,2025-12-24,131
S07267,U1927,T01,2025-02-19,42
S07268,U1624,T03,2024-02-27,6
S07269,U0385,T07,2025-06-19,19
S07270,U0113,T07,2025-10-18,152
S07271,U1427,T08,2025-08-16,90
S07272,U1953,T05,2024-10-31,72
S07273,U1972,T01,2026-02-21,154
S07274,U0599,T02,2024-09-14,6
S07275,U0065,T09,2024-10-30,38
S07276,U1859,T09,2024-03-31,15
S07277,U1254,T08,2023-01-25,15
S07278,U0742,T02,2026-01-30,32
S07279,U1344,T07,2023-08-28,60
S07280,U0631,T10,2026-04-14,38
S07281,U1229,T10,2024-06-29,56
S07282,U0482,T04,2025-06-28,7
S07283,U0550,T09,2023-04-24,36
S07284,U0978,T04,2024-08-13,29
S07285,U1126,T09,2025-03-24,58
S07286,U1596,T07,2023-08-08,73
S07287,U2282,T09,2024-11-30,108
S07288,U2162,T03,2024-05-24,131
S07289,U1656,T02,2025-11-01,57
S07290,U2075,T08,2023-12-18,107
S07291,U1709,T07,2025-12-18,146
S07292,U1009,T05,2024-02-24,116
S07293,U0132,T06,2024-11-14,165
S07294,U1074,T07,2025-06-22,7
S07295,U2407,T08,2024-01-13,10
S07296,U0447,T07,2024-04-24,121
S07297,U1139,T02,2023-10-13,121
S07298,U1990,T10,2024-01-18,143
S07299,U1294,T10,2025-09-27,86
S07300,U2361,T03,2023-10-03,180
S07301,U0292,T05,2023-02-04,98
S07302,U1439,T03,2023-07-21,52
S07303,U2036,T02,2024-07-14,82
S07304,U0883,T07,2023-09-27,16
S07305,U1158,T05,2024-12-03,87
S07306,U0873,T05,2024-09-04,165
S07307,U1108,T08,2023-10-12,46
S07308,U0744,T02,2024-02-07,62
S07309,U2401,T03,2025-07-20,48
S07310,U1036,T09,2023-01-15,109
S07311,U0772,T02,2025-12-03,132
S07312,U0387,T07,2023-12-24,161
S07313,U2386,T02,2023-06-15,109
S07314,U0932,T01,2025-07-06,98
S07315,U2020,T10,2025-06-28,99
S07316,U0273,T10,2025-02-20,14
S07317,U1690,T10,2026-01-07,15
S07318,U1793,T05,2024-12-31,130
S07319,U1161,T01,2023-07-17,53
S07320,U1472,T07,2024-07-17,106
S07321,U0834,T10,2024-01-27,74
S07322,U0200,T05,2025-05-31,121
S07323,U0909,T01,2023-07-22,46
S07324,U0093,T02,2023-03-04,116
S07325,U2039,T03,2023-12-05,36
S07326,U2403,T06,2026-04-07,50
S07327,U1959,T09,2023-07-20,55
S07328,U2282,T06,2024-11-23,24
S07329,U1722,T09,2023-01-28,112
S07330,U0101,T04,2025-01-23,127
S07331,U2184,T10,2024-05-03,38
S07332,U1043,T08,2025-07-08,113
S07333,U0277,T07,2024-11-20,5
S07334,U2226,T03,2025-03-27,19
S07335,U1643,T01,2026-04-05,65
S07336,U1235,T08,2026-02-11,69
S07337,U0151,T04,2023-09-09,108
S07338,U1037,T02,2024-03-14,11
S07339,U0804,T09,2024-03-24,98
S07340,U0215,T09,2024-04-01,142
S07341,U0070,T10,2024-06-05,158
S07342,U0673,T04,2023-07-25,47
S07343,U1261,T08,2023-12-28,177
S07344,U2167,T10,2024-08-11,162
S07345,U0259,T08,2023-10-27,97
S07346,U0346,T07,2023-07-04,135
S07347,U0464,T06,2025-05-26,91
S07348,U1372,T04,2023-06-29,99
S07349,U0963,T06,2026-01-10,176
S07350,U1778,T02,2024-02-24,155
S07351,U0583,T09,2024-05-09,110
S07352,U2156,T09,2024-02-19,174
S07353,U1070,T03,2025-06-26,78
S07354,U0727,T04,2023-10-05,72
S07355,U1014,T02,2025-12-22,26
S07356,U2481,T02,2023-08-05,93
S07357,U1895,T01,2025-01-11,96
S07358,U0063,T03,2025-02-09,5
S07359,U0395,T10,2023-12-23,53
S07360,U0592,T09,2024-10-21,180
S07361,U1431,T02,2026-03-02,158
S07362,U1347,T02,2025-07-25,61
S07363,U1559,T09,2023-04-04,71
S07364,U1292,T02,2025-11-11,61
S07365,U2172,T04,2025-03-06,11
S07366,U1458,T07,2023-09-09,53
S07367,U1774,T07,2024-01-04,61
S07368,U1865,T10,2025-03-10,58
S07369,U2422,T06,2025-01-07,156
S07370,U2376,T07,2024-03-12,77
S07371,U0637,T09,2024-01-01,156
S07372,U1616,T08,2024-08-07,177
S07373,U1167,T04,2024-04-18,168
S07374,U0416,T05,2023-05-22,74
S07375,U1620,T07,2024-11-19,143
S07376,U0705,T08,2025-12-14,113
S07377,U0044,T04,2026-01-09,114
S07378,U1307,T02,2025-04-14,83
S07379,U1739,T07,2023-02-23,17
S07380,U1526,T01,2024-10-21,140
S07381,U0350,T04,2023-09-19,141
S07382,U2067,T08,2024-11-23,24
S07383,U0154,T05,2024-02-19,90
S07384,U0188,T03,2023-11-27,58
S07385,U1481,T06,2025-12-30,130
S07386,U2025,T03,2023-11-19,118
S07387,U1107,T03,2023-08-18,31
S07388,U0372,T02,2025-08-15,75
S07389,U0336,T09,2024-08-31,31
S07390,U0373,T05,2023-05-19,84
S07391,U2117,T08,2023-11-06,172
S07392,U1097,T02,2026-03-15,120
S07393,U1969,T05,2025-11-21,178
S07394,U1819,T02,2024-07-08,94
S07395,U1257,T05,2025-04-21,5
S07396,U2304,T02,2023-07-09,172
S07397,U0143,T04,2023-04-08,14
S07398,U1325,T03,2023-09-21,36
S07399,U2143,T04,2026-03-14,46
S07400,U1907,T10,2023-07-04,102
S07401,U2031,T05,2026-04-03,39
S07402,U0986,T10,2024-01-24,169
S07403,U1353,T04,2025-04-16,55
S07404,U0781,T09,2026-03-27,46
S07405,U1395,T07,2024-05-03,54
S07406,U1866,T10,2026-02-02,120
S07407,U0056,T01,2024-12-13,64
S07408,U1751,T02,2025-10-12,151
S07409,U0093,T09,2026-02-28,131
S07410,U0053,T05,2025-10-20,33
S07411,U0533,T02,2025-03-21,114
S07412,U1385,T07,2023-11-07,44
S07413,U1425,T03,2026-01-22,165
S07414,U0470,T08,2023-07-09,147
S07415,U2391,T01,2025-01-04,132
S07416,U0864,T08,2026-01-29,154
S07417,U1660,T01,2023-08-13,124
S07418,U1682,T06,2024-11-11,118
S07419,U0288,T10,2023-11-18,9
S07420,U1243,T02,2025-11-24,50
S07421,U2163,T07,2025-01-14,123
S07422,U0206,T06,2024-09-22,101
S07423,U0638,T03,2023-03-23,131
S07424,U0916,T10,2025-02-12,98
S07425,U1863,T08,2023-09-23,12
S07426,U1322,T07,2026-02-20,140
S07427,U1950,T10,2023-02-22,162
S07428,U2108,T06,2023-06-05,6
S07429,U0699,T05,2024-03-21,103
S07430,U1102,T04,2024-03-15,70
S07431,U1796,T10,2023-11-21,40
S07432,U1415,T01,2025-11-09,29
S07433,U1998,T03,2023-07-24,80
S07434,U1541,T10,2025-03-12,70
S07435,U1680,T06,2023-01-09,111
S07436,U1813,T10,2024-05-23,5
S07437,U1299,T09,2024-05-07,87
S07438,U0979,T08,2023-10-23,163
S07439,U1977,T01,2024-03-31,61
S07440,U0762,T08,2024-04-04,12
S07441,U1023,T01,2025-03-27,134
S07442,U0606,T06,2024-07-15,138
S07443,U1130,T10,2023-12-20,103
S07444,U1897,T05,2025-12-09,95
S07445,U2199,T08,2024-03-13,123
S07446,U0054,T10,2023-09-01,108
S07447,U1859,T04,2025-07-31,31
S07448,U0202,T04,2025-09-29,91
S07449,U0813,T04,2023-01-30,119
S07450,U1487,T05,2023-04-10,120
S07451,U0218,T07,2023-06-06,62
S07452,U1798,T06,2023-12-15,176
S07453,U2426,T06,2026-01-21,31
S07454,U1703,T02,2023-11-02,23
S07455,U1521,T05,2024-07-02,129
S07456,U1301,T04,2026-02-23,85
S07457,U1729,T09,2024-04-05,39
S07458,U0643,T08,2023-04-16,15
S07459,U2179,T02,2025-09-10,83
S07460,U1032,T06,2023-06-03,25
S07461,U1767,T10,2023-03-31,75
S07462,U0314,T08,2023-03-31,90
S07463,U1986,T08,2025-01-29,139
S07464,U2234,T10,2026-04-03,90
S07465,U0171,T07,2025-07-27,35
S07466,U2266,T10,2025-11-22,57
S07467,U1097,T07,2024-01-03,127
S07468,U1431,T05,2024-03-11,87
S07469,U1046,T10,2023-10-11,118
S07470,U1680,T02,2023-07-27,134
S07471,U2258,T09,2023-04-12,11
S07472,U0567,T06,2023-03-29,71
S07473,U1871,T01,2025-07-03,97
S07474,U2468,T01,2024-01-16,9
S07475,U0596,T08,2025-11-25,130
S07476,U2404,T07,2025-07-26,153
S07477,U1868,T06,2025-12-18,14
S07478,U0441,T10,2024-12-15,174
S07479,U0556,T01,2024-07-24,85
S07480,U1556,T10,2023-08-09,118
S07481,U1873,T04,2023-05-12,24
S07482,U0185,T05,2024-09-18,102
S07483,U2142,T06,2026-01-06,6
S07484,U1223,T03,2024-09-08,76
S07485,U2408,T09,2023-09-02,141
S07486,U0403,T05,2024-02-06,64
S07487,U1451,T06,2026-03-03,5
S07488,U1206,T01,2023-09-25,152
S07489,U0196,T07,2026-04-05,170
S07490,U0267,T05,2024-11-28,143
S07491,U0159,T06,2025-04-07,49
S07492,U1625,T02,2025-03-10,104
S07493,U0203,T04,2025-05-04,92
S07494,U0527,T09,2023-02-16,48
S07495,U0888,T03,2024-06-28,158
S07496,U0413,T09,2023-09-30,36
S07497,U1396,T02,2023-06-16,62
S07498,U2498,T01,2023-04-24,112
S07499,U0606,T04,2023-07-06,26
S07500,U1362,T07,2025-08-16,107
