user_id,name,city,profession,signup_date
U0001,User 1,Bengaluru,Teacher,2023-05-10
U0002,User 2,Mumbai,Software Engineer,2025-10-11
U0003,User 3,Delhi,Designer,2025-02-16
U0004,User 4,Bengaluru,Software Engineer,2025-09-26
U0005,User 5,Hyderabad,Designer,2025-06-05
U0006,User 6,Vijayawada,Software Engineer,2025-07-01
U0007,User 7,Mumbai,Data Analyst,2023-07-29
U0008,User 8,Mumbai,Software Engineer,2023-02-15
U0009,User 9,Hyderabad,Teacher,2023-01-19
U0010,User 10,Delhi,Data Analyst,2025-05-14
U0011,User 11,Hyderabad,Teacher,2024-03-30
U0012,User 12,Delhi,Designer,2026-02-06
U0013,User 13,Bengaluru,Student,2024-04-17
U0014,User 14,Bengaluru,Designer,2024-08-16
U0015,User 15,Hyderabad,Designer,2026-02-13
U0016,User 16,Hyderabad,Data Analyst,2024-08-30
U0017,User 17,Hyderabad,Student,2025-10-22
U0018,User 18,Delhi,Teacher,2024-01-24
U0019,User 19,Mumbai,Student,2025-10-19
U0020,User 20,Vijayawada,Designer,2023-03-12
U0021,User 21,Delhi,Data Analyst,2025-04-07
U0022,User 22,Delhi,Data Analyst,2025-01-21
U0023,User 23,Vijayawada,Student,2023-06-27
U0024,User 24,Delhi,Teacher,2023-08-10
U0025,User 25,Bengaluru,Teacher,2025-03-16
U0026,User 26,Mumbai,Designer,2023-03-02
U0027,User 27,Delhi,Software Engineer,2024-09-23
U0028,User 28,Vijayawada,Teacher,2026-03-30
U0029,User 29,Delhi,Data Analyst,2023-12-12
U0030,User 30,Vijayawada,Data Analyst,2023-01-26
U0031,User 31,Bengaluru,Teacher,2026-01-27
U0032,User 32,Bengaluru,Designer,2025-11-18
U0033,User 33,Mumbai,Teacher,2024-12-24
U0034,User 34,Delhi,Student,2026-01-27
U0035,User 35,Vijayawada,Software Engineer,2025-02-24
U0036,User 36,Vijayawada,Data Analyst,2025-11-28
U0037,User 37,Vijayawada,Data Analyst,2025-05-22
U0038,User 38,Hyderabad,Designer,2025-01-16
U0039,User 39,Vijayawada,Teacher,2024-02-14
U0040,User 40,Vijayawada,Designer,2025-09-20
U0041,User 41,Mumbai,Designer,2024-12-09
U0042,User 42,Hyderabad,Teacher,2026-01-11
U0043,User 43,Vijayawada,Teacher,2024-11-09
U0044,User 44,Delhi,Teacher,2023-02-27
U0045,User 45,Bengaluru,Data Analyst,2026-02-01
U0046,User 46,Vijayawada,Data Analyst,2023-07-07
U0047,User 47,Vijayawada,Student,2023-03-08
U0048,User 48,Hyderabad,Software Engineer,2023-02-04
U0049,User 49,Delhi,Software Engineer,2024-07-29
U0050,User 50,Bengaluru,Student,2023-08-13
U0051,User 51,Vijayawada,Data Analyst,2024-12-06
U0052,User 52,Mumbai,Software Engineer,2023-12-09
U0053,User 53,Bengaluru,Student,2025-12-16
U0054,User 54,Bengaluru,Student,2024-08-26
U0055,User 55,Delhi,Student,2025-10-13
U0056,User 56,Delhi,Software Engineer,2023-02-18
U0057,User 57,Mumbai,Designer,2024-12-04
U0058,User 58,Delhi,Data Analyst,2024-06-13
U0059,User 59,Hyderabad,Student,2025-11-10
U0060,User 60,Bengaluru,Teacher,2025-06-03
U0061,User 61,Hyderabad,Data Analyst,2023-02-06
U0062,User 62,Delhi,Data Analyst,2023-03-14
U0063,User 63,Bengaluru,Designer,2025-11-02
U0064,User 64,Delhi,Teacher,2024-03-27
U0065,User 65,Vijayawada,Designer,2024-04-02
U0066,User 66,Vijayawada,Software Engineer,2025-03-19
U0067,User 67,Vijayawada,Student,2025-05-23
U0068,User 68,Hyderabad,Student,2023-09-15
U0069,User 69,Bengaluru,Software Engineer,2024-09-19
U0070,User 70,Hyderabad,Software Engineer,2024-09-27
U0071,User 71,Mumbai,Data Analyst,2025-05-02
U0072,User 72,Vijayawada,Student,2023-09-25
U0073,User 73,Hyderabad,Teacher,2023-03-19
U0074,User 74,Vijayawada,Data Analyst,2026-03-13
U0075,User 75,Delhi,Data Analyst,2025-11-08
U0076,User 76,Hyderabad,Designer,2024-02-15
U0077,User 77,Mumbai,Software Engineer,2024-02-26
U0078,User 78,Vijayawada,Designer,2024-02-02
U0079,User 79,Delhi,Software Engineer,2025-03-09
U0080,User 80,Mumbai,Teacher,2025-10-20
U0081,User 81,Hyderabad,Student,2025-04-03
U0082,User 82,Mumbai,Software Engineer,2023-11-18
U0083,User 83,Bengaluru,Student,2026-02-27
U0084,User 84,Bengaluru,Student,2025-05-29
U0085,User 85,Bengaluru,Student,2023-07-17
U0086,User 86,Delhi,Teacher,2024-12-05
U0087,User 87,Vijayawada,Designer,2025-12-26
U0088,User 88,Bengaluru,Software Engineer,2023-03-24
U0089,User 89,Hyderabad,Data Analyst,2023-12-14
U0090,User 90,Bengaluru,Teacher,2024-03-12
U0091,User 91,Mumbai,Student,2025-11-02
U0092,User 92,Mumbai,Student,2024-11-24
U0093,User 93,Mumbai,Software Engineer,2024-08-19
U0094,User 94,Bengaluru,Teacher,2025-09-28
U0095,User 95,Bengaluru,Teacher,2026-02-02
U0096,User 96,Hyderabad,Student,2023-03-22
U0097,User 97,Delhi,Software Engineer,2025-02-17
U0098,User 98,Bengaluru,Data Analyst,2024-11-29
U0099,User 99,Hyderabad,Teacher,2025-02-13
U0100,User 100,Hyderabad,Teacher,2026-01-31
U0101,User 101,Bengaluru,Teacher,2023-06-17
U0102,User 102,Mumbai,Student,2024-08-28
U0103,User 103,Vijayawada,Teacher,2023-08-23
U0104,User 104,Delhi,Student,2023-08-09
U0105,User 105,Hyderabad,Student,2023-01-26
U0106,User 106,Vijayawada,Software Engineer,2023-07-07
U0107,User 107,Delhi,Software Engineer,2023-03-23
U0108,User 108,Bengaluru,Data Analyst,2025-05-12
U0109,User 109,Bengaluru,Software Engineer,2025-07-12
U0110,User 110,Bengaluru,Data Analyst,2023-11-22
U0111,User 111,Hyderabad,Designer,2025-02-13
U0112,User 112,Vijayawada,Student,2026-01-31
U0113,User 113,Mumbai,Designer,2024-10-06
U0114,User 114,Hyderabad,Data Analyst,2024-10-12
U0115,User 115,Hyderabad,Software Engineer,2023-01-22
U0116,User 116,Mumbai,Teacher,2024-10-17
U0117,User 117,Delhi,Designer,2024-10-03
U0118,User 118,Delhi,Software Engineer,2023-05-12
U0119,User 119,Mumbai,Teacher,2025-07-22
U0120,User 120,Hyderabad,Student,2024-03-16
U0121,User 121,Vijayawada,Teacher,2025-08-18
U0122,User 122,Mumbai,Student,2024-01-11
U0123,User 123,Vijayawada,Data Analyst,2024-09-21
U0124,User 124,Bengaluru,Data Analyst,2025-01-08
U0125,User 125,Hyderabad,Student,2023-07-03
U0126,User 126,Delhi,Software Engineer,2026-03-22
U0127,User 127,Mumbai,Data Analyst,2025-03-10
U0128,User 128,Mumbai,Software Engineer,2024-11-01
U0129,User 129,Bengaluru,Student,2026-03-31
U0130,User 130,Mumbai,Data Analyst,2024-11-15
U0131,User 131,Hyderabad,Teacher,2026-03-31
U0132,User 132,Vijayawada,Software Engineer,2024-05-16
U0133,User 133,Bengaluru,Software Engineer,2024-05-14
U0134,User 134,Delhi,Software Engineer,2024-07-02
U0135,User 135,Vijayawada,Software Engineer,2023-06-03
U0136,User 136,Hyderabad,Software Engineer,2024-08-18
U0137,User 137,Mumbai,Designer,2025-08-18
U0138,User 138,Bengaluru,Software Engineer,2025-10-23
U0139,User 139,Mumbai,Software Engineer,2025-11-08
U0140,User 140,Bengaluru,Data Analyst,2023-11-03
U0141,User 141,Bengaluru,Student,2024-09-17
U0142,User 142,Hyderabad,Teacher,2024-08-24
U0143,User 143,Bengaluru,Data Analyst,2023-10-18
U0144,User 144,Vijayawada,Software Engineer,2024-10-09
U0145,User 145,Vijayawada,Teacher,2024-02-25
U0146,User 146,Bengaluru,Student,2025-06-05
U0147,User 147,Vijayawada,Data Analyst,2023-04-10
U0148,User 148,Bengaluru,Student,2023-05-12
U0149,User 149,Delhi,Designer,2026-01-29
U0150,User 150,Mumbai,Teacher,2025-06-18
U0151,User 151,Vijayawada,Designer,2023-01-23
U0152,User 152,Delhi,Student,2023-12-18
U0153,User 153,Mumbai,Designer,2023-02-19
U0154,User 154,Delhi,Teacher,2023-02-08
U0155,User 155,Hyderabad,Student,2026-04-02
U0156,User 156,Bengaluru,Teacher,2023-09-14
U0157,User 157,Bengaluru,Student,2024-07-21
U0158,User 158,Delhi,Teacher,2025-04-01
U0159,User 159,Bengaluru,Teacher,2023-07-02
U0160,User 160,Bengaluru,Designer,2023-01-16
U0161,User 161,Bengaluru,Teacher,2024-10-11
U0162,User 162,Vijayawada,Designer,2024-04-07
U0163,User 163,Bengaluru,Student,2025-10-10
U0164,User 164,Delhi,Data Analyst,2025-04-24
U0165,User 165,Mumbai,Teacher,2024-07-17
U0166,User 166,Bengaluru,Software Engineer,2023-05-27
U0167,User 167,Vijayawada,Student,2023-11-23
U0168,User 168,Vijayawada,Data Analyst,2024-09-30
U0169,User 169,Mumbai,Student,2026-02-05
U0170,User 170,Mumbai,Data Analyst,2025-08-09
U0171,User 171,Vijayawada,Software Engineer,2023-09-10
U0172,User 172,Vijayawada,Teacher,2026-03-15
U0173,User 173,Delhi,Data Analyst,2023-11-16
U0174,User 174,Mumbai,Designer,2024-03-21
U0175,User 175,Vijayawada,Software Engineer,2025-10-10
U0176,User 176,Delhi,Student,2025-02-25
U0177,User 177,Vijayawada,Data Analyst,2026-01-19
U0178,User 178,Hyderabad,Teacher,2023-07-05
U0179,User 179,Mumbai,Software Engineer,2024-07-01
U0180,User 180,Hyderabad,Data Analyst,2023-06-17
U0181,User 181,Delhi,Data Analyst,2025-02-22
U0182,User 182,Delhi,Designer,2023-12-04
U0183,User 183,Mumbai,Designer,2023-09-16
U0184,User 184,Vijayawada,Designer,2024-03-10
U0185,User 185,Hyderabad,Designer,2025-12-29
U0186,User 186,Delhi,Software Engineer,2024-08-28
U0187,User 187,Mumbai,Data Analyst,2025-02-14
U0188,User 188,Vijayawada,Software Engineer,2024-01-24
U0189,User 189,Vijayawada,Designer,2026-03-31
U0190,User 190,Hyderabad,Software Engineer,2024-05-11
U0191,User 191,Mumbai,Data Analyst,2023-12-21
U0192,User 192,Mumbai,Data Analyst,2026-01-15
U0193,User 193,Bengaluru,Student,2024-09-29
U0194,User 194,Vijayawada,Student,2025-07-03
U0195,User 195,Bengaluru,Teacher,2025-01-01
U0196,User 196,Delhi,Designer,2023-09-07
U0197,User 197,Bengaluru,Teacher,2025-02-23
U0198,User 198,Bengaluru,Student,2023-08-10
U0199,User 199,Hyderabad,Software Engineer,2026-03-11
U0200,User 200,Hyderabad,Teacher,2024-08-30
U0201,User 201,Bengaluru,Software Engineer,2025-10-21
U0202,User 202,Mumbai,Teacher,2024-09-29
U0203,User 203,Delhi,Teacher,2024-12-31
U0204,User 204,Vijayawada,Student,2023-01-02
U0205,User 205,Hyderabad,Designer,2025-07-09
U0206,User 206,Mumbai,Student,2026-01-09
U0207,User 207,Delhi,Student,2026-03-16
U0208,User 208,Delhi,Software Engineer,2025-02-12
U0209,User 209,Delhi,Data Analyst,2026-02-14
U0210,User 210,Hyderabad,Student,2025-11-12
U0211,User 211,Bengaluru,Designer,2025-11-24
U0212,User 212,Delhi,Student,2023-12-15
U0213,User 213,Delhi,Teacher,2025-12-23
U0214,User 214,Bengaluru,Student,2025-12-13
U0215,User 215,Hyderabad,Designer,2026-04-01
U0216,User 216,Delhi,Designer,2024-11-19
U0217,User 217,Vijayawada,Teacher,2023-05-19
U0218,User 218,Delhi,Data Analyst,2024-08-18
U0219,User 219,Hyderabad,Designer,2023-11-16
U0220,User 220,Delhi,Student,2023-12-31
U0221,User 221,Hyderabad,Teacher,2023-01-21
U0222,User 222,Mumbai,Student,2025-04-22
U0223,User 223,Vijayawada,Student,2023-11-08
U0224,User 224,Delhi,Student,2025-09-19
U0225,User 225,Bengaluru,Designer,2025-11-11
U0226,User 226,Hyderabad,Student,2025-11-11
U0227,User 227,Hyderabad,Teacher,2025-05-15
U0228,User 228,Hyderabad,Student,2023-05-18
U0229,User 229,Delhi,Software Engineer,2023-12-03
U0230,User 230,Vijayawada,Data Analyst,2023-07-10
U0231,User 231,Delhi,Student,2024-09-15
U0232,User 232,Bengaluru,Teacher,2024-03-01
U0233,User 233,Bengaluru,Student,2024-07-05
U0234,User 234,Hyderabad,Software Engineer,2025-12-07
U0235,User 235,Mumbai,Designer,2025-11-13
U0236,User 236,Vijayawada,Software Engineer,2023-12-12
U0237,User 237,Mumbai,Teacher,2024-07-06
U0238,User 238,Mumbai,Teacher,2024-04-20
U0239,User 239,Delhi,Teacher,2025-03-29
U0240,User 240,Bengaluru,Designer,2024-06-15
U0241,User 241,Vijayawada,Student,2024-03-31
U0242,User 242,Mumbai,Teacher,2024-05-15
U0243,User 243,Hyderabad,Teacher,2025-04-04
U0244,User 244,Mumbai,Designer,2024-05-23
U0245,User 245,Mumbai,Data Analyst,2023-05-29
U0246,User 246,Bengaluru,Teacher,2025-06-27
U0247,User 247,Vijayawada,Data Analyst,2024-06-20
U0248,User 248,Delhi,Teacher,2023-11-29
U0249,User 249,Bengaluru,Data Analyst,2025-06-21
U0250,User 250,Mumbai,Student,2025-03-31
U0251,User 251,Bengaluru,Software Engineer,2024-02-27
U0252,User 252,Mumbai,Software Engineer,2023-08-06
U0253,User 253,Bengaluru,Designer,2024-10-20
U0254,User 254,Delhi,Software Engineer,2024-01-18
U0255,User 255,Hyderabad,Software Engineer,2023-02-17
U0256,User 256,Bengaluru,Software Engineer,2025-10-09
U0257,User 257,Vijayawada,Teacher,2025-06-24
U0258,User 258,Mumbai,Student,2023-08-30
U0259,User 259,Vijayawada,Data Analyst,2023-07-15
U0260,User 260,Bengaluru,Designer,2024-04-22
U0261,User 261,Delhi,Designer,2025-02-12
U0262,User 262,Bengaluru,Data Analyst,2024-04-27
U0263,User 263,Mumbai,Designer,2026-01-25
U0264,User 264,Vijayawada,Designer,2024-03-09
U0265,User 265,Delhi,Student,2024-11-07
U0266,User 266,Delhi,Teacher,2023-08-16
U0267,User 267,Bengaluru,Software Engineer,2023-04-05
U0268,User 268,Hyderabad,Software Engineer,2025-09-10
U0269,User 269,Mumbai,Designer,2026-04-03
U0270,User 270,Mumbai,Data Analyst,2025-03-30
U0271,User 271,Bengaluru,Data Analyst,2023-03-04
U0272,User 272,Hyderabad,Designer,2023-10-25
U0273,User 273,Vijayawada,Software Engineer,2026-03-02
U0274,User 274,Delhi,Student,2023-09-24
U0275,User 275,Hyderabad,Designer,2024-09-13
U0276,User 276,Hyderabad,Software Engineer,2026-01-04
U0277,User 277,Hyderabad,Teacher,2023-09-22
U0278,User 278,Hyderabad,Student,2023-08-29
U0279,User 279,Delhi,Software Engineer,2024-01-25
U0280,User 280,Hyderabad,Designer,2023-09-24
U0281,User 281,Mumbai,Data Analyst,2025-07-05
U0282,User 282,Delhi,Student,2024-07-02
U0283,User 283,Mumbai,Data Analyst,2024-05-17
U0284,User 284,Hyderabad,Teacher,2023-12-25
U0285,User 285,Mumbai,Designer,2026-02-21
U0286,User 286,Vijayawada,Software Engineer,2024-12-24
U0287,User 287,Vijayawada,Designer,2026-01-07
U0288,User 288,Bengaluru,Teacher,2025-05-18
U0289,User 289,Hyderabad,Student,2023-05-29
U0290,User 290,Mumbai,Data Analyst,2023-07-17
U0291,User 291,Bengaluru,Software Engineer,2024-02-21
U0292,User 292,Delhi,Software Engineer,2023-04-19
U0293,User 293,Hyderabad,Teacher,2025-08-18
U0294,User 294,Vijayawada,Student,2023-07-23
U0295,User 295,Mumbai,Software Engineer,2023-09-17
U0296,User 296,Vijayawada,Software Engineer,2025-06-26
U0297,User 297,Bengaluru,Designer,2025-07-02
U0298,User 298,Hyderabad,Teacher,2024-07-06
U0299,User 299,Hyderabad,Student,2024-10-28
U0300,User 300,Hyderabad,Student,2023-03-12
U0301,User 301,Delhi,Software Engineer,2024-06-18
U0302,User 302,Mumbai,Data Analyst,2024-06-17
U0303,User 303,Delhi,Software Engineer,2024-09-14
U0304,User 304,Hyderabad,Designer,2024-05-17
U0305,User 305,Vijayawada,Teacher,2024-02-25
U0306,User 306,Mumbai,Student,2025-11-09
U0307,User 307,Delhi,Teacher,2025-09-12
U0308,User 308,Hyderabad,Data Analyst,2025-07-07
U0309,User 309,Vijayawada,Teacher,2026-04-05
U0310,User 310,Vijayawada,Teacher,2023-03-03
U0311,User 311,Mumbai,Data Analyst,2024-02-14
U0312,User 312,Mumbai,Designer,2025-12-03
U0313,User 313,Mumbai,Software Engineer,2025-04-18
U0314,User 314,Mumbai,Data Analyst,2026-03-23
U0315,User 315,Hyderabad,Software Engineer,2024-09-07
U0316,User 316,Vijayawada,Student,2025-05-05
U0317,User 317,Mumbai,Student,2024-12-23
U0318,User 318,Mumbai,Student,2025-12-01
U0319,User 319,Vijayawada,Software Engineer,2025-12-13
U0320,User 320,Hyderabad,Data Analyst,2024-10-11
U0321,User 321,Mumbai,Student,2026-03-19
U0322,User 322,Hyderabad,Designer,2024-07-26
U0323,User 323,Delhi,Designer,2025-01-15
U0324,User 324,Delhi,Software Engineer,2026-03-31
U0325,User 325,Hyderabad,Data Analyst,2023-04-10
U0326,User 326,Vijayawada,Designer,2026-03-24
U0327,User 327,Mumbai,Data Analyst,2026-03-21
U0328,User 328,Mumbai,Student,2025-01-28
U0329,User 329,Delhi,Student,2025-08-09
U0330,User 330,Vijayawada,Student,2025-12-25
U0331,User 331,Vijayawada,Data Analyst,2023-03-01
U0332,User 332,Bengaluru,Student,2024-03-28
U0333,User 333,Vijayawada,Data Analyst,2023-08-19
U0334,User 334,Bengaluru,Designer,2023-04-13
U0335,User 335,Hyderabad,Teacher,2024-06-28
U0336,User 336,Hyderabad,Data Analyst,2024-06-19
U0337,User 337,Hyderabad,Teacher,2025-12-14
U0338,User 338,Hyderabad,Software Engineer,2024-03-21
U0339,User 339,Bengaluru,Teacher,2025-06-03
U0340,User 340,Hyderabad,Teacher,2025-01-23
U0341,User 341,Delhi,Student,2024-03-26
U0342,User 342,Bengaluru,Teacher,2025-10-07
U0343,User 343,Bengaluru,Designer,2025-07-15
U0344,User 344,Mumbai,Teacher,2024-01-22
U0345,User 345,Delhi,Software Engineer,2024-06-09
U0346,User 346,Delhi,Data Analyst,2023-01-17
U0347,User 347,Vijayawada,Designer,2025-11-19
U0348,User 348,Delhi,Software Engineer,2025-04-06
U0349,User 349,Vijayawada,Teacher,2026-03-30
U0350,User 350,Vijayawada,Designer,2023-03-24
U0351,User 351,Mumbai,Designer,2023-01-14
U0352,User 352,Bengaluru,Student,2023-01-12
U0353,User 353,Vijayawada,Software Engineer,2024-09-11
U0354,User 354,Vijayawada,Student,2026-01-17
U0355,User 355,Vijayawada,Teacher,2024-08-01
U0356,User 356,Vijayawada,Designer,2026-01-15
U0357,User 357,Vijayawada,Designer,2026-04-05
U0358,User 358,Mumbai,Designer,2024-09-10
U0359,User 359,Bengaluru,Teacher,2025-06-28
U0360,User 360,Vijayawada,Data Analyst,2026-01-31
U0361,User 361,Bengaluru,Student,2023-01-20
U0362,User 362,Delhi,Teacher,2023-03-16
U0363,User 363,Mumbai,Designer,2025-04-03
U0364,User 364,Mumbai,Software Engineer,2023-07-05
U0365,User 365,Hyderabad,Software Engineer,2025-02-24
U0366,User 366,Mumbai,Designer,2024-07-10
U0367,User 367,Mumbai,Designer,2024-11-20
U0368,User 368,Delhi,Designer,2023-08-27
U0369,User 369,Delhi,Student,2023-10-24
U0370,User 370,Delhi,Data Analyst,2023-02-07
U0371,User 371,Bengaluru,Student,2025-01-23
U0372,User 372,Bengaluru,Teacher,2024-08-11
U0373,User 373,Delhi,Student,2025-11-18
U0374,User 374,Mumbai,Designer,2024-07-14
U0375,User 375,Delhi,Student,2025-09-21
U0376,User 376,Bengaluru,Designer,2025-04-03
U0377,User 377,Delhi,Software Engineer,2023-05-12
U0378,User 378,Bengaluru,Data Analyst,2023-11-03
U0379,User 379,Bengaluru,Software Engineer,2023-07-31
U0380,User 380,Mumbai,Data Analyst,2025-09-09
U0381,User 381,Hyderabad,Designer,2024-01-19
U0382,User 382,Hyderabad,Software Engineer,2025-05-25
U0383,User 383,Vijayawada,Software Engineer,2026-01-30
U0384,User 384,Bengaluru,Teacher,2025-05-14
U0385,User 385,Mumbai,Software Engineer,2023-07-31
U0386,User 386,Vijayawada,Designer,2023-08-31
U0387,User 387,Mumbai,Student,2024-01-02
U0388,User 388,Delhi,Software Engineer,2024-03-14
U0389,User 389,Hyderabad,Designer,2023-09-11
U0390,User 390,Delhi,Student,2025-11-06
U0391,User 391,Delhi,Designer,2023-08-26
U0392,User 392,Vijayawada,Designer,2023-08-05
U0393,User 393,Bengaluru,Designer,2024-02-17
U0394,User 394,Bengaluru,Teacher,2024-06-11
U0395,User 395,Delhi,Teacher,2024-08-14
U0396,User 396,Delhi,Teacher,2024-03-15
U0397,User 397,Vijayawada,Student,2025-09-22
U0398,User 398,Hyderabad,Software Engineer,2024-12-11
U0399,User 399,Mumbai,Software Engineer,2026-01-12
U0400,User 400,Delhi,Student,2023-07-26
U0401,User 401,Bengaluru,Teacher,2024-07-16
U0402,User 402,Mumbai,Data Analyst,2025-04-23
U0403,User 403,Bengaluru,Data Analyst,2024-06-08
U0404,User 404,Bengaluru,Designer,2026-02-22
U0405,User 405,Vijayawada,Software Engineer,2025-12-27
U0406,User 406,Vijayawada,Teacher,2023-11-01
U0407,User 407,Delhi,Student,2024-07-27
U0408,User 408,Delhi,Student,2024-06-30
U0409,User 409,Delhi,Data Analyst,2025-10-18
U0410,User 410,Mumbai,Teacher,2025-08-21
U0411,User 411,Bengaluru,Student,2023-12-27
U0412,User 412,Vijayawada,Data Analyst,2026-04-03
U0413,User 413,Delhi,Teacher,2023-11-03
U0414,User 414,Hyderabad,Teacher,2024-10-29
U0415,User 415,Vijayawada,Data Analyst,2024-03-12
U0416,User 416,Mumbai,Teacher,2025-10-08
U0417,User 417,Delhi,Student,2023-08-31
U0418,User 418,Bengaluru,Data Analyst,2024-06-09
U0419,User 419,Bengaluru,Software Engineer,2026-01-08
U0420,User 420,Hyderabad,Teacher,2023-12-19
U0421,User 421,Hyderabad,Data Analyst,2026-02-27
U0422,User 422,Bengaluru,Teacher,2026-03-08
U0423,User 423,Mumbai,Designer,2024-11-02
U0424,User 424,Hyderabad,Software Engineer,2024-09-17
U0425,User 425,Vijayawada,Data Analyst,2023-06-23
U0426,User 426,Bengaluru,Student,2024-11-29
U0427,User 427,Mumbai,Teacher,2025-11-27
U0428,User 428,Delhi,Software Engineer,2023-09-07
U0429,User 429,Mumbai,Student,2023-10-13
U0430,User 430,Hyderabad,Student,2023-10-21
U0431,User 431,Vijayawada,Software Engineer,2024-12-11
U0432,User 432,Hyderabad,Software Engineer,2023-07-31
U0433,User 433,Mumbai,Student,2024-05-24
U0434,User 434,Mumbai,Teacher,2023-04-12
U0435,User 435,Mumbai,Software Engineer,2023-06-10
U0436,User 436,Bengaluru,Designer,2025-01-31
U0437,User 437,Bengaluru,Software Engineer,2024-11-04
U0438,User 438,Mumbai,Software Engineer,2025-11-21
U0439,User 439,Mumbai,Software Engineer,2024-12-22
U0440,User 440,Bengaluru,Teacher,2024-07-09
U0441,User 441,Delhi,Software Engineer,2026-03-26
U0442,User 442,Vijayawada,Teacher,2025-08-31
U0443,User 443,Vijayawada,Designer,2026-01-02
U0444,User 444,Delhi,Student,2024-03-25
U0445,User 445,Mumbai,Teacher,2023-09-30
U0446,User 446,Hyderabad,Teacher,2025-11-07
U0447,User 447,Hyderabad,Data Analyst,2024-05-07
U0448,User 448,Bengaluru,Designer,2024-07-16
U0449,User 449,Vijayawada,Software Engineer,2024-05-27
U0450,User 450,Vijayawada,Student,2025-12-21
U0451,User 451,Mumbai,Designer,2023-09-16
U0452,User 452,Delhi,Software Engineer,2025-02-03
U0453,User 453,Hyderabad,Teacher,2025-01-13
U0454,User 454,Vijayawada,Teacher,2025-11-05
U0455,User 455,Vijayawada,Software Engineer,2024-09-23
U0456,User 456,Delhi,Data Analyst,2023-11-16
U0457,User 457,Hyderabad,Teacher,2023-10-18
U0458,User 458,Bengaluru,Designer,2024-11-18
U0459,User 459,Mumbai,Student,2023-11-24
U0460,User 460,Bengaluru,Designer,2025-06-19
U0461,User 461,Delhi,Software Engineer,2023-10-25
U0462,User 462,Mumbai,Student,2023-01-17
U0463,User 463,Vijayawada,Software Engineer,2023-09-29
U0464,User 464,Delhi,Teacher,2023-07-27
U0465,User 465,Delhi,Software Engineer,2025-06-03
U0466,User 466,Vijayawada,Designer,2024-07-19
U0467,User 467,Mumbai,Designer,2025-04-11
U0468,User 468,Vijayawada,Designer,2023-04-20
U0469,User 469,Hyderabad,Designer,2023-03-18
U0470,User 470,Hyderabad,Software Engineer,2023-08-16
U0471,User 471,Vijayawada,Data Analyst,2025-12-22
U0472,User 472,Vijayawada,Student,2026-02-02
U0473,User 473,Mumbai,Teacher,2024-12-30
U0474,User 474,Delhi,Data Analyst,2024-05-06
U0475,User 475,Hyderabad,Teacher,2025-01-02
U0476,User 476,Bengaluru,Software Engineer,2023-03-25
U0477,User 477,Mumbai,Designer,2024-12-10
U0478,User 478,Mumbai,Software Engineer,2025-06-09
U0479,User 479,Delhi,Designer,2025-01-04
U0480,User 480,Mumbai,Student,2025-06-22
U0481,User 481,Bengaluru,Teacher,2025-11-28
U0482,User 482,Bengaluru,Software Engineer,2024-11-30
U0483,User 483,Hyderabad,Teacher,2023-12-19
U0484,User 484,Vijayawada,Designer,2024-11-29
U0485,User 485,Hyderabad,Teacher,2023-02-14
U0486,User 486,Delhi,Data Analyst,2025-02-23
U0487,User 487,Bengaluru,Designer,2024-04-11
U0488,User 488,Hyderabad,Data Analyst,2024-11-18
U0489,User 489,Mumbai,Data Analyst,2025-08-02
U0490,User 490,Delhi,Student,2025-10-05
U0491,User 491,Bengaluru,Designer,2025-06-21
U0492,User 492,Delhi,Teacher,2023-09-04
U0493,User 493,Vijayawada,Designer,2024-06-29
U0494,User 494,Bengaluru,Data Analyst,2023-01-25
U0495,User 495,Delhi,Designer,2023-08-12
U0496,User 496,Hyderabad,Software Engineer,2024-01-10
U0497,User 497,Delhi,Designer,2025-10-25
U0498,User 498,Mumbai,Data Analyst,2023-11-12
U0499,User 499,Vijayawada,Software Engineer,2024-06-05
U0500,User 500,Hyderabad,Designer,2025-03-23
U0501,User 501,Bengaluru,Teacher,2025-03-11
U0502,User 502,Hyderabad,Teacher,2024-05-25
U0503,User 503,Delhi,Data Analyst,2024-01-02
U0504,User 504,Mumbai,Data Analyst,2023-06-05
U0505,User 505,Vijayawada,Teacher,2023-11-26
U0506,User 506,Bengaluru,Designer,2026-04-13
U0507,User 507,Hyderabad,Teacher,2024-03-20
U0508,User 508,Delhi,Data Analyst,2023-03-24
U0509,User 509,Vijayawada,Data Analyst,2025-10-29
U0510,User 510,Vijayawada,Teacher,2023-06-08
U0511,User 511,Bengaluru,Designer,2025-08-10
U0512,User 512,Hyderabad,Teacher,2023-04-10
U0513,User 513,Delhi,Software Engineer,2026-02-20
U0514,User 514,Hyderabad,Designer,2023-04-03
U0515,User 515,Vijayawada,Data Analyst,2023-01-25
U0516,User 516,Hyderabad,Student,2025-08-13
U0517,User 517,Mumbai,Designer,2023-12-08
U0518,User 518,Vijayawada,Data Analyst,2026-02-24
U0519,User 519,Mumbai,Teacher,2025-07-07
U0520,User 520,Vijayawada,Designer,2026-02-08
U0521,User 521,Bengaluru,Designer,2025-03-07
U0522,User 522,Bengaluru,Designer,2024-07-24
U0523,User 523,Mumbai,Data Analyst,2024-06-15
U0524,User 524,Vijayawada,Student,2023-12-25
U0525,User 525,Vijayawada,Software Engineer,2025-01-08
U0526,User 526,Mumbai,Data Analyst,2024-06-13
U0527,User 527,Mumbai,Student,2024-12-16
U0528,User 528,Delhi,Student,2026-03-04
U0529,User 529,Delhi,Software Engineer,2023-11-02
U0530,User 530,Bengaluru,Student,2024-04-07
U0531,User 531,Bengaluru,Software Engineer,2026-04-01
U0532,User 532,Vijayawada,Teacher,2024-02-11
U0533,User 533,Vijayawada,Designer,2024-05-06
U0534,User 534,Vijayawada,Data Analyst,2026-02-08
U0535,User 535,Delhi,Designer,2024-02-06
U0536,User 536,Hyderabad,Software Engineer,2023-11-10
U0537,User 537,Hyderabad,Software Engineer,2025-04-10
U0538,User 538,Delhi,Designer,2023-10-09
U0539,User 539,Vijayawada,Teacher,2023-09-22
U0540,User 540,Vijayawada,Teacher,2023-06-01
U0541,User 541,Bengaluru,Designer,2023-10-13
U0542,User 542,Mumbai,Data Analyst,2025-03-24
U0543,User 543,Mumbai,Data Analyst,2024-04-06
U0544,User 544,Mumbai,Data Analyst,2024-12-13
U0545,User 545,Delhi,Teacher,2024-08-20
U0546,User 546,Hyderabad,Teacher,2024-09-04
U0547,User 547,Bengaluru,Designer,2023-02-14
U0548,User 548,Mumbai,Teacher,2023-07-31
U0549,User 549,Vijayawada,Student,2025-06-27
U0550,User 550,Mumbai,Teacher,2023-04-30
U0551,User 551,Hyderabad,Student,2023-11-24
U0552,User 552,Bengaluru,Software Engineer,2023-08-19
U0553,User 553,Delhi,Teacher,2024-05-18
U0554,User 554,Bengaluru,Teacher,2025-11-05
U0555,User 555,Delhi,Software Engineer,2024-03-10
U0556,User 556,Delhi,Teacher,2023-10-02
U0557,User 557,Vijayawada,Student,2023-01-08
U0558,User 558,Hyderabad,Data Analyst,2026-02-26
U0559,User 559,Delhi,Designer,2026-01-21
U0560,User 560,Vijayawada,Data Analyst,2024-07-02
U0561,User 561,Hyderabad,Data Analyst,2026-02-09
U0562,User 562,Vijayawada,Data Analyst,2025-04-20
U0563,User 563,Mumbai,Designer,2025-03-27
U0564,User 564,Mumbai,Designer,2023-07-20
U0565,User 565,Bengaluru,Data Analyst,2026-02-19
U0566,User 566,Hyderabad,Designer,2023-04-02
U0567,User 567,Delhi,Data Analyst,2025-03-17
U0568,User 568,Vijayawada,Student,2024-05-13
U0569,User 569,Hyderabad,Software Engineer,2023-03-29
U0570,User 570,Delhi,Designer,2024-01-22
U0571,User 571,Bengaluru,Teacher,2025-10-25
U0572,User 572,Bengaluru,Teacher,2025-02-27
U0573,User 573,Vijayawada,Student,2024-02-08
U0574,User 574,Bengaluru,Student,2026-04-15
U0575,User 575,Hyderabad,Student,2023-04-17
U0576,User 576,Delhi,Software Engineer,2023-12-29
U0577,User 577,Bengaluru,Student,2025-08-18
U0578,User 578,Hyderabad,Teacher,2025-10-23
U0579,User 579,Hyderabad,Teacher,2025-03-22
U0580,User 580,Hyderabad,Designer,2025-11-14
U0581,User 581,Vijayawada,Student,2025-03-18
U0582,User 582,Mumbai,Student,2025-08-21
U0583,User 583,Hyderabad,Teacher,2025-09-04
U0584,User 584,Hyderabad,Designer,2024-09-15
U0585,User 585,Vijayawada,Student,2023-11-02
U0586,User 586,Vijayawada,Teacher,2026-02-12
U0587,User 587,Mumbai,Software Engineer,2025-01-09
U0588,User 588,Delhi,Designer,2025-11-30
U0589,User 589,Hyderabad,Teacher,2026-04-06
U0590,User 590,Hyderabad,Software Engineer,2026-03-21
U0591,User 591,Vijayawada,Software Engineer,2023-07-26
U0592,User 592,Mumbai,Student,2025-01-24
U0593,User 593,Vijayawada,Software Engineer,2025-01-28
U0594,User 594,Vijayawada,Software Engineer,2025-09-20
U0595,User 595,Hyderabad,Teacher,2025-07-02
U0596,User 596,Mumbai,Teacher,2026-01-19
U0597,User 597,Hyderabad,Data Analyst,2024-10-27
U0598,User 598,Mumbai,Data Analyst,2023-10-27
U0599,User 599,Vijayawada,Data Analyst,2023-08-09
U0600,User 600,Delhi,Student,2025-11-07
U0601,User 601,Delhi,Student,2024-11-30
U0602,User 602,Mumbai,Teacher,2025-01-24
U0603,User 603,Hyderabad,Software Engineer,2024-05-20
U0604,User 604,Mumbai,Designer,2026-02-01
U0605,User 605,Mumbai,Teacher,2023-06-20
U0606,User 606,Hyderabad,Data Analyst,2024-07-01
U0607,User 607,Delhi,Software Engineer,2023-09-16
U0608,User 608,Mumbai,Teacher,2024-06-22
U0609,User 609,Bengaluru,Data Analyst,2023-07-22
U0610,User 610,Mumbai,Designer,2023-04-07
U0611,User 611,Vijayawada,Student,2024-02-22
U0612,User 612,Vijayawada,Software Engineer,2026-02-01
U0613,User 613,Mumbai,Student,2024-08-29
U0614,User 614,Vijayawada,Data Analyst,2023-03-14
U0615,User 615,Delhi,Student,2023-03-18
U0616,User 616,Hyderabad,Student,2025-05-05
U0617,User 617,Bengaluru,Teacher,2023-03-25
U0618,User 618,Vijayawada,Teacher,2025-05-19
U0619,User 619,Bengaluru,Data Analyst,2024-04-21
U0620,User 620,Hyderabad,Teacher,2023-09-24
U0621,User 621,Vijayawada,Teacher,2023-09-08
U0622,User 622,Mumbai,Designer,2024-02-07
U0623,User 623,Hyderabad,Student,2025-07-23
U0624,User 624,Mumbai,Teacher,2024-12-27
U0625,User 625,Bengaluru,Software Engineer,2023-01-29
U0626,User 626,Delhi,Software Engineer,2023-12-03
U0627,User 627,Mumbai,Teacher,2023-03-23
U0628,User 628,Hyderabad,Data Analyst,2023-06-23
U0629,User 629,Vijayawada,Data Analyst,2023-03-13
U0630,User 630,Vijayawada,Data Analyst,2024-03-04
U0631,User 631,Delhi,Student,2024-05-12
U0632,User 632,Delhi,Teacher,2025-01-30
U0633,User 633,Mumbai,Designer,2023-05-31
U0634,User 634,Bengaluru,Teacher,2024-01-07
U0635,User 635,Bengaluru,Teacher,2024-08-31
U0636,User 636,Vijayawada,Designer,2025-08-28
U0637,User 637,Mumbai,Software Engineer,2025-09-25
U0638,User 638,Hyderabad,Software Engineer,2026-03-29
U0639,User 639,Vijayawada,Designer,2026-04-07
U0640,User 640,Mumbai,Student,2023-06-01
U0641,User 641,Delhi,Data Analyst,2025-11-19
U0642,User 642,Delhi,Teacher,2026-02-28
U0643,User 643,Vijayawada,Teacher,2025-09-05
U0644,User 644,Vijayawada,Teacher,2025-07-10
U0645,User 645,Vijayawada,Designer,2023-12-05
U0646,User 646,Mumbai,Teacher,2024-09-09
U0647,User 647,Vijayawada,Designer,2026-01-10
U0648,User 648,Mumbai,Student,2024-09-27
U0649,User 649,Hyderabad,Teacher,2023-04-04
U0650,User 650,Delhi,Designer,2024-12-29
U0651,User 651,Bengaluru,Teacher,2025-06-28
U0652,User 652,Bengaluru,Designer,2024-11-18
U0653,User 653,Bengaluru,Designer,2025-06-14
U0654,User 654,Hyderabad,Software Engineer,2024-12-30
U0655,User 655,Hyderabad,Student,2026-01-13
U0656,User 656,Hyderabad,Student,2025-02-14
U0657,User 657,Hyderabad,Student,2024-11-23
U0658,User 658,Mumbai,Teacher,2023-04-12
U0659,User 659,Bengaluru,Software Engineer,2024-11-04
U0660,User 660,Hyderabad,Software Engineer,2023-09-20
U0661,User 661,Mumbai,Designer,2024-11-28
U0662,User 662,Bengaluru,Software Engineer,2024-01-10
U0663,User 663,Vijayawada,Teacher,2025-01-19
U0664,User 664,Mumbai,Student,2025-02-13
U0665,User 665,Delhi,Teacher,2025-08-03
U0666,User 666,Hyderabad,Data Analyst,2025-04-14
U0667,User 667,Bengaluru,Teacher,2023-03-28
U0668,User 668,Vijayawada,Data Analyst,2024-04-04
U0669,User 669,Bengaluru,Designer,2025-02-15
U0670,User 670,Bengaluru,Teacher,2023-11-08
U0671,User 671,Mumbai,Student,2023-01-03
U0672,User 672,Mumbai,Designer,2025-10-16
U0673,User 673,Bengaluru,Data Analyst,2023-03-05
U0674,User 674,Mumbai,Designer,2026-02-08
U0675,User 675,Mumbai,Teacher,2025-09-29
U0676,User 676,Mumbai,Teacher,2023-08-17
U0677,User 677,Vijayawada,Student,2026-01-27
U0678,User 678,Mumbai,Designer,2023-01-24
U0679,User 679,Mumbai,Software Engineer,2025-10-04
U0680,User 680,Hyderabad,Teacher,2024-03-27
U0681,User 681,Vijayawada,Student,2025-06-13
U0682,User 682,Mumbai,Data Analyst,2023-04-22
U0683,User 683,Hyderabad,Teacher,2025-11-21
U0684,User 684,Vijayawada,Teacher,2023-11-30
U0685,User 685,Bengaluru,Student,2023-04-09
U0686,User 686,Hyderabad,Data Analyst,2023-01-07
U0687,User 687,Hyderabad,Designer,2023-02-13
U0688,User 688,Hyderabad,Software Engineer,2023-01-19
U0689,User 689,Hyderabad,Teacher,2024-11-25
U0690,User 690,Mumbai,Software Engineer,2023-01-19
U0691,User 691,Vijayawada,Data Analyst,2025-08-18
U0692,User 692,Bengaluru,Student,2024-08-27
U0693,User 693,Vijayawada,Teacher,2025-12-04
U0694,User 694,Mumbai,Data Analyst,2024-01-10
U0695,User 695,Bengaluru,Designer,2023-05-03
U0696,User 696,Bengaluru,Teacher,2025-07-15
U0697,User 697,Hyderabad,Student,2024-10-31
U0698,User 698,Delhi,Software Engineer,2023-02-02
U0699,User 699,Vijayawada,Data Analyst,2025-11-01
U0700,User 700,Hyderabad,Data Analyst,2024-03-23
U0701,User 701,Bengaluru,Data Analyst,2024-09-14
U0702,User 702,Hyderabad,Software Engineer,2024-10-04
U0703,User 703,Bengaluru,Software Engineer,2025-06-26
U0704,User 704,Bengaluru,Data Analyst,2023-03-30
U0705,User 705,Mumbai,Student,2023-04-30
U0706,User 706,Vijayawada,Software Engineer,2025-06-25
U0707,User 707,Bengaluru,Data Analyst,2024-01-15
U0708,User 708,Hyderabad,Software Engineer,2024-02-19
U0709,User 709,Hyderabad,Software Engineer,2023-06-29
U0710,User 710,Bengaluru,Student,2024-05-31
U0711,User 711,Vijayawada,Designer,2024-05-24
U0712,User 712,Hyderabad,Student,2024-02-03
U0713,User 713,Mumbai,Student,2025-01-01
U0714,User 714,Delhi,Teacher,2025-02-22
U0715,User 715,Delhi,Software Engineer,2025-05-22
U0716,User 716,Bengaluru,Designer,2024-12-04
U0717,User 717,Bengaluru,Teacher,2023-08-22
U0718,User 718,Bengaluru,Software Engineer,2025-06-13
U0719,User 719,Mumbai,Teacher,2024-09-14
U0720,User 720,Mumbai,Student,2025-04-18
U0721,User 721,Delhi,Student,2024-12-21
U0722,User 722,Mumbai,Designer,2025-08-23
U0723,User 723,Vijayawada,Software Engineer,2025-01-28
U0724,User 724,Bengaluru,Student,2023-12-11
U0725,User 725,Mumbai,Teacher,2023-09-17
U0726,User 726,Vijayawada,Data Analyst,2023-12-08
U0727,User 727,Delhi,Data Analyst,2023-10-04
U0728,User 728,Bengaluru,Software Engineer,2024-06-03
U0729,User 729,Bengaluru,Student,2024-10-07
U0730,User 730,Bengaluru,Student,2025-08-26
U0731,User 731,Mumbai,Software Engineer,2025-05-27
U0732,User 732,Bengaluru,Teacher,2024-12-24
U0733,User 733,Delhi,Software Engineer,2023-11-16
U0734,User 734,Mumbai,Software Engineer,2024-01-18
U0735,User 735,Delhi,Teacher,2023-03-13
U0736,User 736,Hyderabad,Data Analyst,2024-12-30
U0737,User 737,Mumbai,Teacher,2024-12-28
U0738,User 738,Vijayawada,Student,2024-12-01
U0739,User 739,Hyderabad,Data Analyst,2025-02-07
U0740,User 740,Hyderabad,Student,2024-03-06
U0741,User 741,Hyderabad,Data Analyst,2024-09-15
U0742,User 742,Mumbai,Teacher,2025-04-05
U0743,User 743,Bengaluru,Student,2023-04-12
U0744,User 744,Bengaluru,Student,2026-03-10
U0745,User 745,Hyderabad,Data Analyst,2023-07-18
U0746,User 746,Bengaluru,Data Analyst,2025-01-25
U0747,User 747,Vijayawada,Student,2023-10-16
U0748,User 748,Bengaluru,Data Analyst,2023-06-04
U0749,User 749,Mumbai,Teacher,2025-11-11
U0750,User 750,Vijayawada,Teacher,2026-01-14
U0751,User 751,Delhi,Designer,2026-04-04
U0752,User 752,Vijayawada,Designer,2024-01-10
U0753,User 753,Vijayawada,Student,2024-02-05
U0754,User 754,Delhi,Software Engineer,2024-07-21
U0755,User 755,Bengaluru,Data Analyst,2023-10-19
U0756,User 756,Bengaluru,Data Analyst,2023-02-13
U0757,User 757,Bengaluru,Designer,2025-01-13
U0758,User 758,Bengaluru,Software Engineer,2025-01-07
U0759,User 759,Hyderabad,Teacher,2024-05-01
U0760,User 760,Bengaluru,Software Engineer,2025-06-22
U0761,User 761,Bengaluru,Teacher,2024-12-02
U0762,User 762,Bengaluru,Teacher,2023-02-06
U0763,User 763,Bengaluru,Student,2025-09-10
U0764,User 764,Vijayawada,Software Engineer,2023-04-18
U0765,User 765,Mumbai,Designer,2026-02-19
U0766,User 766,Mumbai,Data Analyst,2025-09-26
U0767,User 767,Hyderabad,Teacher,2024-10-14
U0768,User 768,Vijayawada,Student,2024-10-12
U0769,User 769,Vijayawada,Software Engineer,2025-09-11
U0770,User 770,Mumbai,Designer,2023-05-27
U0771,User 771,Mumbai,Software Engineer,2024-10-23
U0772,User 772,Hyderabad,Data Analyst,2024-11-01
U0773,User 773,Bengaluru,Student,2024-06-21
U0774,User 774,Mumbai,Student,2025-09-25
U0775,User 775,Delhi,Software Engineer,2024-08-26
U0776,User 776,Bengaluru,Student,2023-04-10
U0777,User 777,Hyderabad,Designer,2025-05-31
U0778,User 778,Vijayawada,Data Analyst,2024-07-23
U0779,User 779,Mumbai,Teacher,2025-10-09
U0780,User 780,Vijayawada,Student,2024-06-08
U0781,User 781,Bengaluru,Student,2023-10-20
U0782,User 782,Mumbai,Software Engineer,2025-03-24
U0783,User 783,Mumbai,Teacher,2026-03-07
U0784,User 784,Bengaluru,Designer,2025-07-09
U0785,User 785,Bengaluru,Designer,2024-05-12
U0786,User 786,Hyderabad,Data Analyst,2023-06-11
U0787,User 787,Hyderabad,Software Engineer,2025-11-29
U0788,User 788,Vijayawada,Designer,2026-03-13
U0789,User 789,Delhi,Student,2025-12-01
U0790,User 790,Bengaluru,Teacher,2025-10-15
U0791,User 791,Delhi,Software Engineer,2025-03-01
U0792,User 792,Vijayawada,Teacher,2025-07-11
U0793,User 793,Bengaluru,Teacher,2025-02-03
U0794,User 794,Hyderabad,Student,2024-12-23
U0795,User 795,Delhi,Data Analyst,2026-01-24
U0796,User 796,Mumbai,Software Engineer,2025-06-23
U0797,User 797,Mumbai,Data Analyst,2023-11-27
U0798,User 798,Bengaluru,Designer,2023-04-03
U0799,User 799,Mumbai,Teacher,2024-11-21
U0800,User 800,Bengaluru,Teacher,2025-10-01
U0801,User 801,Delhi,Software Engineer,2026-03-25
U0802,User 802,Bengaluru,Teacher,2023-05-02
U0803,User 803,Delhi,Data Analyst,2025-11-09
U0804,User 804,Bengaluru,Designer,2025-08-12
U0805,User 805,Hyderabad,Student,2024-06-20
U0806,User 806,Bengaluru,Data Analyst,2024-11-06
U0807,User 807,Bengaluru,Data Analyst,2025-12-21
U0808,User 808,Mumbai,Data Analyst,2026-02-09
U0809,User 809,Delhi,Designer,2025-07-26
U0810,User 810,Vijayawada,Teacher,2024-09-29
U0811,User 811,Bengaluru,Teacher,2025-11-04
U0812,User 812,Mumbai,Teacher,2024-02-28
U0813,User 813,Mumbai,Data Analyst,2023-01-14
U0814,User 814,Mumbai,Software Engineer,2025-05-21
U0815,User 815,Delhi,Teacher,2024-01-02
U0816,User 816,Vijayawada,Designer,2025-07-09
U0817,User 817,Vijayawada,Designer,2025-01-14
U0818,User 818,Bengaluru,Software Engineer,2023-06-24
U0819,User 819,Hyderabad,Software Engineer,2026-01-07
U0820,User 820,Delhi,Data Analyst,2025-06-27
U0821,User 821,Delhi,Data Analyst,2025-08-30
U0822,User 822,Delhi,Teacher,2023-03-16
U0823,User 823,Vijayawada,Data Analyst,2025-07-10
U0824,User 824,Delhi,Designer,2024-08-18
U0825,User 825,Mumbai,Data Analyst,2024-07-13
U0826,User 826,Bengaluru,Software Engineer,2026-02-13
U0827,User 827,Hyderabad,Software Engineer,2026-01-31
U0828,User 828,Bengaluru,Designer,2024-10-15
U0829,User 829,Delhi,Student,2023-07-28
U0830,User 830,Delhi,Software Engineer,2025-08-17
U0831,User 831,Mumbai,Designer,2025-08-10
U0832,User 832,Mumbai,Teacher,2023-07-16
U0833,User 833,Bengaluru,Designer,2026-01-13
U0834,User 834,Delhi,Teacher,2025-09-05
U0835,User 835,Vijayawada,Data Analyst,2024-10-16
U0836,User 836,Bengaluru,Student,2023-10-09
U0837,User 837,Vijayawada,Data Analyst,2024-04-05
U0838,User 838,Bengaluru,Designer,2023-11-15
U0839,User 839,Hyderabad,Software Engineer,2025-05-20
U0840,User 840,Hyderabad,Designer,2023-11-07
U0841,User 841,Mumbai,Teacher,2024-10-20
U0842,User 842,Mumbai,Designer,2023-01-30
U0843,User 843,Delhi,Designer,2025-07-01
U0844,User 844,Mumbai,Student,2026-04-05
U0845,User 845,Delhi,Student,2024-08-16
U0846,User 846,Bengaluru,Software Engineer,2025-09-29
U0847,User 847,Bengaluru,Designer,2023-11-11
U0848,User 848,Delhi,Software Engineer,2026-01-07
U0849,User 849,Hyderabad,Teacher,2024-10-14
U0850,User 850,Mumbai,Designer,2026-02-18
U0851,User 851,Mumbai,Teacher,2024-10-16
U0852,User 852,Vijayawada,Teacher,2025-08-05
U0853,User 853,Mumbai,Designer,2025-03-18
U0854,User 854,Vijayawada,Data Analyst,2023-12-07
U0855,User 855,Bengaluru,Teacher,2024-02-14
U0856,User 856,Vijayawada,Data Analyst,2023-04-16
U0857,User 857,Mumbai,Teacher,2023-05-07
U0858,User 858,Mumbai,Designer,2023-03-02
U0859,User 859,Mumbai,Student,2025-01-10
U0860,User 860,Vijayawada,Teacher,2025-04-17
U0861,User 861,Bengaluru,Student,2024-04-04
U0862,User 862,Mumbai,Designer,2025-02-26
U0863,User 863,Bengaluru,Software Engineer,2025-03-07
U0864,User 864,Mumbai,Teacher,2024-03-31
U0865,User 865,Bengaluru,Software Engineer,2024-10-17
U0866,User 866,Delhi,Data Analyst,2024-08-24
U0867,User 867,Hyderabad,Designer,2023-01-09
U0868,User 868,Mumbai,Software Engineer,2025-04-15
U0869,User 869,Bengaluru,Software Engineer,2025-12-28
U0870,User 870,Bengaluru,Student,2023-10-23
U0871,User 871,Delhi,Designer,2024-10-28
U0872,User 872,Vijayawada,Teacher,2024-07-21
U0873,User 873,Bengaluru,Data Analyst,2023-11-21
U0874,User 874,Bengaluru,Teacher,2023-11-25
U0875,User 875,Bengaluru,Software Engineer,2025-06-24
U0876,User 876,Vijayawada,Teacher,2023-09-24
U0877,User 877,Delhi,Data Analyst,2024-11-14
U0878,User 878,Vijayawada,Student,2023-10-08
U0879,User 879,Hyderabad,Student,2023-12-23
U0880,User 880,Bengaluru,Data Analyst,2025-10-14
U0881,User 881,Vijayawada,Designer,2023-03-12
U0882,User 882,Hyderabad,Data Analyst,2025-12-27
U0883,User 883,Delhi,Teacher,2023-10-20
U0884,User 884,Bengaluru,Student,2023-10-10
U0885,User 885,Mumbai,Student,2023-05-13
U0886,User 886,Delhi,Designer,2023-03-03
U0887,User 887,Vijayawada,Designer,2024-02-08
U0888,User 888,Bengaluru,Data Analyst,2023-01-11
U0889,User 889,Mumbai,Software Engineer,2024-06-30
U0890,User 890,Vijayawada,Data Analyst,2023-05-28
U0891,User 891,Hyderabad,Software Engineer,2025-03-30
U0892,User 892,Mumbai,Software Engineer,2025-07-01
U0893,User 893,Vijayawada,Teacher,2025-09-15
U0894,User 894,Mumbai,Data Analyst,2025-06-02
U0895,User 895,Mumbai,Student,2025-02-24
U0896,User 896,Delhi,Designer,2025-01-23
U0897,User 897,Vijayawada,Data Analyst,2024-02-05
U0898,User 898,Hyderabad,Data Analyst,2024-05-02
U0899,User 899,Bengaluru,Software Engineer,2024-05-08
U0900,User 900,Delhi,Designer,2025-06-21
U0901,User 901,Vijayawada,Software Engineer,2023-04-21
U0902,User 902,Bengaluru,Teacher,2023-01-16
U0903,User 903,Hyderabad,Designer,2024-07-24
U0904,User 904,Delhi,Data Analyst,2024-04-27
U0905,User 905,Mumbai,Designer,2024-12-01
U0906,User 906,Vijayawada,Software Engineer,2025-11-02
U0907,User 907,Delhi,Data Analyst,2025-12-07
U0908,User 908,Mumbai,Teacher,2023-05-04
U0909,User 909,Mumbai,Software Engineer,2024-05-17
U0910,User 910,Hyderabad,Designer,2023-11-01
U0911,User 911,Hyderabad,Student,2023-09-24
U0912,User 912,Bengaluru,Student,2023-02-20
U0913,User 913,Delhi,Software Engineer,2025-09-16
U0914,User 914,Hyderabad,Teacher,2025-06-01
U0915,User 915,Hyderabad,Designer,2026-01-19
U0916,User 916,Vijayawada,Teacher,2023-07-18
U0917,User 917,Bengaluru,Teacher,2025-03-17
U0918,User 918,Vijayawada,Teacher,2025-04-19
U0919,User 919,Bengaluru,Teacher,2025-02-16
U0920,User 920,Delhi,Student,2025-06-15
U0921,User 921,Hyderabad,Software Engineer,2024-03-07
U0922,User 922,Vijayawada,Teacher,2025-01-26
U0923,User 923,Hyderabad,Software Engineer,2024-12-27
U0924,User 924,Hyderabad,Data Analyst,2023-08-16
U0925,User 925,Vijayawada,Software Engineer,2023-01-08
U0926,User 926,Vijayawada,Designer,2024-04-25
U0927,User 927,Hyderabad,Student,2025-09-25
U0928,User 928,Vijayawada,Software Engineer,2026-03-20
U0929,User 929,Delhi,Teacher,2024-09-02
U0930,User 930,Delhi,Software Engineer,2023-03-01
U0931,User 931,Mumbai,Teacher,2025-09-06
U0932,User 932,Delhi,Data Analyst,2024-07-04
U0933,User 933,Mumbai,Designer,2025-06-23
U0934,User 934,Vijayawada,Software Engineer,2024-07-04
U0935,User 935,Vijayawada,Data Analyst,2025-06-15
U0936,User 936,Delhi,Student,2026-04-13
U0937,User 937,Vijayawada,Data Analyst,2024-10-19
U0938,User 938,Vijayawada,Designer,2025-04-27
U0939,User 939,Vijayawada,Teacher,2025-03-26
U0940,User 940,Delhi,Data Analyst,2024-09-19
U0941,User 941,Hyderabad,Software Engineer,2023-10-30
U0942,User 942,Delhi,Software Engineer,2025-01-06
U0943,User 943,Mumbai,Student,2026-01-13
U0944,User 944,Mumbai,Data Analyst,2023-08-07
U0945,User 945,Vijayawada,Data Analyst,2025-07-21
U0946,User 946,Hyderabad,Designer,2025-08-19
U0947,User 947,Vijayawada,Student,2026-01-14
U0948,User 948,Mumbai,Data Analyst,2023-01-30
U0949,User 949,Vijayawada,Data Analyst,2024-07-04
U0950,User 950,Vijayawada,Software Engineer,2025-08-04
U0951,User 951,Mumbai,Software Engineer,2024-06-28
U0952,User 952,Vijayawada,Software Engineer,2026-03-04
U0953,User 953,Delhi,Software Engineer,2023-07-20
U0954,User 954,Mumbai,Teacher,2026-03-19
U0955,User 955,Delhi,Software Engineer,2025-10-17
U0956,User 956,Vijayawada,Student,2023-03-31
U0957,User 957,Bengaluru,Data Analyst,2023-04-24
U0958,User 958,Vijayawada,Software Engineer,2023-03-29
U0959,User 959,Hyderabad,Teacher,2025-12-20
U0960,User 960,Mumbai,Data Analyst,2023-11-28
U0961,User 961,Vijayawada,Data Analyst,2024-04-11
U0962,User 962,Bengaluru,Software Engineer,2025-10-28
U0963,User 963,Mumbai,Teacher,2025-06-10
U0964,User 964,Mumbai,Teacher,2023-10-03
U0965,User 965,Mumbai,Teacher,2024-05-23
U0966,User 966,Hyderabad,Teacher,2024-06-26
U0967,User 967,Hyderabad,Software Engineer,2025-06-03
U0968,User 968,Vijayawada,Student,2025-08-30
U0969,User 969,Delhi,Designer,2023-05-20
U0970,User 970,Bengaluru,Data Analyst,2023-03-11
U0971,User 971,Delhi,Designer,2024-12-27
U0972,User 972,Mumbai,Teacher,2023-10-31
U0973,User 973,Bengaluru,Data Analyst,2024-04-14
U0974,User 974,Hyderabad,Student,2023-05-18
U0975,User 975,Delhi,Student,2024-03-21
U0976,User 976,Bengaluru,Student,2023-11-14
U0977,User 977,Vijayawada,Designer,2023-08-08
U0978,User 978,Delhi,Teacher,2023-01-04
U0979,User 979,Delhi,Student,2024-06-21
U0980,User 980,Mumbai,Data Analyst,2023-09-29
U0981,User 981,Delhi,Software Engineer,2025-02-22
U0982,User 982,Delhi,Teacher,2023-02-19
U0983,User 983,Bengaluru,Data Analyst,2025-10-07
U0984,User 984,Hyderabad,Student,2025-06-12
U0985,User 985,Bengaluru,Teacher,2024-11-14
U0986,User 986,Hyderabad,Data Analyst,2024-05-11
U0987,User 987,Delhi,Teacher,2023-08-26
U0988,User 988,Bengaluru,Designer,2025-01-04
U0989,User 989,Vijayawada,Teacher,2025-06-06
U0990,User 990,Delhi,Teacher,2025-05-13
U0991,User 991,Hyderabad,Designer,2023-10-17
U0992,User 992,Delhi,Data Analyst,2023-05-05
U0993,User 993,Mumbai,Designer,2025-05-30
U0994,User 994,Hyderabad,Data Analyst,2024-07-09
U0995,User 995,Delhi,Teacher,2025-05-14
U0996,User 996,Mumbai,Teacher,2023-08-07
U0997,User 997,Mumbai,Data Analyst,2026-02-23
U0998,User 998,Vijayawada,Student,2023-02-20
U0999,User 999,Vijayawada,Software Engineer,2025-01-29
U1000,User 1000,Delhi,Student,2023-07-13
U1001,User 1001,Mumbai,Data Analyst,2023-06-23
U1002,User 1002,Delhi,Designer,2023-02-27
U1003,User 1003,Delhi,Teacher,2023-09-24
U1004,User 1004,Vijayawada,Designer,2025-10-04
U1005,User 1005,Bengaluru,Teacher,2023-02-27
U1006,User 1006,Delhi,Software Engineer,2025-04-20
U1007,User 1007,Vijayawada,Software Engineer,2024-05-26
U1008,User 1008,Hyderabad,Designer,2023-06-21
U1009,User 1009,Mumbai,Teacher,2023-03-23
U1010,User 1010,Mumbai,Software Engineer,2023-05-20
U1011,User 1011,Hyderabad,Software Engineer,2026-04-12
U1012,User 1012,Mumbai,Student,2024-09-22
U1013,User 1013,Hyderabad,Teacher,2025-08-21
U1014,User 1014,Vijayawada,Student,2024-10-31
U1015,User 1015,Bengaluru,Student,2025-12-13
U1016,User 1016,Bengaluru,Student,2024-04-21
U1017,User 1017,Bengaluru,Data Analyst,2024-09-28
U1018,User 1018,Mumbai,Teacher,2024-10-23
U1019,User 1019,Mumbai,Teacher,2023-01-10
U1020,User 1020,Delhi,Student,2024-04-16
U1021,User 1021,Bengaluru,Data Analyst,2023-11-27
U1022,User 1022,Hyderabad,Student,2025-03-27
U1023,User 1023,Bengaluru,Data Analyst,2023-12-04
U1024,User 1024,Vijayawada,Teacher,2023-06-01
U1025,User 1025,Mumbai,Designer,2024-03-08
U1026,User 1026,Bengaluru,Software Engineer,2025-07-01
U1027,User 1027,Bengaluru,Designer,2023-08-19
U1028,User 1028,Mumbai,Data Analyst,2024-08-16
U1029,User 1029,Vijayawada,Designer,2024-11-20
U1030,User 1030,Hyderabad,Software Engineer,2023-05-25
U1031,User 1031,Bengaluru,Software Engineer,2025-12-08
U1032,User 1032,Delhi,Teacher,2025-07-27
U1033,User 1033,Hyderabad,Teacher,2023-12-10
U1034,User 1034,Delhi,Designer,2026-01-11
U1035,User 1035,Hyderabad,Data Analyst,2023-02-01
U1036,User 1036,Bengaluru,Student,2024-03-14
U1037,User 1037,Vijayawada,Teacher,2024-08-25
U1038,User 1038,Mumbai,Student,2024-12-16
U1039,User 1039,Mumbai,Student,2023-04-08
U1040,User 1040,Hyderabad,Software Engineer,2025-06-22
U1041,User 1041,Hyderabad,Data Analyst,2023-06-07
U1042,User 1042,Mumbai,Designer,2024-09-15
U1043,User 1043,Hyderabad,Data Analyst,2023-08-16
U1044,User 1044,Bengaluru,Software Engineer,2024-02-03
U1045,User 1045,Bengaluru,Teacher,2023-02-22
U1046,User 1046,Delhi,Software Engineer,2026-02-19
U1047,User 1047,Bengaluru,Designer,2023-12-21
U1048,User 1048,Vijayawada,Software Engineer,2024-04-03
U1049,User 1049,Bengaluru,Software Engineer,2023-02-02
U1050,User 1050,Bengaluru,Student,2026-03-27
U1051,User 1051,Hyderabad,Teacher,2026-01-09
U1052,User 1052,Mumbai,Data Analyst,2025-03-26
U1053,User 1053,Hyderabad,Teacher,2024-07-26
U1054,User 1054,Mumbai,Student,2026-01-16
U1055,User 1055,Delhi,Designer,2025-12-21
U1056,User 1056,Vijayawada,Teacher,2025-08-11
U1057,User 1057,Mumbai,Software Engineer,2024-01-04
U1058,User 1058,Delhi,Teacher,2025-03-17
U1059,User 1059,Bengaluru,Teacher,2024-03-02
U1060,User 1060,Vijayawada,Software Engineer,2025-11-25
U1061,User 1061,Hyderabad,Student,2023-10-24
U1062,User 1062,Bengaluru,Student,2025-03-23
U1063,User 1063,Hyderabad,Designer,2025-08-30
U1064,User 1064,Vijayawada,Software Engineer,2023-03-12
U1065,User 1065,Bengaluru,Teacher,2025-04-21
U1066,User 1066,Vijayawada,Designer,2026-01-19
U1067,User 1067,Mumbai,Teacher,2023-04-01
U1068,User 1068,Bengaluru,Data Analyst,2024-09-15
U1069,User 1069,Delhi,Student,2025-11-26
U1070,User 1070,Hyderabad,Teacher,2024-06-30
U1071,User 1071,Bengaluru,Teacher,2025-12-02
U1072,User 1072,Vijayawada,Data Analyst,2024-04-15
U1073,User 1073,Hyderabad,Data Analyst,2025-09-10
U1074,User 1074,Bengaluru,Software Engineer,2025-04-04
U1075,User 1075,Mumbai,Software Engineer,2023-11-06
U1076,User 1076,Hyderabad,Software Engineer,2025-05-30
U1077,User 1077,Delhi,Data Analyst,2024-03-22
U1078,User 1078,Vijayawada,Designer,2023-08-09
U1079,User 1079,Delhi,Data Analyst,2023-05-10
U1080,User 1080,Bengaluru,Student,2025-11-02
U1081,User 1081,Delhi,Designer,2025-11-15
U1082,User 1082,Mumbai,Designer,2026-04-07
U1083,User 1083,Bengaluru,Designer,2024-06-16
U1084,User 1084,Delhi,Student,2025-03-02
U1085,User 1085,Vijayawada,Data Analyst,2025-02-11
U1086,User 1086,Vijayawada,Software Engineer,2024-01-06
U1087,User 1087,Vijayawada,Student,2023-06-05
U1088,User 1088,Hyderabad,Designer,2026-04-15
U1089,User 1089,Delhi,Software Engineer,2025-07-31
U1090,User 1090,Hyderabad,Data Analyst,2025-07-20
U1091,User 1091,Mumbai,Teacher,2023-07-07
U1092,User 1092,Mumbai,Software Engineer,2024-07-20
U1093,User 1093,Vijayawada,Teacher,2024-11-17
U1094,User 1094,Bengaluru,Teacher,2023-12-09
U1095,User 1095,Delhi,Student,2025-06-25
U1096,User 1096,Bengaluru,Designer,2025-02-24
U1097,User 1097,Hyderabad,Teacher,2024-06-05
U1098,User 1098,Hyderabad,Student,2024-06-15
U1099,User 1099,Hyderabad,Teacher,2023-06-22
U1100,User 1100,Mumbai,Teacher,2024-01-06
U1101,User 1101,Bengaluru,Student,2023-06-15
U1102,User 1102,Bengaluru,Designer,2025-01-31
U1103,User 1103,Delhi,Designer,2025-08-24
U1104,User 1104,Hyderabad,Teacher,2025-09-27
U1105,User 1105,Vijayawada,Software Engineer,2023-03-11
U1106,User 1106,Hyderabad,Software Engineer,2024-07-24
U1107,User 1107,Hyderabad,Student,2024-09-28
U1108,User 1108,Bengaluru,Teacher,2025-09-04
U1109,User 1109,Vijayawada,Student,2023-02-04
U1110,User 1110,Delhi,Student,2024-05-01
U1111,User 1111,Bengaluru,Student,2023-04-29
U1112,User 1112,Hyderabad,Designer,2025-11-14
U1113,User 1113,Bengaluru,Designer,2023-11-10
U1114,User 1114,Bengaluru,Data Analyst,2023-06-16
U1115,User 1115,Delhi,Software Engineer,2023-12-23
U1116,User 1116,Mumbai,Software Engineer,2025-07-19
U1117,User 1117,Vijayawada,Teacher,2025-12-14
U1118,User 1118,Bengaluru,Software Engineer,2025-05-15
U1119,User 1119,Bengaluru,Student,2025-11-29
U1120,User 1120,Delhi,Data Analyst,2023-03-25
U1121,User 1121,Vijayawada,Designer,2025-04-20
U1122,User 1122,Delhi,Teacher,2025-05-22
U1123,User 1123,Mumbai,Designer,2024-11-21
U1124,User 1124,Vijayawada,Software Engineer,2023-06-10
U1125,User 1125,Delhi,Designer,2023-11-28
U1126,User 1126,Delhi,Data Analyst,2026-01-17
U1127,User 1127,Vijayawada,Teacher,2025-10-28
U1128,User 1128,Vijayawada,Data Analyst,2024-07-01
U1129,User 1129,Delhi,Designer,2024-08-07
U1130,User 1130,Mumbai,Designer,2025-03-25
U1131,User 1131,Vijayawada,Designer,2024-08-09
U1132,User 1132,Bengaluru,Student,2026-01-15
U1133,User 1133,Vijayawada,Teacher,2024-04-06
U1134,User 1134,Mumbai,Software Engineer,2023-05-29
U1135,User 1135,Mumbai,Designer,2023-11-25
U1136,User 1136,Mumbai,Teacher,2024-05-31
U1137,User 1137,Delhi,Software Engineer,2023-11-23
U1138,User 1138,Delhi,Software Engineer,2024-03-25
U1139,User 1139,Bengaluru,Software Engineer,2025-02-26
U1140,User 1140,Hyderabad,Data Analyst,2023-05-20
U1141,User 1141,Hyderabad,Designer,2026-01-29
U1142,User 1142,Delhi,Software Engineer,2023-04-29
U1143,User 1143,Mumbai,Software Engineer,2025-12-19
U1144,User 1144,Delhi,Data Analyst,2024-12-29
U1145,User 1145,Vijayawada,Designer,2023-08-15
U1146,User 1146,Mumbai,Student,2025-02-21
U1147,User 1147,Delhi,Student,2023-06-19
U1148,User 1148,Bengaluru,Designer,2026-02-22
U1149,User 1149,Mumbai,Designer,2025-06-02
U1150,User 1150,Delhi,Teacher,2024-06-29
U1151,User 1151,Bengaluru,Data Analyst,2023-04-19
U1152,User 1152,Mumbai,Student,2025-02-10
U1153,User 1153,Hyderabad,Teacher,2024-10-13
U1154,User 1154,Vijayawada,Data Analyst,2023-10-25
U1155,User 1155,Hyderabad,Teacher,2024-02-23
U1156,User 1156,Delhi,Data Analyst,2025-01-04
U1157,User 1157,Vijayawada,Teacher,2023-11-27
U1158,User 1158,Bengaluru,Student,2023-12-18
U1159,User 1159,Bengaluru,Designer,2025-05-21
U1160,User 1160,Delhi,Student,2023-03-11
U1161,User 1161,Vijayawada,Software Engineer,2023-02-19
U1162,User 1162,Mumbai,Data Analyst,2023-11-15
U1163,User 1163,Bengaluru,Designer,2025-06-27
U1164,User 1164,Vijayawada,Teacher,2024-07-12
U1165,User 1165,Delhi,Teacher,2024-11-23
U1166,User 1166,Delhi,Student,2023-06-16
U1167,User 1167,Vijayawada,Teacher,2023-04-23
U1168,User 1168,Bengaluru,Teacher,2025-08-20
U1169,User 1169,Bengaluru,Software Engineer,2023-01-17
U1170,User 1170,Hyderabad,Software Engineer,2024-01-11
U1171,User 1171,Mumbai,Data Analyst,2025-08-01
U1172,User 1172,Delhi,Teacher,2025-11-13
U1173,User 1173,Mumbai,Student,2026-02-14
U1174,User 1174,Delhi,Software Engineer,2025-03-20
U1175,User 1175,Delhi,Data Analyst,2023-05-26
U1176,User 1176,Mumbai,Data Analyst,2023-02-24
U1177,User 1177,Delhi,Software Engineer,2024-08-17
U1178,User 1178,Mumbai,Software Engineer,2025-06-18
U1179,User 1179,Mumbai,Teacher,2023-01-21
U1180,User 1180,Vijayawada,Student,2025-03-13
U1181,User 1181,Hyderabad,Teacher,2025-07-03
U1182,User 1182,Hyderabad,Designer,2025-04-11
U1183,User 1183,Hyderabad,Teacher,2023-02-05
U1184,User 1184,Hyderabad,Teacher,2025-04-16
U1185,User 1185,Mumbai,Data Analyst,2025-04-08
U1186,User 1186,Hyderabad,Data Analyst,2024-08-07
U1187,User 1187,Vijayawada,Teacher,2025-04-21
U1188,User 1188,Bengaluru,Teacher,2025-08-18
U1189,User 1189,Mumbai,Teacher,2024-06-08
U1190,User 1190,Hyderabad,Designer,2026-01-09
U1191,User 1191,Vijayawada,Designer,2023-10-27
U1192,User 1192,Mumbai,Data Analyst,2025-07-17
U1193,User 1193,Delhi,Teacher,2026-02-13
U1194,User 1194,Bengaluru,Teacher,2023-06-11
U1195,User 1195,Vijayawada,Teacher,2025-03-15
U1196,User 1196,Mumbai,Designer,2025-09-28
U1197,User 1197,Hyderabad,Student,2023-11-23
U1198,User 1198,Mumbai,Designer,2024-07-15
U1199,User 1199,Hyderabad,Student,2023-01-19
U1200,User 1200,Hyderabad,Software Engineer,2025-08-16
U1201,User 1201,Bengaluru,Designer,2024-05-08
U1202,User 1202,Bengaluru,Software Engineer,2024-04-05
U1203,User 1203,Hyderabad,Software Engineer,2023-07-17
U1204,User 1204,Hyderabad,Teacher,2023-08-22
U1205,User 1205,Hyderabad,Student,2025-04-29
U1206,User 1206,Bengaluru,Student,2023-08-22
U1207,User 1207,Hyderabad,Designer,2024-04-02
U1208,User 1208,Bengaluru,Teacher,2026-03-21
U1209,User 1209,Delhi,Data Analyst,2024-12-22
U1210,User 1210,Vijayawada,Designer,2025-11-15
U1211,User 1211,Vijayawada,Data Analyst,2024-10-29
U1212,User 1212,Vijayawada,Software Engineer,2023-04-12
U1213,User 1213,Hyderabad,Teacher,2024-09-02
U1214,User 1214,Hyderabad,Designer,2023-06-28
U1215,User 1215,Hyderabad,Software Engineer,2024-07-29
U1216,User 1216,Vijayawada,Student,2024-06-05
U1217,User 1217,Delhi,Designer,2023-08-29
U1218,User 1218,Bengaluru,Student,2023-09-15
U1219,User 1219,Vijayawada,Teacher,2023-02-19
U1220,User 1220,Mumbai,Designer,2023-07-13
U1221,User 1221,Delhi,Data Analyst,2024-07-16
U1222,User 1222,Hyderabad,Student,2024-05-31
U1223,User 1223,Bengaluru,Student,2023-10-16
U1224,User 1224,Vijayawada,Data Analyst,2023-01-16
U1225,User 1225,Bengaluru,Designer,2025-01-04
U1226,User 1226,Bengaluru,Designer,2024-12-03
U1227,User 1227,Delhi,Teacher,2025-06-20
U1228,User 1228,Hyderabad,Student,2023-04-19
U1229,User 1229,Vijayawada,Student,2025-11-21
U1230,User 1230,Mumbai,Data Analyst,2024-03-02
U1231,User 1231,Bengaluru,Data Analyst,2025-02-09
U1232,User 1232,Mumbai,Student,2023-01-04
U1233,User 1233,Delhi,Teacher,2023-10-15
U1234,User 1234,Delhi,Designer,2023-07-05
U1235,User 1235,Vijayawada,Student,2023-07-24
U1236,User 1236,Bengaluru,Software Engineer,2025-05-22
U1237,User 1237,Delhi,Data Analyst,2023-08-23
U1238,User 1238,Delhi,Teacher,2024-03-19
U1239,User 1239,Bengaluru,Data Analyst,2024-07-12
U1240,User 1240,Mumbai,Student,2024-12-12
U1241,User 1241,Mumbai,Teacher,2023-11-02
U1242,User 1242,Hyderabad,Data Analyst,2024-06-10
U1243,User 1243,Delhi,Teacher,2026-01-02
U1244,User 1244,Hyderabad,Student,2023-02-04
U1245,User 1245,Bengaluru,Data Analyst,2024-06-15
U1246,User 1246,Bengaluru,Software Engineer,2025-05-22
U1247,User 1247,Mumbai,Student,2024-01-24
U1248,User 1248,Hyderabad,Software Engineer,2025-03-14
U1249,User 1249,Mumbai,Teacher,2024-11-06
U1250,User 1250,Delhi,Student,2024-06-11
U1251,User 1251,Delhi,Teacher,2024-07-18
U1252,User 1252,Mumbai,Teacher,2023-06-03
U1253,User 1253,Delhi,Data Analyst,2025-08-24
U1254,User 1254,Mumbai,Student,2023-03-01
U1255,User 1255,Hyderabad,Teacher,2025-12-23
U1256,User 1256,Hyderabad,Data Analyst,2024-04-06
U1257,User 1257,Vijayawada,Designer,2024-08-24
U1258,User 1258,Delhi,Designer,2023-01-10
U1259,User 1259,Hyderabad,Designer,2023-11-09
U1260,User 1260,Vijayawada,Data Analyst,2025-08-29
U1261,User 1261,Delhi,Designer,2023-07-22
U1262,User 1262,Delhi,Data Analyst,2025-10-06
U1263,User 1263,Bengaluru,Student,2026-02-15
U1264,User 1264,Hyderabad,Student,2024-08-23
U1265,User 1265,Bengaluru,Student,2025-11-19
U1266,User 1266,Mumbai,Designer,2023-10-01
U1267,User 1267,Delhi,Student,2025-12-03
U1268,User 1268,Mumbai,Data Analyst,2024-07-23
U1269,User 1269,Hyderabad,Student,2025-10-25
U1270,User 1270,Vijayawada,Student,2025-10-15
U1271,User 1271,Mumbai,Student,2023-11-24
U1272,User 1272,Mumbai,Student,2024-11-15
U1273,User 1273,Bengaluru,Student,2025-03-04
U1274,User 1274,Delhi,Designer,2023-12-12
U1275,User 1275,Delhi,Software Engineer,2023-07-09
U1276,User 1276,Vijayawada,Data Analyst,2024-10-11
U1277,User 1277,Hyderabad,Teacher,2024-09-17
U1278,User 1278,Hyderabad,Designer,2023-08-11
U1279,User 1279,Vijayawada,Student,2023-09-22
U1280,User 1280,Hyderabad,Student,2024-05-09
U1281,User 1281,Vijayawada,Student,2025-11-29
U1282,User 1282,Delhi,Data Analyst,2025-12-01
U1283,User 1283,Hyderabad,Software Engineer,2024-11-16
U1284,User 1284,Hyderabad,Designer,2023-02-23
U1285,User 1285,Bengaluru,Student,2024-03-04
U1286,User 1286,Delhi,Student,2023-12-04
U1287,User 1287,Hyderabad,Software Engineer,2025-10-15
U1288,User 1288,Delhi,Teacher,2023-08-17
U1289,User 1289,Delhi,Student,2025-06-12
U1290,User 1290,Hyderabad,Data Analyst,2024-11-14
U1291,User 1291,Delhi,Teacher,2026-03-25
U1292,User 1292,Delhi,Teacher,2024-02-21
U1293,User 1293,Vijayawada,Teacher,2023-07-02
U1294,User 1294,Mumbai,Designer,2024-01-03
U1295,User 1295,Bengaluru,Teacher,2025-09-20
U1296,User 1296,Hyderabad,Designer,2025-03-20
U1297,User 1297,Bengaluru,Student,2023-01-04
U1298,User 1298,Mumbai,Software Engineer,2024-06-16
U1299,User 1299,Hyderabad,Data Analyst,2024-06-01
U1300,User 1300,Delhi,Designer,2024-09-17
U1301,User 1301,Hyderabad,Student,2023-04-21
U1302,User 1302,Delhi,Data Analyst,2024-06-05
U1303,User 1303,Vijayawada,Data Analyst,2023-09-16
U1304,User 1304,Hyderabad,Designer,2026-02-02
U1305,User 1305,Hyderabad,Teacher,2025-10-27
U1306,User 1306,Mumbai,Software Engineer,2025-02-20
U1307,User 1307,Mumbai,Software Engineer,2024-06-09
U1308,User 1308,Bengaluru,Teacher,2024-02-14
U1309,User 1309,Hyderabad,Data Analyst,2026-03-28
U1310,User 1310,Delhi,Teacher,2026-03-06
U1311,User 1311,Hyderabad,Data Analyst,2025-04-11
U1312,User 1312,Hyderabad,Software Engineer,2025-12-16
U1313,User 1313,Delhi,Teacher,2023-12-26
U1314,User 1314,Hyderabad,Designer,2025-04-28
U1315,User 1315,Bengaluru,Data Analyst,2024-03-30
U1316,User 1316,Hyderabad,Teacher,2025-07-14
U1317,User 1317,Vijayawada,Teacher,2024-11-15
U1318,User 1318,Mumbai,Data Analyst,2025-11-04
U1319,User 1319,Vijayawada,Student,2025-03-06
U1320,User 1320,Bengaluru,Student,2024-06-11
U1321,User 1321,Bengaluru,Student,2025-01-10
U1322,User 1322,Vijayawada,Student,2025-10-21
U1323,User 1323,Bengaluru,Data Analyst,2026-01-04
U1324,User 1324,Hyderabad,Software Engineer,2024-03-23
U1325,User 1325,Mumbai,Data Analyst,2024-10-21
U1326,User 1326,Bengaluru,Data Analyst,2023-03-09
U1327,User 1327,Vijayawada,Data Analyst,2025-03-05
U1328,User 1328,Mumbai,Student,2024-03-10
U1329,User 1329,Mumbai,Designer,2023-03-27
U1330,User 1330,Hyderabad,Data Analyst,2025-10-14
U1331,User 1331,Delhi,Student,2025-01-20
U1332,User 1332,Delhi,Student,2024-02-10
U1333,User 1333,Mumbai,Student,2024-06-25
U1334,User 1334,Delhi,Teacher,2023-11-09
U1335,User 1335,Vijayawada,Student,2023-10-17
U1336,User 1336,Delhi,Software Engineer,2023-05-28
U1337,User 1337,Mumbai,Software Engineer,2025-10-07
U1338,User 1338,Bengaluru,Designer,2024-09-21
U1339,User 1339,Hyderabad,Student,2024-11-21
U1340,User 1340,Hyderabad,Teacher,2025-10-11
U1341,User 1341,Delhi,Designer,2025-05-17
U1342,User 1342,Mumbai,Teacher,2025-09-22
U1343,User 1343,Bengaluru,Designer,2025-03-12
U1344,User 1344,Mumbai,Software Engineer,2023-06-15
U1345,User 1345,Bengaluru,Student,2025-01-18
U1346,User 1346,Vijayawada,Designer,2025-02-21
U1347,User 1347,Hyderabad,Designer,2023-04-17
U1348,User 1348,Delhi,Teacher,2024-02-16
U1349,User 1349,Hyderabad,Data Analyst,2025-09-05
U1350,User 1350,Delhi,Data Analyst,2023-09-30
U1351,User 1351,Bengaluru,Teacher,2023-07-16
U1352,User 1352,Mumbai,Student,2025-11-01
U1353,User 1353,Delhi,Data Analyst,2025-02-13
U1354,User 1354,Delhi,Teacher,2024-01-13
U1355,User 1355,Hyderabad,Teacher,2024-02-11
U1356,User 1356,Bengaluru,Data Analyst,2023-09-02
U1357,User 1357,Mumbai,Teacher,2023-01-27
U1358,User 1358,Hyderabad,Student,2024-08-07
U1359,User 1359,Bengaluru,Software Engineer,2024-09-30
U1360,User 1360,Bengaluru,Data Analyst,2023-05-18
U1361,User 1361,Bengaluru,Teacher,2025-05-06
U1362,User 1362,Mumbai,Data Analyst,2023-05-30
U1363,User 1363,Bengaluru,Data Analyst,2025-05-03
U1364,User 1364,Bengaluru,Designer,2026-01-13
U1365,User 1365,Delhi,Data Analyst,2023-05-12
U1366,User 1366,Delhi,Data Analyst,2024-02-22
U1367,User 1367,Hyderabad,Data Analyst,2024-05-15
U1368,User 1368,Bengaluru,Teacher,2023-10-29
U1369,User 1369,Vijayawada,Student,2023-05-14
U1370,User 1370,Vijayawada,Student,2023-06-11
U1371,User 1371,Mumbai,Teacher,2024-07-24
U1372,User 1372,Bengaluru,Teacher,2025-08-19
U1373,User 1373,Delhi,Teacher,2026-03-25
U1374,User 1374,Vijayawada,Data Analyst,2023-09-16
U1375,User 1375,Vijayawada,Teacher,2023-08-29
U1376,User 1376,Delhi,Designer,2025-01-23
U1377,User 1377,Bengaluru,Designer,2026-02-25
U1378,User 1378,Delhi,Student,2026-03-07
U1379,User 1379,Bengaluru,Software Engineer,2023-04-10
U1380,User 1380,Mumbai,Teacher,2025-08-06
U1381,User 1381,Bengaluru,Designer,2026-03-19
U1382,User 1382,Mumbai,Student,2023-11-16
U1383,User 1383,Delhi,Data Analyst,2026-01-23
U1384,User 1384,Delhi,Teacher,2024-07-31
U1385,User 1385,Vijayawada,Data Analyst,2023-09-18
U1386,User 1386,Vijayawada,Data Analyst,2024-08-01
U1387,User 1387,Hyderabad,Software Engineer,2024-04-09
U1388,User 1388,Delhi,Teacher,2024-03-14
U1389,User 1389,Mumbai,Designer,2023-05-07
U1390,User 1390,Delhi,Data Analyst,2023-04-20
U1391,User 1391,Mumbai,Student,2024-03-07
U1392,User 1392,Delhi,Software Engineer,2025-07-24
U1393,User 1393,Mumbai,Designer,2024-05-14
U1394,User 1394,Hyderabad,Data Analyst,2025-11-01
U1395,User 1395,Hyderabad,Designer,2023-11-30
U1396,User 1396,Hyderabad,Teacher,2025-10-12
U1397,User 1397,Delhi,Student,2026-01-29
U1398,User 1398,Delhi,Software Engineer,2025-06-11
U1399,User 1399,Delhi,Data Analyst,2025-11-26
U1400,User 1400,Hyderabad,Teacher,2023-03-30
U1401,User 1401,Bengaluru,Student,2023-03-15
U1402,User 1402,Bengaluru,Designer,2024-01-01
U1403,User 1403,Delhi,Data Analyst,2023-10-22
U1404,User 1404,Mumbai,Teacher,2025-02-21
U1405,User 1405,Hyderabad,Teacher,2023-09-10
U1406,User 1406,Hyderabad,Designer,2025-09-18
U1407,User 1407,Mumbai,Data Analyst,2023-03-19
U1408,User 1408,Vijayawada,Designer,2024-03-27
U1409,User 1409,Delhi,Data Analyst,2023-12-12
U1410,User 1410,Bengaluru,Data Analyst,2025-12-21
U1411,User 1411,Mumbai,Student,2025-09-04
U1412,User 1412,Vijayawada,Teacher,2025-11-02
U1413,User 1413,Bengaluru,Data Analyst,2024-07-30
U1414,User 1414,Hyderabad,Teacher,2023-01-21
U1415,User 1415,Hyderabad,Teacher,2024-10-07
U1416,User 1416,Hyderabad,Teacher,2024-01-01
U1417,User 1417,Delhi,Teacher,2023-06-14
U1418,User 1418,Delhi,Data Analyst,2026-01-19
U1419,User 1419,Hyderabad,Data Analyst,2024-10-16
U1420,User 1420,Mumbai,Designer,2024-01-26
U1421,User 1421,Delhi,Designer,2023-06-25
U1422,User 1422,Delhi,Student,2023-01-21
U1423,User 1423,Mumbai,Data Analyst,2026-04-11
U1424,User 1424,Mumbai,Student,2023-01-16
U1425,User 1425,Hyderabad,Designer,2025-04-10
U1426,User 1426,Mumbai,Data Analyst,2024-09-04
U1427,User 1427,Bengaluru,Student,2024-11-11
U1428,User 1428,Bengaluru,Software Engineer,2023-04-15
U1429,User 1429,Hyderabad,Data Analyst,2025-08-05
U1430,User 1430,Mumbai,Software Engineer,2024-06-28
U1431,User 1431,Vijayawada,Teacher,2024-07-10
U1432,User 1432,Hyderabad,Data Analyst,2023-01-25
U1433,User 1433,Bengaluru,Designer,2024-12-12
U1434,User 1434,Mumbai,Designer,2023-03-21
U1435,User 1435,Delhi,Software Engineer,2024-09-17
U1436,User 1436,Delhi,Data Analyst,2024-04-14
U1437,User 1437,Vijayawada,Teacher,2025-06-11
U1438,User 1438,Vijayawada,Student,2023-01-22
U1439,User 1439,Hyderabad,Data Analyst,2025-08-30
U1440,User 1440,Bengaluru,Student,2023-06-08
U1441,User 1441,Vijayawada,Data Analyst,2026-02-14
U1442,User 1442,Vijayawada,Data Analyst,2023-09-29
U1443,User 1443,Delhi,Data Analyst,2024-11-07
U1444,User 1444,Bengaluru,Data Analyst,2023-10-08
U1445,User 1445,Vijayawada,Software Engineer,2023-09-18
U1446,User 1446,Hyderabad,Teacher,2024-07-23
U1447,User 1447,Mumbai,Student,2023-01-16
U1448,User 1448,Bengaluru,Software Engineer,2023-05-11
U1449,User 1449,Delhi,Designer,2025-03-25
U1450,User 1450,Mumbai,Data Analyst,2025-03-13
U1451,User 1451,Delhi,Student,2025-07-06
U1452,User 1452,Mumbai,Student,2025-08-31
U1453,User 1453,Bengaluru,Student,2023-01-17
U1454,User 1454,Mumbai,Data Analyst,2023-04-19
U1455,User 1455,Delhi,Software Engineer,2023-01-16
U1456,User 1456,Hyderabad,Teacher,2025-08-06
U1457,User 1457,Hyderabad,Data Analyst,2023-09-29
U1458,User 1458,Delhi,Teacher,2025-03-06
U1459,User 1459,Bengaluru,Teacher,2024-07-20
U1460,User 1460,Bengaluru,Data Analyst,2023-11-27
U1461,User 1461,Hyderabad,Student,2024-12-11
U1462,User 1462,Hyderabad,Software Engineer,2026-02-13
U1463,User 1463,Bengaluru,Data Analyst,2024-11-03
U1464,User 1464,Vijayawada,Teacher,2025-07-06
U1465,User 1465,Hyderabad,Designer,2026-03-16
U1466,User 1466,Mumbai,Data Analyst,2024-01-06
U1467,User 1467,Vijayawada,Software Engineer,2024-12-26
U1468,User 1468,Bengaluru,Designer,2023-06-12
U1469,User 1469,Delhi,Designer,2024-03-23
U1470,User 1470,Hyderabad,Software Engineer,2024-05-30
U1471,User 1471,Mumbai,Designer,2025-01-24
U1472,User 1472,Vijayawada,Student,2025-05-31
U1473,User 1473,Vijayawada,Teacher,2023-05-25
U1474,User 1474,Bengaluru,Designer,2024-12-12
U1475,User 1475,Vijayawada,Designer,2024-12-10
U1476,User 1476,Hyderabad,Designer,2024-11-05
U1477,User 1477,Hyderabad,Data Analyst,2024-09-14
U1478,User 1478,Delhi,Data Analyst,2024-01-28
U1479,User 1479,Mumbai,Teacher,2023-04-05
U1480,User 1480,Bengaluru,Teacher,2024-09-26
U1481,User 1481,Hyderabad,Software Engineer,2024-06-28
U1482,User 1482,Vijayawada,Software Engineer,2024-01-04
U1483,User 1483,Vijayawada,Designer,2026-03-13
U1484,User 1484,Bengaluru,Designer,2025-06-01
U1485,User 1485,Hyderabad,Data Analyst,2025-10-06
U1486,User 1486,Mumbai,Teacher,2024-08-20
U1487,User 1487,Delhi,Software Engineer,2026-03-05
U1488,User 1488,Delhi,Data Analyst,2025-11-08
U1489,User 1489,Bengaluru,Designer,2025-09-23
U1490,User 1490,Hyderabad,Teacher,2025-01-10
U1491,User 1491,Vijayawada,Teacher,2024-01-15
U1492,User 1492,Hyderabad,Data Analyst,2024-01-24
U1493,User 1493,Hyderabad,Student,2024-05-01
U1494,User 1494,Bengaluru,Teacher,2025-12-14
U1495,User 1495,Delhi,Teacher,2025-04-29
U1496,User 1496,Bengaluru,Data Analyst,2023-01-02
U1497,User 1497,Bengaluru,Teacher,2025-12-26
U1498,User 1498,Hyderabad,Data Analyst,2026-01-28
U1499,User 1499,Hyderabad,Software Engineer,2023-10-19
U1500,User 1500,Vijayawada,Student,2024-04-15
U1501,User 1501,Mumbai,Student,2023-10-10
U1502,User 1502,Hyderabad,Student,2025-04-25
U1503,User 1503,Mumbai,Teacher,2023-03-28
U1504,User 1504,Vijayawada,Software Engineer,2025-07-27
U1505,User 1505,Hyderabad,Student,2024-09-29
U1506,User 1506,Mumbai,Designer,2024-09-20
U1507,User 1507,Delhi,Designer,2024-08-26
U1508,User 1508,Hyderabad,Teacher,2023-01-24
U1509,User 1509,Hyderabad,Designer,2023-05-31
U1510,User 1510,Bengaluru,Software Engineer,2023-01-20
U1511,User 1511,Bengaluru,Designer,2023-05-26
U1512,User 1512,Bengaluru,Student,2024-03-15
U1513,User 1513,Mumbai,Student,2025-08-10
U1514,User 1514,Delhi,Teacher,2026-03-19
U1515,User 1515,Vijayawada,Data Analyst,2025-08-05
U1516,User 1516,Delhi,Software Engineer,2023-03-05
U1517,User 1517,Hyderabad,Student,2025-07-09
U1518,User 1518,Bengaluru,Student,2025-04-28
U1519,User 1519,Bengaluru,Teacher,2025-03-19
U1520,User 1520,Delhi,Designer,2024-03-29
U1521,User 1521,Bengaluru,Designer,2023-01-29
U1522,User 1522,Mumbai,Student,2025-08-29
U1523,User 1523,Delhi,Student,2023-08-13
U1524,User 1524,Vijayawada,Software Engineer,2024-03-14
U1525,User 1525,Delhi,Designer,2024-03-16
U1526,User 1526,Delhi,Software Engineer,2023-12-27
U1527,User 1527,Delhi,Designer,2025-02-04
U1528,User 1528,Vijayawada,Data Analyst,2023-05-20
U1529,User 1529,Vijayawada,Data Analyst,2023-04-03
U1530,User 1530,Vijayawada,Data Analyst,2025-10-26
U1531,User 1531,Vijayawada,Designer,2024-09-26
U1532,User 1532,Mumbai,Designer,2023-10-03
U1533,User 1533,Hyderabad,Designer,2025-06-07
U1534,User 1534,Vijayawada,Student,2025-06-11
U1535,User 1535,Mumbai,Data Analyst,2024-07-07
U1536,User 1536,Bengaluru,Designer,2026-03-28
U1537,User 1537,Delhi,Student,2025-04-30
U1538,User 1538,Mumbai,Student,2025-06-27
U1539,User 1539,Hyderabad,Software Engineer,2024-10-28
U1540,User 1540,Delhi,Student,2025-11-28
U1541,User 1541,Bengaluru,Teacher,2024-10-17
U1542,User 1542,Bengaluru,Data Analyst,2023-11-18
U1543,User 1543,Mumbai,Data Analyst,2025-04-23
U1544,User 1544,Hyderabad,Designer,2025-03-26
U1545,User 1545,Bengaluru,Data Analyst,2023-05-28
U1546,User 1546,Hyderabad,Data Analyst,2025-08-17
U1547,User 1547,Vijayawada,Designer,2024-03-26
U1548,User 1548,Mumbai,Teacher,2025-03-12
U1549,User 1549,Mumbai,Software Engineer,2024-08-04
U1550,User 1550,Bengaluru,Software Engineer,2025-06-01
U1551,User 1551,Mumbai,Student,2025-05-07
U1552,User 1552,Vijayawada,Software Engineer,2023-11-01
U1553,User 1553,Hyderabad,Data Analyst,2025-11-27
U1554,User 1554,Delhi,Designer,2023-08-16
U1555,User 1555,Hyderabad,Student,2024-10-13
U1556,User 1556,Mumbai,Software Engineer,2024-09-19
U1557,User 1557,Delhi,Software Engineer,2024-12-05
U1558,User 1558,Mumbai,Teacher,2024-03-11
U1559,User 1559,Mumbai,Student,2023-12-12
U1560,User 1560,Mumbai,Teacher,2024-11-23
U1561,User 1561,Vijayawada,Software Engineer,2023-03-14
U1562,User 1562,Bengaluru,Data Analyst,2025-02-24
U1563,User 1563,Mumbai,Student,2025-08-22
U1564,User 1564,Bengaluru,Student,2023-02-25
U1565,User 1565,Mumbai,Software Engineer,2026-01-17
U1566,User 1566,Vijayawada,Teacher,2023-02-17
U1567,User 1567,Delhi,Teacher,2025-08-08
U1568,User 1568,Hyderabad,Teacher,2025-11-08
U1569,User 1569,Delhi,Software Engineer,2023-09-12
U1570,User 1570,Vijayawada,Teacher,2023-02-03
U1571,User 1571,Delhi,Software Engineer,2025-10-19
U1572,User 1572,Bengaluru,Student,2026-04-14
U1573,User 1573,Hyderabad,Designer,2025-08-24
U1574,User 1574,Vijayawada,Student,2024-01-23
U1575,User 1575,Hyderabad,Data Analyst,2025-08-24
U1576,User 1576,Delhi,Student,2025-06-04
U1577,User 1577,Vijayawada,Software Engineer,2025-05-02
U1578,User 1578,Delhi,Teacher,2025-11-23
U1579,User 1579,Mumbai,Software Engineer,2023-04-17
U1580,User 1580,Delhi,Data Analyst,2024-12-19
U1581,User 1581,Bengaluru,Software Engineer,2025-07-23
U1582,User 1582,Mumbai,Software Engineer,2024-11-09
U1583,User 1583,Hyderabad,Data Analyst,2024-10-12
U1584,User 1584,Bengaluru,Data Analyst,2024-11-07
U1585,User 1585,Hyderabad,Data Analyst,2024-08-23
U1586,User 1586,Vijayawada,Teacher,2023-05-15
U1587,User 1587,Delhi,Teacher,2025-08-02
U1588,User 1588,Vijayawada,Designer,2025-03-01
U1589,User 1589,Mumbai,Teacher,2025-12-11
U1590,User 1590,Delhi,Data Analyst,2023-10-19
U1591,User 1591,Hyderabad,Data Analyst,2024-09-23
U1592,User 1592,Bengaluru,Data Analyst,2024-02-29
U1593,User 1593,Bengaluru,Data Analyst,2025-07-25
U1594,User 1594,Bengaluru,Software Engineer,2025-09-19
U1595,User 1595,Vijayawada,Teacher,2025-03-08
U1596,User 1596,Delhi,Teacher,2025-05-18
U1597,User 1597,Vijayawada,Teacher,2025-06-12
U1598,User 1598,Delhi,Student,2025-09-04
U1599,User 1599,Bengaluru,Data Analyst,2025-02-13
U1600,User 1600,Hyderabad,Student,2023-10-15
U1601,User 1601,Delhi,Data Analyst,2023-11-14
U1602,User 1602,Delhi,Designer,2023-05-07
U1603,User 1603,Mumbai,Data Analyst,2023-11-16
U1604,User 1604,Mumbai,Teacher,2026-03-11
U1605,User 1605,Delhi,Student,2023-11-10
U1606,User 1606,Vijayawada,Software Engineer,2025-03-16
U1607,User 1607,Hyderabad,Software Engineer,2023-01-01
U1608,User 1608,Hyderabad,Software Engineer,2023-06-28
U1609,User 1609,Bengaluru,Teacher,2024-05-30
U1610,User 1610,Hyderabad,Data Analyst,2025-06-01
U1611,User 1611,Mumbai,Student,2024-12-28
U1612,User 1612,Bengaluru,Data Analyst,2025-04-19
U1613,User 1613,Hyderabad,Student,2023-08-25
U1614,User 1614,Delhi,Designer,2024-11-14
U1615,User 1615,Vijayawada,Software Engineer,2023-01-22
U1616,User 1616,Hyderabad,Data Analyst,2025-04-15
U1617,User 1617,Vijayawada,Data Analyst,2024-02-18
U1618,User 1618,Hyderabad,Data Analyst,2025-07-21
U1619,User 1619,Vijayawada,Software Engineer,2024-10-31
U1620,User 1620,Vijayawada,Student,2024-09-27
U1621,User 1621,Bengaluru,Designer,2023-04-18
U1622,User 1622,Hyderabad,Student,2023-11-23
U1623,User 1623,Hyderabad,Teacher,2024-10-08
U1624,User 1624,Hyderabad,Data Analyst,2024-05-31
U1625,User 1625,Hyderabad,Data Analyst,2024-06-09
U1626,User 1626,Vijayawada,Designer,2025-10-19
U1627,User 1627,Bengaluru,Software Engineer,2023-09-26
U1628,User 1628,Mumbai,Software Engineer,2024-04-28
U1629,User 1629,Bengaluru,Data Analyst,2024-05-13
U1630,User 1630,Vijayawada,Teacher,2025-07-31
U1631,User 1631,Hyderabad,Software Engineer,2024-02-05
U1632,User 1632,Vijayawada,Student,2023-12-16
U1633,User 1633,Mumbai,Software Engineer,2023-06-15
U1634,User 1634,Mumbai,Data Analyst,2025-02-10
U1635,User 1635,Mumbai,Teacher,2023-10-05
U1636,User 1636,Mumbai,Data Analyst,2024-09-01
U1637,User 1637,Vijayawada,Software Engineer,2024-09-05
U1638,User 1638,Vijayawada,Software Engineer,2024-03-03
U1639,User 1639,Delhi,Designer,2023-07-20
U1640,User 1640,Hyderabad,Designer,2025-09-03
U1641,User 1641,Hyderabad,Student,2025-08-19
U1642,User 1642,Delhi,Student,2024-01-04
U1643,User 1643,Bengaluru,Designer,2026-01-27
U1644,User 1644,Bengaluru,Teacher,2025-12-30
U1645,User 1645,Bengaluru,Data Analyst,2025-06-05
U1646,User 1646,Bengaluru,Student,2025-10-03
U1647,User 1647,Bengaluru,Software Engineer,2024-05-18
U1648,User 1648,Hyderabad,Student,2023-05-17
U1649,User 1649,Hyderabad,Data Analyst,2025-06-03
U1650,User 1650,Mumbai,Designer,2025-07-09
U1651,User 1651,Delhi,Designer,2025-07-08
U1652,User 1652,Mumbai,Software Engineer,2024-02-21
U1653,User 1653,Mumbai,Data Analyst,2025-11-27
U1654,User 1654,Hyderabad,Designer,2024-02-14
U1655,User 1655,Mumbai,Software Engineer,2023-01-11
U1656,User 1656,Bengaluru,Data Analyst,2025-02-25
U1657,User 1657,Bengaluru,Student,2024-09-24
U1658,User 1658,Mumbai,Data Analyst,2023-02-27
U1659,User 1659,Bengaluru,Teacher,2024-07-22
U1660,User 1660,Mumbai,Data Analyst,2023-08-23
U1661,User 1661,Hyderabad,Student,2023-11-13
U1662,User 1662,Vijayawada,Designer,2025-10-02
U1663,User 1663,Delhi,Software Engineer,2024-04-07
U1664,User 1664,Vijayawada,Student,2023-05-07
U1665,User 1665,Hyderabad,Data Analyst,2023-12-18
U1666,User 1666,Bengaluru,Designer,2023-10-15
U1667,User 1667,Delhi,Designer,2024-12-22
U1668,User 1668,Hyderabad,Software Engineer,2026-01-25
U1669,User 1669,Delhi,Teacher,2024-12-25
U1670,User 1670,Mumbai,Student,2024-11-04
U1671,User 1671,Mumbai,Software Engineer,2023-08-23
U1672,User 1672,Delhi,Student,2024-07-13
U1673,User 1673,Hyderabad,Teacher,2025-09-09
U1674,User 1674,Mumbai,Software Engineer,2025-10-03
U1675,User 1675,Mumbai,Designer,2025-07-22
U1676,User 1676,Vijayawada,Teacher,2025-11-15
U1677,User 1677,Bengaluru,Data Analyst,2025-11-13
U1678,User 1678,Hyderabad,Designer,2024-06-09
U1679,User 1679,Bengaluru,Student,2024-02-17
U1680,User 1680,Hyderabad,Teacher,2023-12-09
U1681,User 1681,Delhi,Designer,2026-03-04
U1682,User 1682,Mumbai,Teacher,2023-09-22
U1683,User 1683,Hyderabad,Student,2024-05-05
U1684,User 1684,Mumbai,Teacher,2024-01-12
U1685,User 1685,Delhi,Designer,2023-02-04
U1686,User 1686,Bengaluru,Student,2025-11-11
U1687,User 1687,Bengaluru,Data Analyst,2025-04-22
U1688,User 1688,Hyderabad,Designer,2025-11-05
U1689,User 1689,Delhi,Teacher,2023-04-02
U1690,User 1690,Delhi,Software Engineer,2024-08-25
U1691,User 1691,Delhi,Designer,2023-08-09
U1692,User 1692,Vijayawada,Designer,2025-04-20
U1693,User 1693,Hyderabad,Student,2023-05-07
U1694,User 1694,Mumbai,Student,2024-10-28
U1695,User 1695,Vijayawada,Software Engineer,2023-10-14
U1696,User 1696,Vijayawada,Software Engineer,2024-03-23
U1697,User 1697,Mumbai,Software Engineer,2023-12-02
U1698,User 1698,Mumbai,Designer,2025-11-30
U1699,User 1699,Bengaluru,Software Engineer,2025-12-08
U1700,User 1700,Delhi,Teacher,2023-05-10
U1701,User 1701,Delhi,Student,2023-11-03
U1702,User 1702,Delhi,Designer,2024-11-02
U1703,User 1703,Mumbai,Designer,2026-02-10
U1704,User 1704,Hyderabad,Teacher,2023-10-04
U1705,User 1705,Hyderabad,Software Engineer,2024-02-25
U1706,User 1706,Vijayawada,Teacher,2025-01-14
U1707,User 1707,Delhi,Teacher,2023-10-31
U1708,User 1708,Bengaluru,Data Analyst,2025-05-19
U1709,User 1709,Hyderabad,Software Engineer,2024-12-30
U1710,User 1710,Mumbai,Student,2025-01-08
U1711,User 1711,Mumbai,Student,2025-04-12
U1712,User 1712,Delhi,Designer,2025-06-16
U1713,User 1713,Mumbai,Student,2025-04-25
U1714,User 1714,Bengaluru,Data Analyst,2025-09-05
U1715,User 1715,Mumbai,Student,2025-05-24
U1716,User 1716,Vijayawada,Designer,2023-04-10
U1717,User 1717,Mumbai,Teacher,2025-10-07
U1718,User 1718,Mumbai,Designer,2023-09-27
U1719,User 1719,Delhi,Data Analyst,2025-08-29
U1720,User 1720,Bengaluru,Data Analyst,2024-11-13
U1721,User 1721,Hyderabad,Teacher,2026-02-26
U1722,User 1722,Vijayawada,Student,2023-12-15
U1723,User 1723,Delhi,Designer,2024-09-15
U1724,User 1724,Mumbai,Data Analyst,2023-01-21
U1725,User 1725,Delhi,Student,2023-06-15
U1726,User 1726,Mumbai,Designer,2025-03-15
U1727,User 1727,Delhi,Software Engineer,2025-05-24
U1728,User 1728,Mumbai,Designer,2025-12-21
U1729,User 1729,Bengaluru,Student,2023-10-31
U1730,User 1730,Bengaluru,Designer,2023-09-07
U1731,User 1731,Hyderabad,Student,2023-10-22
U1732,User 1732,Delhi,Teacher,2025-07-08
U1733,User 1733,Vijayawada,Data Analyst,2025-10-08
U1734,User 1734,Bengaluru,Software Engineer,2024-01-23
U1735,User 1735,Delhi,Student,2024-06-13
U1736,User 1736,Delhi,Student,2023-03-17
U1737,User 1737,Delhi,Software Engineer,2024-03-15
U1738,User 1738,Hyderabad,Teacher,2024-10-17
U1739,User 1739,Delhi,Student,2024-05-19
U1740,User 1740,Mumbai,Designer,2024-12-17
U1741,User 1741,Delhi,Student,2024-07-22
U1742,User 1742,Hyderabad,Student,2023-03-11
U1743,User 1743,Mumbai,Data Analyst,2023-08-11
U1744,User 1744,Vijayawada,Student,2023-02-04
U1745,User 1745,Mumbai,Student,2023-08-15
U1746,User 1746,Delhi,Designer,2024-08-26
U1747,User 1747,Vijayawada,Student,2025-02-02
U1748,User 1748,Bengaluru,Designer,2023-04-29
U1749,User 1749,Hyderabad,Designer,2025-06-29
U1750,User 1750,Mumbai,Software Engineer,2025-08-13
U1751,User 1751,Bengaluru,Data Analyst,2024-10-04
U1752,User 1752,Bengaluru,Data Analyst,2025-09-20
U1753,User 1753,Bengaluru,Student,2024-12-06
U1754,User 1754,Bengaluru,Data Analyst,2023-05-06
U1755,User 1755,Vijayawada,Designer,2024-07-18
U1756,User 1756,Delhi,Designer,2025-08-20
U1757,User 1757,Mumbai,Designer,2025-05-16
U1758,User 1758,Hyderabad,Data Analyst,2024-12-06
U1759,User 1759,Hyderabad,Student,2023-08-01
U1760,User 1760,Delhi,Teacher,2025-10-20
U1761,User 1761,Mumbai,Data Analyst,2024-02-20
U1762,User 1762,Hyderabad,Student,2025-10-14
U1763,User 1763,Delhi,Designer,2024-10-14
U1764,User 1764,Delhi,Teacher,2023-06-14
U1765,User 1765,Delhi,Teacher,2024-07-27
U1766,User 1766,Vijayawada,Software Engineer,2026-03-16
U1767,User 1767,Bengaluru,Designer,2023-07-10
U1768,User 1768,Bengaluru,Designer,2023-07-17
U1769,User 1769,Delhi,Teacher,2024-03-22
U1770,User 1770,Bengaluru,Software Engineer,2026-02-20
U1771,User 1771,Vijayawada,Software Engineer,2023-07-27
U1772,User 1772,Hyderabad,Student,2023-09-12
U1773,User 1773,Vijayawada,Teacher,2025-02-05
U1774,User 1774,Delhi,Designer,2023-06-02
U1775,User 1775,Delhi,Designer,2024-09-06
U1776,User 1776,Delhi,Designer,2025-03-25
U1777,User 1777,Vijayawada,Teacher,2023-10-01
U1778,User 1778,Delhi,Teacher,2025-09-06
U1779,User 1779,Delhi,Software Engineer,2024-11-11
U1780,User 1780,Mumbai,Data Analyst,2024-06-26
U1781,User 1781,Hyderabad,Software Engineer,2023-12-07
U1782,User 1782,Hyderabad,Software Engineer,2024-10-31
U1783,User 1783,Mumbai,Software Engineer,2023-11-28
U1784,User 1784,Delhi,Designer,2023-02-05
U1785,User 1785,Delhi,Teacher,2026-03-04
U1786,User 1786,Delhi,Software Engineer,2025-03-20
U1787,User 1787,Hyderabad,Software Engineer,2023-10-07
U1788,User 1788,Bengaluru,Teacher,2025-09-22
U1789,User 1789,Delhi,Student,2023-09-20
U1790,User 1790,Mumbai,Teacher,2023-10-13
U1791,User 1791,Vijayawada,Teacher,2023-10-14
U1792,User 1792,Vijayawada,Data Analyst,2023-10-26
U1793,User 1793,Vijayawada,Data Analyst,2024-02-11
U1794,User 1794,Hyderabad,Data Analyst,2025-09-29
U1795,User 1795,Vijayawada,Designer,2025-01-15
U1796,User 1796,Delhi,Designer,2025-12-23
U1797,User 1797,Hyderabad,Designer,2024-05-03
U1798,User 1798,Delhi,Student,2023-02-24
U1799,User 1799,Vijayawada,Student,2023-08-11
U1800,User 1800,Vijayawada,Data Analyst,2025-05-27
U1801,User 1801,Mumbai,Data Analyst,2025-12-03
U1802,User 1802,Delhi,Teacher,2026-01-26
U1803,User 1803,Mumbai,Student,2023-09-06
U1804,User 1804,Hyderabad,Student,2025-04-09
U1805,User 1805,Delhi,Student,2025-05-13
U1806,User 1806,Vijayawada,Designer,2025-10-20
U1807,User 1807,Delhi,Teacher,2023-02-27
U1808,User 1808,Hyderabad,Designer,2024-10-22
U1809,User 1809,Bengaluru,Software Engineer,2023-02-10
U1810,User 1810,Mumbai,Software Engineer,2024-01-03
U1811,User 1811,Delhi,Software Engineer,2024-04-18
U1812,User 1812,Bengaluru,Designer,2023-06-04
U1813,User 1813,Bengaluru,Student,2025-08-27
U1814,User 1814,Mumbai,Data Analyst,2024-04-22
U1815,User 1815,Hyderabad,Student,2025-06-27
U1816,User 1816,Vijayawada,Teacher,2025-07-17
U1817,User 1817,Vijayawada,Student,2024-05-18
U1818,User 1818,Hyderabad,Student,2025-08-20
U1819,User 1819,Bengaluru,Data Analyst,2024-02-08
U1820,User 1820,Bengaluru,Student,2023-05-28
U1821,User 1821,Mumbai,Data Analyst,2025-03-13
U1822,User 1822,Vijayawada,Student,2024-01-06
U1823,User 1823,Delhi,Designer,2023-07-11
U1824,User 1824,Mumbai,Teacher,2024-12-31
U1825,User 1825,Bengaluru,Software Engineer,2026-01-12
U1826,User 1826,Vijayawada,Data Analyst,2025-07-20
U1827,User 1827,Vijayawada,Data Analyst,2024-08-01
U1828,User 1828,Delhi,Data Analyst,2024-11-20
U1829,User 1829,Mumbai,Student,2023-01-07
U1830,User 1830,Bengaluru,Data Analyst,2024-06-10
U1831,User 1831,Bengaluru,Software Engineer,2023-04-29
U1832,User 1832,Hyderabad,Designer,2024-08-05
U1833,User 1833,Bengaluru,Teacher,2023-08-13
U1834,User 1834,Hyderabad,Teacher,2023-11-03
U1835,User 1835,Bengaluru,Data Analyst,2023-03-05
U1836,User 1836,Delhi,Data Analyst,2023-12-18
U1837,User 1837,Delhi,Student,2023-04-17
U1838,User 1838,Delhi,Teacher,2025-10-25
U1839,User 1839,Mumbai,Student,2026-03-31
U1840,User 1840,Bengaluru,Teacher,2025-12-04
U1841,User 1841,Hyderabad,Data Analyst,2023-08-21
U1842,User 1842,Delhi,Designer,2024-04-15
U1843,User 1843,Vijayawada,Student,2023-08-17
U1844,User 1844,Mumbai,Data Analyst,2024-06-29
U1845,User 1845,Delhi,Student,2023-08-24
U1846,User 1846,Hyderabad,Software Engineer,2025-01-29
U1847,User 1847,Vijayawada,Data Analyst,2023-04-27
U1848,User 1848,Mumbai,Data Analyst,2023-03-28
U1849,User 1849,Hyderabad,Software Engineer,2024-06-19
U1850,User 1850,Bengaluru,Software Engineer,2024-08-19
U1851,User 1851,Delhi,Teacher,2025-10-19
U1852,User 1852,Mumbai,Teacher,2023-07-03
U1853,User 1853,Bengaluru,Data Analyst,2024-12-20
U1854,User 1854,Hyderabad,Student,2023-10-23
U1855,User 1855,Mumbai,Data Analyst,2025-08-03
U1856,User 1856,Delhi,Designer,2024-12-11
U1857,User 1857,Vijayawada,Teacher,2023-06-10
U1858,User 1858,Bengaluru,Data Analyst,2023-07-14
U1859,User 1859,Bengaluru,Software Engineer,2024-10-01
U1860,User 1860,Vijayawada,Student,2023-06-16
U1861,User 1861,Hyderabad,Teacher,2025-01-08
U1862,User 1862,Bengaluru,Teacher,2024-08-03
U1863,User 1863,Mumbai,Software Engineer,2023-12-09
U1864,User 1864,Delhi,Data Analyst,2025-08-08
U1865,User 1865,Bengaluru,Data Analyst,2023-06-12
U1866,User 1866,Delhi,Software Engineer,2025-02-19
U1867,User 1867,Bengaluru,Teacher,2024-05-14
U1868,User 1868,Mumbai,Student,2025-11-13
U1869,User 1869,Vijayawada,Designer,2025-03-02
U1870,User 1870,Hyderabad,Software Engineer,2025-01-06
U1871,User 1871,Delhi,Designer,2025-03-19
U1872,User 1872,Bengaluru,Teacher,2024-11-13
U1873,User 1873,Bengaluru,Student,2024-10-27
U1874,User 1874,Bengaluru,Teacher,2023-04-03
U1875,User 1875,Delhi,Student,2024-10-21
U1876,User 1876,Hyderabad,Data Analyst,2024-02-22
U1877,User 1877,Mumbai,Designer,2024-10-26
U1878,User 1878,Vijayawada,Software Engineer,2023-04-23
U1879,User 1879,Delhi,Data Analyst,2025-07-19
U1880,User 1880,Delhi,Teacher,2024-03-12
U1881,User 1881,Mumbai,Student,2023-11-16
U1882,User 1882,Mumbai,Software Engineer,2024-10-12
U1883,User 1883,Bengaluru,Student,2024-10-02
U1884,User 1884,Bengaluru,Software Engineer,2025-05-01
U1885,User 1885,Bengaluru,Designer,2023-09-30
U1886,User 1886,Vijayawada,Teacher,2023-07-01
U1887,User 1887,Delhi,Software Engineer,2025-03-01
U1888,User 1888,Bengaluru,Designer,2024-12-09
U1889,User 1889,Vijayawada,Teacher,2025-03-23
U1890,User 1890,Vijayawada,Data Analyst,2023-07-10
U1891,User 1891,Vijayawada,Data Analyst,2024-02-13
U1892,User 1892,Delhi,Designer,2025-02-14
U1893,User 1893,Mumbai,Student,2026-02-15
U1894,User 1894,Hyderabad,Teacher,2025-12-09
U1895,User 1895,Mumbai,Software Engineer,2025-02-19
U1896,User 1896,Vijayawada,Designer,2023-10-24
U1897,User 1897,Bengaluru,Teacher,2024-06-15
U1898,User 1898,Hyderabad,Designer,2023-08-22
U1899,User 1899,Delhi,Designer,2023-04-20
U1900,User 1900,Delhi,Software Engineer,2026-03-01
U1901,User 1901,Hyderabad,Data Analyst,2024-11-21
U1902,User 1902,Delhi,Teacher,2024-12-04
U1903,User 1903,Mumbai,Student,2024-05-09
U1904,User 1904,Delhi,Data Analyst,2024-03-29
U1905,User 1905,Delhi,Teacher,2023-04-06
U1906,User 1906,Bengaluru,Data Analyst,2026-03-09
U1907,User 1907,Bengaluru,Teacher,2024-11-25
U1908,User 1908,Bengaluru,Software Engineer,2024-03-02
U1909,User 1909,Delhi,Software Engineer,2025-11-16
U1910,User 1910,Mumbai,Teacher,2025-01-10
U1911,User 1911,Mumbai,Designer,2024-04-11
U1912,User 1912,Mumbai,Designer,2023-05-27
U1913,User 1913,Bengaluru,Designer,2023-09-20
U1914,User 1914,Mumbai,Student,2023-07-09
U1915,User 1915,Delhi,Teacher,2025-05-06
U1916,User 1916,Delhi,Student,2023-05-31
U1917,User 1917,Delhi,Designer,2023-11-02
U1918,User 1918,Mumbai,Software Engineer,2025-12-16
U1919,User 1919,Mumbai,Designer,2024-04-29
U1920,User 1920,Mumbai,Designer,2024-11-09
U1921,User 1921,Delhi,Teacher,2023-01-24
U1922,User 1922,Bengaluru,Data Analyst,2023-07-22
U1923,User 1923,Bengaluru,Student,2025-01-17
U1924,User 1924,Bengaluru,Teacher,2024-01-13
U1925,User 1925,Delhi,Student,2025-01-23
U1926,User 1926,Hyderabad,Data Analyst,2025-03-07
U1927,User 1927,Vijayawada,Student,2024-12-12
U1928,User 1928,Vijayawada,Teacher,2025-04-17
U1929,User 1929,Mumbai,Teacher,2024-06-17
U1930,User 1930,Delhi,Software Engineer,2023-04-20
U1931,User 1931,Hyderabad,Teacher,2024-07-05
U1932,User 1932,Mumbai,Data Analyst,2025-05-24
U1933,User 1933,Vijayawada,Teacher,2024-02-14
U1934,User 1934,Bengaluru,Student,2023-07-08
U1935,User 1935,Delhi,Designer,2025-11-02
U1936,User 1936,Mumbai,Student,2025-09-21
U1937,User 1937,Hyderabad,Designer,2024-04-04
U1938,User 1938,Bengaluru,Designer,2023-09-06
U1939,User 1939,Vijayawada,Student,2026-03-10
U1940,User 1940,Vijayawada,Software Engineer,2023-03-06
U1941,User 1941,Hyderabad,Student,2024-05-15
U1942,User 1942,Delhi,Software Engineer,2024-01-30
U1943,User 1943,Hyderabad,Designer,2023-09-29
U1944,User 1944,Hyderabad,Designer,2023-05-13
U1945,User 1945,Hyderabad,Data Analyst,2025-10-09
U1946,User 1946,Bengaluru,Designer,2025-06-12
U1947,User 1947,Delhi,Student,2023-01-24
U1948,User 1948,Vijayawada,Student,2026-01-19
U1949,User 1949,Hyderabad,Teacher,2023-07-06
U1950,User 1950,Vijayawada,Teacher,2025-01-18
U1951,User 1951,Hyderabad,Data Analyst,2026-01-09
U1952,User 1952,Vijayawada,Data Analyst,2023-02-14
U1953,User 1953,Delhi,Software Engineer,2023-09-29
U1954,User 1954,Mumbai,Designer,2026-02-10
U1955,User 1955,Hyderabad,Teacher,2025-07-11
U1956,User 1956,Mumbai,Student,2024-02-28
U1957,User 1957,Delhi,Designer,2023-05-12
U1958,User 1958,Delhi,Student,2023-01-10
U1959,User 1959,Hyderabad,Student,2024-03-26
U1960,User 1960,Vijayawada,Teacher,2025-02-13
U1961,User 1961,Hyderabad,Designer,2023-06-04
U1962,User 1962,Vijayawada,Software Engineer,2024-05-13
U1963,User 1963,Hyderabad,Designer,2025-12-15
U1964,User 1964,Delhi,Teacher,2024-09-29
U1965,User 1965,Vijayawada,Software Engineer,2023-10-22
U1966,User 1966,Delhi,Designer,2025-01-22
U1967,User 1967,Bengaluru,Teacher,2023-08-27
U1968,User 1968,Bengaluru,Student,2026-01-15
U1969,User 1969,Hyderabad,Designer,2025-07-16
U1970,User 1970,Bengaluru,Data Analyst,2024-10-09
U1971,User 1971,Delhi,Designer,2024-07-12
U1972,User 1972,Vijayawada,Designer,2025-01-28
U1973,User 1973,Delhi,Teacher,2026-03-24
U1974,User 1974,Hyderabad,Software Engineer,2024-03-17
U1975,User 1975,Vijayawada,Data Analyst,2024-05-19
U1976,User 1976,Vijayawada,Student,2025-06-06
U1977,User 1977,Vijayawada,Software Engineer,2023-06-19
U1978,User 1978,Hyderabad,Data Analyst,2024-11-09
U1979,User 1979,Bengaluru,Data Analyst,2025-12-19
U1980,User 1980,Bengaluru,Teacher,2023-06-22
U1981,User 1981,Vijayawada,Data Analyst,2023-05-06
U1982,User 1982,Mumbai,Student,2024-11-14
U1983,User 1983,Mumbai,Designer,2025-01-31
U1984,User 1984,Bengaluru,Software Engineer,2026-04-05
U1985,User 1985,Delhi,Data Analyst,2024-01-01
U1986,User 1986,Delhi,Software Engineer,2024-01-09
U1987,User 1987,Hyderabad,Student,2025-01-19
U1988,User 1988,Bengaluru,Designer,2024-01-23
U1989,User 1989,Bengaluru,Designer,2024-02-20
U1990,User 1990,Delhi,Teacher,2025-02-16
U1991,User 1991,Hyderabad,Data Analyst,2026-04-11
U1992,User 1992,Hyderabad,Data Analyst,2023-07-25
U1993,User 1993,Hyderabad,Student,2023-10-29
U1994,User 1994,Vijayawada,Designer,2025-01-07
U1995,User 1995,Bengaluru,Teacher,2023-12-12
U1996,User 1996,Bengaluru,Teacher,2023-10-29
U1997,User 1997,Delhi,Software Engineer,2025-07-05
U1998,User 1998,Bengaluru,Student,2024-07-01
U1999,User 1999,Mumbai,Designer,2024-05-11
U2000,User 2000,Vijayawada,Software Engineer,2024-04-13
U2001,User 2001,Bengaluru,Student,2024-05-05
U2002,User 2002,Delhi,Student,2024-04-26
U2003,User 2003,Mumbai,Designer,2025-04-21
U2004,User 2004,Bengaluru,Designer,2025-11-17
U2005,User 2005,Vijayawada,Student,2023-04-06
U2006,User 2006,Bengaluru,Data Analyst,2026-01-10
U2007,User 2007,Bengaluru,Designer,2023-09-10
U2008,User 2008,Vijayawada,Software Engineer,2025-05-03
U2009,User 2009,Delhi,Teacher,2025-02-19
U2010,User 2010,Vijayawada,Designer,2023-07-13
U2011,User 2011,Bengaluru,Software Engineer,2025-03-11
U2012,User 2012,Bengaluru,Teacher,2024-03-08
U2013,User 2013,Delhi,Teacher,2025-11-11
U2014,User 2014,Vijayawada,Teacher,2025-08-23
U2015,User 2015,Mumbai,Software Engineer,2025-02-09
U2016,User 2016,Mumbai,Teacher,2025-01-22
U2017,User 2017,Mumbai,Data Analyst,2025-05-13
U2018,User 2018,Vijayawada,Data Analyst,2024-01-25
U2019,User 2019,Hyderabad,Data Analyst,2023-06-25
U2020,User 2020,Mumbai,Designer,2024-04-01
U2021,User 2021,Delhi,Student,2023-03-10
U2022,User 2022,Delhi,Student,2025-04-02
U2023,User 2023,Delhi,Designer,2024-02-23
U2024,User 2024,Hyderabad,Student,2024-04-20
U2025,User 2025,Bengaluru,Data Analyst,2024-11-20
U2026,User 2026,Vijayawada,Student,2026-04-06
U2027,User 2027,Delhi,Designer,2024-09-09
U2028,User 2028,Mumbai,Student,2024-06-15
U2029,User 2029,Bengaluru,Designer,2025-03-18
U2030,User 2030,Mumbai,Software Engineer,2026-03-30
U2031,User 2031,Bengaluru,Software Engineer,2023-10-07
U2032,User 2032,Bengaluru,Student,2023-10-22
U2033,User 2033,Vijayawada,Designer,2025-03-28
U2034,User 2034,Mumbai,Software Engineer,2025-05-03
U2035,User 2035,Mumbai,Data Analyst,2024-10-14
U2036,User 2036,Hyderabad,Data Analyst,2025-03-02
U2037,User 2037,Bengaluru,Designer,2025-11-11
U2038,User 2038,Vijayawada,Software Engineer,2025-08-16
U2039,User 2039,Bengaluru,Software Engineer,2023-10-11
U2040,User 2040,Delhi,Software Engineer,2025-03-01
U2041,User 2041,Vijayawada,Teacher,2024-05-16
U2042,User 2042,Delhi,Designer,2026-01-18
U2043,User 2043,Hyderabad,Data Analyst,2023-01-12
U2044,User 2044,Mumbai,Software Engineer,2026-03-03
U2045,User 2045,Delhi,Data Analyst,2025-10-20
U2046,User 2046,Delhi,Data Analyst,2024-01-22
U2047,User 2047,Vijayawada,Software Engineer,2024-11-27
U2048,User 2048,Bengaluru,Designer,2024-07-28
U2049,User 2049,Bengaluru,Teacher,2025-10-15
U2050,User 2050,Vijayawada,Teacher,2025-05-04
U2051,User 2051,Hyderabad,Data Analyst,2024-01-29
U2052,User 2052,Hyderabad,Student,2025-05-07
U2053,User 2053,Hyderabad,Data Analyst,2023-02-19
U2054,User 2054,Delhi,Student,2025-11-11
U2055,User 2055,Bengaluru,Student,2023-10-10
U2056,User 2056,Bengaluru,Student,2025-11-07
U2057,User 2057,Bengaluru,Student,2025-07-07
U2058,User 2058,Vijayawada,Data Analyst,2025-11-07
U2059,User 2059,Bengaluru,Software Engineer,2024-02-26
U2060,User 2060,Vijayawada,Designer,2024-11-02
U2061,User 2061,Mumbai,Designer,2023-04-01
U2062,User 2062,Delhi,Software Engineer,2023-11-19
U2063,User 2063,Delhi,Data Analyst,2024-12-22
U2064,User 2064,Mumbai,Data Analyst,2023-03-24
U2065,User 2065,Delhi,Designer,2024-12-30
U2066,User 2066,Mumbai,Student,2025-11-21
U2067,User 2067,Vijayawada,Data Analyst,2026-01-18
U2068,User 2068,Bengaluru,Data Analyst,2025-04-28
U2069,User 2069,Hyderabad,Data Analyst,2024-06-10
U2070,User 2070,Mumbai,Teacher,2025-08-07
U2071,User 2071,Mumbai,Designer,2023-02-03
U2072,User 2072,Delhi,Designer,2023-09-29
U2073,User 2073,Hyderabad,Designer,2025-03-04
U2074,User 2074,Bengaluru,Student,2026-02-22
U2075,User 2075,Delhi,Data Analyst,2025-03-28
U2076,User 2076,Hyderabad,Data Analyst,2025-09-18
U2077,User 2077,Mumbai,Student,2025-06-30
U2078,User 2078,Mumbai,Software Engineer,2023-04-29
U2079,User 2079,Vijayawada,Student,2023-11-19
U2080,User 2080,Bengaluru,Software Engineer,2025-01-10
U2081,User 2081,Delhi,Data Analyst,2023-03-29
U2082,User 2082,Hyderabad,Software Engineer,2025-09-04
U2083,User 2083,Delhi,Designer,2025-05-29
U2084,User 2084,Bengaluru,Designer,2023-12-27
U2085,User 2085,Hyderabad,Data Analyst,2024-08-06
U2086,User 2086,Mumbai,Data Analyst,2023-02-21
U2087,User 2087,Hyderabad,Data Analyst,2025-05-29
U2088,User 2088,Mumbai,Designer,2024-07-28
U2089,User 2089,Mumbai,Software Engineer,2025-08-13
U2090,User 2090,Bengaluru,Student,2024-10-02
U2091,User 2091,Mumbai,Teacher,2026-01-09
U2092,User 2092,Mumbai,Software Engineer,2024-08-31
U2093,User 2093,Bengaluru,Student,2025-08-09
U2094,User 2094,Vijayawada,Teacher,2024-04-01
U2095,User 2095,Hyderabad,Student,2025-07-24
U2096,User 2096,Hyderabad,Software Engineer,2025-05-23
U2097,User 2097,Mumbai,Student,2023-03-28
U2098,User 2098,Bengaluru,Teacher,2024-09-17
U2099,User 2099,Mumbai,Student,2025-03-28
U2100,User 2100,Bengaluru,Software Engineer,2025-08-16
U2101,User 2101,Mumbai,Data Analyst,2024-04-14
U2102,User 2102,Delhi,Data Analyst,2025-05-23
U2103,User 2103,Vijayawada,Designer,2023-08-13
U2104,User 2104,Mumbai,Software Engineer,2025-07-29
U2105,User 2105,Bengaluru,Teacher,2025-06-10
U2106,User 2106,Delhi,Data Analyst,2023-05-10
U2107,User 2107,Hyderabad,Teacher,2025-12-29
U2108,User 2108,Delhi,Teacher,2026-01-07
U2109,User 2109,Bengaluru,Data Analyst,2023-04-02
U2110,User 2110,Vijayawada,Student,2025-04-27
U2111,User 2111,Vijayawada,Designer,2024-06-10
U2112,User 2112,Vijayawada,Student,2026-02-04
U2113,User 2113,Mumbai,Teacher,2025-01-18
U2114,User 2114,Vijayawada,Software Engineer,2024-01-04
U2115,User 2115,Delhi,Data Analyst,2025-10-14
U2116,User 2116,Mumbai,Student,2024-05-12
U2117,User 2117,Hyderabad,Teacher,2024-06-15
U2118,User 2118,Mumbai,Teacher,2023-03-11
U2119,User 2119,Mumbai,Designer,2025-09-13
U2120,User 2120,Bengaluru,Software Engineer,2025-12-22
U2121,User 2121,Vijayawada,Data Analyst,2023-04-13
U2122,User 2122,Vijayawada,Teacher,2025-12-06
U2123,User 2123,Mumbai,Student,2023-05-16
U2124,User 2124,Vijayawada,Teacher,2024-04-07
U2125,User 2125,Vijayawada,Data Analyst,2023-10-25
U2126,User 2126,Delhi,Teacher,2024-10-04
U2127,User 2127,Bengaluru,Teacher,2025-08-10
U2128,User 2128,Bengaluru,Software Engineer,2024-02-19
U2129,User 2129,Hyderabad,Software Engineer,2023-06-06
U2130,User 2130,Delhi,Student,2025-06-14
U2131,User 2131,Bengaluru,Data Analyst,2023-01-11
U2132,User 2132,Delhi,Software Engineer,2024-05-18
U2133,User 2133,Hyderabad,Designer,2023-08-19
U2134,User 2134,Mumbai,Student,2026-02-05
U2135,User 2135,Vijayawada,Data Analyst,2025-02-18
U2136,User 2136,Vijayawada,Software Engineer,2024-10-13
U2137,User 2137,Delhi,Software Engineer,2025-08-15
U2138,User 2138,Bengaluru,Designer,2026-02-24
U2139,User 2139,Hyderabad,Designer,2025-02-09
U2140,User 2140,Hyderabad,Student,2025-11-20
U2141,User 2141,Mumbai,Data Analyst,2025-03-26
U2142,User 2142,Delhi,Designer,2025-01-26
U2143,User 2143,Hyderabad,Software Engineer,2025-04-14
U2144,User 2144,Vijayawada,Designer,2023-11-18
U2145,User 2145,Bengaluru,Student,2024-01-26
U2146,User 2146,Bengaluru,Designer,2025-04-26
U2147,User 2147,Mumbai,Software Engineer,2025-01-18
U2148,User 2148,Mumbai,Student,2023-06-14
U2149,User 2149,Delhi,Data Analyst,2023-03-16
U2150,User 2150,Bengaluru,Software Engineer,2024-09-24
U2151,User 2151,Mumbai,Student,2023-03-25
U2152,User 2152,Hyderabad,Data Analyst,2023-10-09
U2153,User 2153,Bengaluru,Student,2024-03-07
U2154,User 2154,Bengaluru,Designer,2024-02-12
U2155,User 2155,Delhi,Student,2023-09-27
U2156,User 2156,Mumbai,Teacher,2024-01-11
U2157,User 2157,Delhi,Software Engineer,2026-03-21
U2158,User 2158,Bengaluru,Software Engineer,2023-03-06
U2159,User 2159,Bengaluru,Designer,2024-08-20
U2160,User 2160,Vijayawada,Data Analyst,2023-04-27
U2161,User 2161,Hyderabad,Teacher,2025-12-10
U2162,User 2162,Vijayawada,Teacher,2025-05-18
U2163,User 2163,Mumbai,Designer,2026-02-18
U2164,User 2164,Delhi,Designer,2026-04-02
U2165,User 2165,Vijayawada,Software Engineer,2026-03-03
U2166,User 2166,Mumbai,Software Engineer,2024-09-06
U2167,User 2167,Bengaluru,Software Engineer,2024-05-01
U2168,User 2168,Hyderabad,Data Analyst,2024-01-02
U2169,User 2169,Delhi,Designer,2023-09-21
U2170,User 2170,Vijayawada,Data Analyst,2026-02-25
U2171,User 2171,Bengaluru,Designer,2023-11-11
U2172,User 2172,Hyderabad,Designer,2025-06-30
U2173,User 2173,Mumbai,Software Engineer,2025-09-12
U2174,User 2174,Delhi,Software Engineer,2024-05-25
U2175,User 2175,Vijayawada,Student,2023-12-22
U2176,User 2176,Vijayawada,Teacher,2025-08-18
U2177,User 2177,Hyderabad,Student,2023-06-27
U2178,User 2178,Mumbai,Teacher,2024-09-10
U2179,User 2179,Bengaluru,Teacher,2023-05-02
U2180,User 2180,Mumbai,Software Engineer,2023-10-29
U2181,User 2181,Vijayawada,Data Analyst,2023-12-20
U2182,User 2182,Hyderabad,Teacher,2025-12-31
U2183,User 2183,Hyderabad,Software Engineer,2023-05-22
U2184,User 2184,Vijayawada,Student,2025-09-04
U2185,User 2185,Hyderabad,Teacher,2025-12-29
U2186,User 2186,Hyderabad,Designer,2025-07-19
U2187,User 2187,Vijayawada,Software Engineer,2024-07-18
U2188,User 2188,Mumbai,Designer,2023-06-14
U2189,User 2189,Mumbai,Software Engineer,2023-12-25
U2190,User 2190,Bengaluru,Teacher,2023-01-09
U2191,User 2191,Vijayawada,Designer,2024-02-01
U2192,User 2192,Vijayawada,Data Analyst,2023-11-13
U2193,User 2193,Delhi,Software Engineer,2024-12-13
U2194,User 2194,Vijayawada,Designer,2023-07-30
U2195,User 2195,Vijayawada,Teacher,2023-12-29
U2196,User 2196,Vijayawada,Student,2023-07-19
U2197,User 2197,Mumbai,Software Engineer,2023-08-27
U2198,User 2198,Vijayawada,Student,2026-01-05
U2199,User 2199,Delhi,Teacher,2026-04-04
U2200,User 2200,Mumbai,Designer,2024-08-14
U2201,User 2201,Vijayawada,Designer,2025-12-26
U2202,User 2202,Delhi,Teacher,2023-11-03
U2203,User 2203,Mumbai,Teacher,2024-07-06
U2204,User 2204,Hyderabad,Student,2023-03-11
U2205,User 2205,Vijayawada,Designer,2023-09-24
U2206,User 2206,Delhi,Teacher,2024-10-24
U2207,User 2207,Mumbai,Software Engineer,2026-03-29
U2208,User 2208,Mumbai,Designer,2024-03-30
U2209,User 2209,Bengaluru,Designer,2026-01-11
U2210,User 2210,Vijayawada,Software Engineer,2025-04-03
U2211,User 2211,Bengaluru,Student,2023-03-28
U2212,User 2212,Mumbai,Data Analyst,2024-11-25
U2213,User 2213,Hyderabad,Student,2025-02-20
U2214,User 2214,Hyderabad,Data Analyst,2024-05-10
U2215,User 2215,Delhi,Student,2025-08-04
U2216,User 2216,Delhi,Software Engineer,2025-11-10
U2217,User 2217,Vijayawada,Designer,2023-03-15
U2218,User 2218,Delhi,Data Analyst,2025-03-18
U2219,User 2219,Vijayawada,Teacher,2024-06-17
U2220,User 2220,Vijayawada,Teacher,2023-09-20
U2221,User 2221,Bengaluru,Designer,2023-04-24
U2222,User 2222,Hyderabad,Software Engineer,2025-06-21
U2223,User 2223,Hyderabad,Student,2025-11-20
U2224,User 2224,Delhi,Student,2024-01-16
U2225,User 2225,Bengaluru,Designer,2024-03-14
U2226,User 2226,Bengaluru,Designer,2024-11-10
U2227,User 2227,Delhi,Student,2024-07-15
U2228,User 2228,Bengaluru,Student,2023-06-28
U2229,User 2229,Vijayawada,Teacher,2026-01-25
U2230,User 2230,Hyderabad,Teacher,2025-09-09
U2231,User 2231,Vijayawada,Teacher,2026-01-19
U2232,User 2232,Bengaluru,Software Engineer,2025-10-20
U2233,User 2233,Hyderabad,Designer,2025-11-01
U2234,User 2234,Vijayawada,Data Analyst,2023-08-20
U2235,User 2235,Mumbai,Teacher,2025-02-11
U2236,User 2236,Vijayawada,Data Analyst,2025-12-02
U2237,User 2237,Hyderabad,Designer,2024-04-13
U2238,User 2238,Hyderabad,Software Engineer,2025-09-02
U2239,User 2239,Mumbai,Teacher,2025-11-19
U2240,User 2240,Mumbai,Software Engineer,2024-11-14
U2241,User 2241,Vijayawada,Designer,2024-05-14
U2242,User 2242,Delhi,Data Analyst,2025-10-24
U2243,User 2243,Vijayawada,Designer,2023-05-20
U2244,User 2244,Delhi,Student,2025-04-18
U2245,User 2245,Vijayawada,Teacher,2026-02-12
U2246,User 2246,Hyderabad,Software Engineer,2025-02-25
U2247,User 2247,Hyderabad,Student,2025-02-13
U2248,User 2248,Hyderabad,Software Engineer,2026-01-19
U2249,User 2249,Mumbai,Software Engineer,2025-03-13
U2250,User 2250,Delhi,Designer,2023-11-18
U2251,User 2251,Delhi,Software Engineer,2024-06-19
U2252,User 2252,Delhi,Designer,2025-02-28
U2253,User 2253,Delhi,Software Engineer,2024-05-12
U2254,User 2254,Vijayawada,Data Analyst,2023-05-31
U2255,User 2255,Delhi,Designer,2024-03-05
U2256,User 2256,Hyderabad,Designer,2024-02-07
U2257,User 2257,Delhi,Designer,2025-06-09
U2258,User 2258,Hyderabad,Student,2023-02-14
U2259,User 2259,Hyderabad,Designer,2025-05-06
U2260,User 2260,Bengaluru,Teacher,2023-12-27
U2261,User 2261,Bengaluru,Teacher,2025-02-09
U2262,User 2262,Mumbai,Software Engineer,2026-01-26
U2263,User 2263,Hyderabad,Designer,2023-10-27
U2264,User 2264,Delhi,Data Analyst,2024-08-31
U2265,User 2265,Hyderabad,Student,2026-04-13
U2266,User 2266,Mumbai,Software Engineer,2025-12-08
U2267,User 2267,Mumbai,Student,2023-03-07
U2268,User 2268,Delhi,Software Engineer,2023-12-01
U2269,User 2269,Vijayawada,Designer,2025-10-06
U2270,User 2270,Mumbai,Designer,2023-02-16
U2271,User 2271,Delhi,Software Engineer,2024-08-27
U2272,User 2272,Hyderabad,Student,2024-02-13
U2273,User 2273,Mumbai,Data Analyst,2024-05-16
U2274,User 2274,Bengaluru,Software Engineer,2023-03-25
U2275,User 2275,Hyderabad,Data Analyst,2024-09-21
U2276,User 2276,Mumbai,Designer,2026-03-20
U2277,User 2277,Vijayawada,Designer,2023-02-13
U2278,User 2278,Delhi,Teacher,2026-01-19
U2279,User 2279,Delhi,Data Analyst,2025-12-12
U2280,User 2280,Bengaluru,Teacher,2023-08-03
U2281,User 2281,Delhi,Teacher,2025-03-01
U2282,User 2282,Bengaluru,Teacher,2023-01-18
U2283,User 2283,Vijayawada,Teacher,2026-02-25
U2284,User 2284,Mumbai,Designer,2025-03-06
U2285,User 2285,Vijayawada,Data Analyst,2023-09-29
U2286,User 2286,Delhi,Data Analyst,2023-08-13
U2287,User 2287,Vijayawada,Software Engineer,2024-09-02
U2288,User 2288,Bengaluru,Student,2025-08-25
U2289,User 2289,Delhi,Teacher,2023-11-25
U2290,User 2290,Vijayawada,Student,2024-05-06
U2291,User 2291,Mumbai,Software Engineer,2025-11-08
U2292,User 2292,Mumbai,Data Analyst,2026-02-13
U2293,User 2293,Bengaluru,Student,2023-11-27
U2294,User 2294,Bengaluru,Software Engineer,2025-08-05
U2295,User 2295,Mumbai,Data Analyst,2024-05-23
U2296,User 2296,Mumbai,Software Engineer,2025-05-19
U2297,User 2297,Delhi,Designer,2023-04-19
U2298,User 2298,Bengaluru,Teacher,2025-02-13
U2299,User 2299,Delhi,Student,2024-09-20
U2300,User 2300,Mumbai,Data Analyst,2025-01-02
U2301,User 2301,Vijayawada,Student,2023-07-09
U2302,User 2302,Delhi,Data Analyst,2025-01-14
U2303,User 2303,Hyderabad,Student,2024-05-12
U2304,User 2304,Hyderabad,Student,2025-12-30
U2305,User 2305,Mumbai,Software Engineer,2026-03-12
U2306,User 2306,Mumbai,Teacher,2023-01-26
U2307,User 2307,Delhi,Software Engineer,2023-01-05
U2308,User 2308,Hyderabad,Teacher,2024-01-02
U2309,User 2309,Delhi,Software Engineer,2024-03-19
U2310,User 2310,Mumbai,Software Engineer,2025-11-14
U2311,User 2311,Bengaluru,Designer,2024-01-13
U2312,User 2312,Delhi,Teacher,2023-07-14
U2313,User 2313,Vijayawada,Student,2025-09-08
U2314,User 2314,Bengaluru,Student,2023-11-06
U2315,User 2315,Hyderabad,Data Analyst,2023-06-09
U2316,User 2316,Delhi,Data Analyst,2024-01-09
U2317,User 2317,Bengaluru,Student,2023-08-08
U2318,User 2318,Hyderabad,Teacher,2024-03-21
U2319,User 2319,Hyderabad,Teacher,2024-03-16
U2320,User 2320,Hyderabad,Designer,2024-01-28
U2321,User 2321,Vijayawada,Designer,2024-08-31
U2322,User 2322,Bengaluru,Student,2025-01-31
U2323,User 2323,Vijayawada,Designer,2023-08-10
U2324,User 2324,Vijayawada,Teacher,2024-02-02
U2325,User 2325,Mumbai,Software Engineer,2025-05-15
U2326,User 2326,Delhi,Data Analyst,2023-12-05
U2327,User 2327,Hyderabad,Teacher,2024-06-23
U2328,User 2328,Delhi,Data Analyst,2023-06-18
U2329,User 2329,Hyderabad,Data Analyst,2023-10-15
U2330,User 2330,Bengaluru,Data Analyst,2026-01-22
U2331,User 2331,Mumbai,Teacher,2025-12-05
U2332,User 2332,Hyderabad,Teacher,2025-11-17
U2333,User 2333,Bengaluru,Designer,2023-03-07
U2334,User 2334,Hyderabad,Data Analyst,2025-04-21
U2335,User 2335,Bengaluru,Designer,2025-10-31
U2336,User 2336,Bengaluru,Data Analyst,2023-04-26
U2337,User 2337,Mumbai,Data Analyst,2026-01-28
U2338,User 2338,Bengaluru,Designer,2026-01-08
U2339,User 2339,Bengaluru,Student,2024-12-10
U2340,User 2340,Vijayawada,Teacher,2024-02-20
U2341,User 2341,Mumbai,Teacher,2024-04-29
U2342,User 2342,Hyderabad,Teacher,2023-03-26
U2343,User 2343,Mumbai,Student,2026-02-13
U2344,User 2344,Bengaluru,Data Analyst,2025-04-26
U2345,User 2345,Mumbai,Teacher,2024-08-05
U2346,User 2346,Vijayawada,Software Engineer,2025-12-29
U2347,User 2347,Bengaluru,Software Engineer,2024-10-13
U2348,User 2348,Delhi,Software Engineer,2024-02-24
U2349,User 2349,Delhi,Software Engineer,2025-06-20
U2350,User 2350,Delhi,Designer,2026-01-08
U2351,User 2351,Vijayawada,Data Analyst,2025-07-05
U2352,User 2352,Hyderabad,Data Analyst,2023-12-26
U2353,User 2353,Mumbai,Teacher,2024-06-21
U2354,User 2354,Hyderabad,Software Engineer,2025-03-02
U2355,User 2355,Hyderabad,Data Analyst,2025-10-31
U2356,User 2356,Mumbai,Student,2026-03-04
U2357,User 2357,Bengaluru,Designer,2026-02-18
U2358,User 2358,Bengaluru,Designer,2023-03-26
U2359,User 2359,Delhi,Teacher,2025-03-19
U2360,User 2360,Delhi,Software Engineer,2023-05-04
U2361,User 2361,Mumbai,Student,2024-04-24
U2362,User 2362,Bengaluru,Designer,2026-02-17
U2363,User 2363,Delhi,Designer,2023-03-19
U2364,User 2364,Vijayawada,Data Analyst,2023-08-30
U2365,User 2365,Mumbai,Student,2025-05-26
U2366,User 2366,Bengaluru,Data Analyst,2024-07-21
U2367,User 2367,Vijayawada,Student,2026-01-30
U2368,User 2368,Vijayawada,Student,2023-08-08
U2369,User 2369,Mumbai,Designer,2025-11-03
U2370,User 2370,Delhi,Designer,2025-09-08
U2371,User 2371,Bengaluru,Software Engineer,2023-12-29
U2372,User 2372,Vijayawada,Teacher,2025-07-13
U2373,User 2373,Vijayawada,Designer,2023-04-27
U2374,User 2374,Hyderabad,Software Engineer,2025-04-01
U2375,User 2375,Delhi,Student,2024-01-27
U2376,User 2376,Delhi,Teacher,2025-01-02
U2377,User 2377,Vijayawada,Designer,2026-01-09
U2378,User 2378,Vijayawada,Software Engineer,2023-01-26
U2379,User 2379,Bengaluru,Designer,2025-02-28
U2380,User 2380,Mumbai,Teacher,2024-06-30
U2381,User 2381,Hyderabad,Data Analyst,2025-03-17
U2382,User 2382,Hyderabad,Software Engineer,2024-03-10
U2383,User 2383,Mumbai,Data Analyst,2023-12-23
U2384,User 2384,Mumbai,Teacher,2023-08-25
U2385,User 2385,Bengaluru,Software Engineer,2025-05-06
U2386,User 2386,Mumbai,Data Analyst,2023-10-26
U2387,User 2387,Vijayawada,Data Analyst,2024-11-02
U2388,User 2388,Vijayawada,Data Analyst,2023-09-09
U2389,User 2389,Mumbai,Designer,2024-02-18
U2390,User 2390,Mumbai,Teacher,2023-03-22
U2391,User 2391,Vijayawada,Data Analyst,2023-12-28
U2392,User 2392,Mumbai,Teacher,2024-01-26
U2393,User 2393,Bengaluru,Designer,2023-08-15
U2394,User 2394,Mumbai,Teacher,2026-03-09
U2395,User 2395,Mumbai,Data Analyst,2023-01-06
U2396,User 2396,Vijayawada,Student,2025-02-22
U2397,User 2397,Vijayawada,Designer,2025-04-07
U2398,User 2398,Hyderabad,Student,2024-11-19
U2399,User 2399,Bengaluru,Student,2024-07-02
U2400,User 2400,Vijayawada,Designer,2023-11-24
U2401,User 2401,Delhi,Data Analyst,2025-02-24
U2402,User 2402,Delhi,Software Engineer,2025-06-24
U2403,User 2403,Hyderabad,Teacher,2024-01-18
U2404,User 2404,Mumbai,Student,2025-04-20
U2405,User 2405,Mumbai,Student,2024-02-13
U2406,User 2406,Mumbai,Data Analyst,2024-03-16
U2407,User 2407,Vijayawada,Software Engineer,2025-06-01
U2408,User 2408,Bengaluru,Student,2025-12-30
U2409,User 2409,Vijayawada,Data Analyst,2023-09-28
U2410,User 2410,Vijayawada,Software Engineer,2024-11-21
U2411,User 2411,Hyderabad,Designer,2024-05-28
U2412,User 2412,Hyderabad,Software Engineer,2024-05-18
U2413,User 2413,Hyderabad,Student,2023-07-10
U2414,User 2414,Bengaluru,Data Analyst,2024-01-28
U2415,User 2415,Bengaluru,Teacher,2023-03-30
U2416,User 2416,Vijayawada,Teacher,2025-11-24
U2417,User 2417,Hyderabad,Designer,2025-10-08
U2418,User 2418,Hyderabad,Teacher,2024-05-06
U2419,User 2419,Vijayawada,Data Analyst,2023-08-10
U2420,User 2420,Mumbai,Designer,2023-12-28
U2421,User 2421,Hyderabad,Teacher,2025-03-02
U2422,User 2422,Mumbai,Student,2023-03-05
U2423,User 2423,Delhi,Student,2025-03-01
U2424,User 2424,Delhi,Designer,2025-08-27
U2425,User 2425,Mumbai,Data Analyst,2025-06-14
U2426,User 2426,Hyderabad,Teacher,2024-11-04
U2427,User 2427,Mumbai,Teacher,2023-04-09
U2428,User 2428,Hyderabad,Designer,2023-11-12
U2429,User 2429,Delhi,Data Analyst,2025-03-09
U2430,User 2430,Vijayawada,Teacher,2025-08-15
U2431,User 2431,Bengaluru,Data Analyst,2025-11-19
U2432,User 2432,Hyderabad,Teacher,2023-12-03
U2433,User 2433,Delhi,Designer,2026-04-07
U2434,User 2434,Hyderabad,Data Analyst,2023-04-06
U2435,User 2435,Vijayawada,Teacher,2025-03-23
U2436,User 2436,Hyderabad,Teacher,2025-04-03
U2437,User 2437,Hyderabad,Data Analyst,2024-04-05
U2438,User 2438,Delhi,Student,2024-03-02
U2439,User 2439,Hyderabad,Designer,2024-10-10
U2440,User 2440,Hyderabad,Teacher,2023-06-06
U2441,User 2441,Bengaluru,Student,2024-12-21
U2442,User 2442,Hyderabad,Designer,2024-09-18
U2443,User 2443,Delhi,Student,2025-10-31
U2444,User 2444,Bengaluru,Data Analyst,2025-11-19
U2445,User 2445,Vijayawada,Data Analyst,2023-01-26
U2446,User 2446,Vijayawada,Software Engineer,2025-06-11
U2447,User 2447,Bengaluru,Data Analyst,2025-06-18
U2448,User 2448,Hyderabad,Software Engineer,2025-06-12
U2449,User 2449,Bengaluru,Teacher,2024-08-12
U2450,User 2450,Vijayawada,Designer,2024-01-16
U2451,User 2451,Vijayawada,Teacher,2025-03-11
U2452,User 2452,Bengaluru,Student,2024-10-10
U2453,User 2453,Hyderabad,Software Engineer,2026-02-24
U2454,User 2454,Hyderabad,Designer,2023-04-16
U2455,User 2455,Vijayawada,Designer,2024-12-29
U2456,User 2456,Vijayawada,Software Engineer,2023-08-05
U2457,User 2457,Delhi,Student,2023-04-30
U2458,User 2458,Vijayawada,Student,2025-06-15
U2459,User 2459,Bengaluru,Student,2025-07-27
U2460,User 2460,Hyderabad,Data Analyst,2024-08-13
U2461,User 2461,Vijayawada,Software Engineer,2023-09-08
U2462,User 2462,Hyderabad,Designer,2025-05-31
U2463,User 2463,Vijayawada,Software Engineer,2025-05-16
U2464,User 2464,Mumbai,Teacher,2026-04-15
U2465,User 2465,Bengaluru,Teacher,2025-10-05
U2466,User 2466,Delhi,Teacher,2025-11-05
U2467,User 2467,Delhi,Student,2025-08-04
U2468,User 2468,Delhi,Data Analyst,2024-03-03
U2469,User 2469,Vijayawada,Teacher,2024-01-30
U2470,User 2470,Bengaluru,Software Engineer,2024-07-21
U2471,User 2471,Hyderabad,Designer,2025-07-07
U2472,User 2472,Bengaluru,Data Analyst,2024-08-15
U2473,User 2473,Vijayawada,Student,2023-10-25
U2474,User 2474,Hyderabad,Data Analyst,2025-12-22
U2475,User 2475,Hyderabad,Data Analyst,2023-12-16
U2476,User 2476,Delhi,Data Analyst,2024-03-12
U2477,User 2477,Delhi,Student,2024-11-25
U2478,User 2478,Bengaluru,Teacher,2024-04-20
U2479,User 2479,Delhi,Student,2023-01-24
U2480,User 2480,Bengaluru,Data Analyst,2024-08-21
U2481,User 2481,Hyderabad,Software Engineer,2024-04-07
U2482,User 2482,Vijayawada,Software Engineer,2025-05-23
U2483,User 2483,Vijayawada,Software Engineer,2025-11-26
U2484,User 2484,Hyderabad,Data Analyst,2023-02-08
U2485,User 2485,Vijayawada,Designer,2025-05-17
U2486,User 2486,Bengaluru,Student,2025-04-01
U2487,User 2487,Bengaluru,Teacher,2025-10-11
U2488,User 2488,Vijayawada,Student,2023-09-07
U2489,User 2489,Vijayawada,Student,2023-02-18
U2490,User 2490,Mumbai,Teacher,2023-05-07
U2491,User 2491,Mumbai,Software Engineer,2023-07-08
U2492,User 2492,Mumbai,Student,2023-08-23
U2493,User 2493,Vijayawada,Designer,2024-07-16
U2494,User 2494,Hyderabad,Software Engineer,2026-02-04
U2495,User 2495,Mumbai,Student,2024-12-15
U2496,User 2496,Bengaluru,Student,2025-09-30
U2497,User 2497,Mumbai,Software Engineer,2024-04-14
U2498,User 2498,Delhi,Designer,2025-08-20
U2499,User 2499,Bengaluru,Teacher,2025-04-25
U2500,User 2500,Delhi,Designer,2024-03-29
